ISO-10303-21;
HEADER;
/* Generated by software containing ST-Developer
 * from STEP Tools, Inc. (www.steptools.com) 
 */

FILE_DESCRIPTION(
/* description */ (''),
/* implementation_level */ '2;1');

FILE_NAME(
/* name */ 'ornithopter_1.step',
/* time_stamp */ '2026-08-29T13:23:49+05:30',
/* author */ (''),
/* organization */ (''),
/* preprocessor_version */ 'ST-DEVELOPER v20.1',
/* originating_system */ 'Autodesk Translation Framework v15.8.0.0',
/* authorisation */ '');

FILE_SCHEMA (('AUTOMOTIVE_DESIGN { 1 0 10303 214 3 1 1 }'));
ENDSEC;

DATA;
#10=MECHANICAL_DESIGN_GEOMETRIC_PRESENTATION_REPRESENTATION('',(#88,#89,
#90,#91,#92,#93,#94,#95,#96,#97,#98,#99,#100,#101),#7163);
#11=ITEM_DEFINED_TRANSFORMATION($,$,#4222,#4640);
#12=ITEM_DEFINED_TRANSFORMATION($,$,#4265,#4641);
#13=ITEM_DEFINED_TRANSFORMATION($,$,#4287,#4642);
#14=ITEM_DEFINED_TRANSFORMATION($,$,#4304,#4643);
#15=ITEM_DEFINED_TRANSFORMATION($,$,#4321,#4644);
#16=ITEM_DEFINED_TRANSFORMATION($,$,#4345,#4645);
#17=ITEM_DEFINED_TRANSFORMATION($,$,#4369,#4646);
#18=ITEM_DEFINED_TRANSFORMATION($,$,#4387,#4647);
#19=ITEM_DEFINED_TRANSFORMATION($,$,#4419,#4648);
#20=ITEM_DEFINED_TRANSFORMATION($,$,#4429,#4649);
#21=ITEM_DEFINED_TRANSFORMATION($,$,#4478,#4650);
#22=ITEM_DEFINED_TRANSFORMATION($,$,#4559,#4651);
#23=(
REPRESENTATION_RELATIONSHIP($,$,#7207,#7206)
REPRESENTATION_RELATIONSHIP_WITH_TRANSFORMATION(#11)
SHAPE_REPRESENTATION_RELATIONSHIP()
);
#24=(
REPRESENTATION_RELATIONSHIP($,$,#7208,#7206)
REPRESENTATION_RELATIONSHIP_WITH_TRANSFORMATION(#12)
SHAPE_REPRESENTATION_RELATIONSHIP()
);
#25=(
REPRESENTATION_RELATIONSHIP($,$,#7209,#7206)
REPRESENTATION_RELATIONSHIP_WITH_TRANSFORMATION(#13)
SHAPE_REPRESENTATION_RELATIONSHIP()
);
#26=(
REPRESENTATION_RELATIONSHIP($,$,#7210,#7206)
REPRESENTATION_RELATIONSHIP_WITH_TRANSFORMATION(#14)
SHAPE_REPRESENTATION_RELATIONSHIP()
);
#27=(
REPRESENTATION_RELATIONSHIP($,$,#7211,#7206)
REPRESENTATION_RELATIONSHIP_WITH_TRANSFORMATION(#15)
SHAPE_REPRESENTATION_RELATIONSHIP()
);
#28=(
REPRESENTATION_RELATIONSHIP($,$,#7212,#7206)
REPRESENTATION_RELATIONSHIP_WITH_TRANSFORMATION(#16)
SHAPE_REPRESENTATION_RELATIONSHIP()
);
#29=(
REPRESENTATION_RELATIONSHIP($,$,#7213,#7206)
REPRESENTATION_RELATIONSHIP_WITH_TRANSFORMATION(#17)
SHAPE_REPRESENTATION_RELATIONSHIP()
);
#30=(
REPRESENTATION_RELATIONSHIP($,$,#7214,#7206)
REPRESENTATION_RELATIONSHIP_WITH_TRANSFORMATION(#18)
SHAPE_REPRESENTATION_RELATIONSHIP()
);
#31=(
REPRESENTATION_RELATIONSHIP($,$,#7215,#7206)
REPRESENTATION_RELATIONSHIP_WITH_TRANSFORMATION(#19)
SHAPE_REPRESENTATION_RELATIONSHIP()
);
#32=(
REPRESENTATION_RELATIONSHIP($,$,#7216,#7206)
REPRESENTATION_RELATIONSHIP_WITH_TRANSFORMATION(#20)
SHAPE_REPRESENTATION_RELATIONSHIP()
);
#33=(
REPRESENTATION_RELATIONSHIP($,$,#7217,#7206)
REPRESENTATION_RELATIONSHIP_WITH_TRANSFORMATION(#21)
SHAPE_REPRESENTATION_RELATIONSHIP()
);
#34=(
REPRESENTATION_RELATIONSHIP($,$,#7218,#7206)
REPRESENTATION_RELATIONSHIP_WITH_TRANSFORMATION(#22)
SHAPE_REPRESENTATION_RELATIONSHIP()
);
#35=CONTEXT_DEPENDENT_SHAPE_REPRESENTATION(#23,#7194);
#36=CONTEXT_DEPENDENT_SHAPE_REPRESENTATION(#24,#7195);
#37=CONTEXT_DEPENDENT_SHAPE_REPRESENTATION(#25,#7196);
#38=CONTEXT_DEPENDENT_SHAPE_REPRESENTATION(#26,#7197);
#39=CONTEXT_DEPENDENT_SHAPE_REPRESENTATION(#27,#7198);
#40=CONTEXT_DEPENDENT_SHAPE_REPRESENTATION(#28,#7199);
#41=CONTEXT_DEPENDENT_SHAPE_REPRESENTATION(#29,#7200);
#42=CONTEXT_DEPENDENT_SHAPE_REPRESENTATION(#30,#7201);
#43=CONTEXT_DEPENDENT_SHAPE_REPRESENTATION(#31,#7202);
#44=CONTEXT_DEPENDENT_SHAPE_REPRESENTATION(#32,#7203);
#45=CONTEXT_DEPENDENT_SHAPE_REPRESENTATION(#33,#7204);
#46=CONTEXT_DEPENDENT_SHAPE_REPRESENTATION(#34,#7205);
#47=NEXT_ASSEMBLY_USAGE_OCCURRENCE('Component1:1','Component1:1',
'Component1:1',#7220,#7221,'Component1:1');
#48=NEXT_ASSEMBLY_USAGE_OCCURRENCE('Component2:1','Component2:1',
'Component2:1',#7220,#7222,'Component2:1');
#49=NEXT_ASSEMBLY_USAGE_OCCURRENCE('Component3:1','Component3:1',
'Component3:1',#7220,#7223,'Component3:1');
#50=NEXT_ASSEMBLY_USAGE_OCCURRENCE('Component4:1','Component4:1',
'Component4:1',#7220,#7224,'Component4:1');
#51=NEXT_ASSEMBLY_USAGE_OCCURRENCE('Component5:1','Component5:1',
'Component5:1',#7220,#7225,'Component5:1');
#52=NEXT_ASSEMBLY_USAGE_OCCURRENCE('Component5(Mirror):1',
'Component5(Mirror):1','Component5(Mirror):1',#7220,#7226,
'Component5(Mirror):1');
#53=NEXT_ASSEMBLY_USAGE_OCCURRENCE('Component7:1','Component7:1',
'Component7:1',#7220,#7227,'Component7:1');
#54=NEXT_ASSEMBLY_USAGE_OCCURRENCE('Component8:1','Component8:1',
'Component8:1',#7220,#7228,'Component8:1');
#55=NEXT_ASSEMBLY_USAGE_OCCURRENCE('Component9:1','Component9:1',
'Component9:1',#7220,#7229,'Component9:1');
#56=NEXT_ASSEMBLY_USAGE_OCCURRENCE('Component10:1','Component10:1',
'Component10:1',#7220,#7230,'Component10:1');
#57=NEXT_ASSEMBLY_USAGE_OCCURRENCE('Component11:1','Component11:1',
'Component11:1',#7220,#7231,'Component11:1');
#58=NEXT_ASSEMBLY_USAGE_OCCURRENCE('Component11(Mirror):1',
'Component11(Mirror):1','Component11(Mirror):1',#7220,#7232,
'Component11(Mirror):1');
#59=B_SPLINE_CURVE_WITH_KNOTS('',3,(#6695,#6696,#6697,#6698,#6699,#6700,
#6701,#6702,#6703,#6704,#6705),.UNSPECIFIED.,.F.,.F.,(4,2,3,2,4),(-0.103381813468101,
-0.079459948450207,0.,0.0744348781809062,0.102905887566929),
 .UNSPECIFIED.);
#60=B_SPLINE_CURVE_WITH_KNOTS('',3,(#6937,#6938,#6939,#6940,#6941,#6942,
#6943,#6944,#6945,#6946,#6947),.UNSPECIFIED.,.F.,.F.,(4,2,3,2,4),(-0.103381813468101,
-0.079459948450207,0.,0.0744348781809062,0.102905887566929),
 .UNSPECIFIED.);
#61=TOROIDAL_SURFACE('',#4420,2.,1.);
#62=(
BOUNDED_SURFACE()
B_SPLINE_SURFACE(2,2,((#6043,#6044,#6045),(#6046,#6047,#6048),(#6049,#6050,
#6051),(#6052,#6053,#6054),(#6055,#6056,#6057),(#6058,#6059,#6060),(#6061,
#6062,#6063),(#6064,#6065,#6066),(#6067,#6068,#6069)),.UNSPECIFIED.,.T.,
 .F.,.F.)
B_SPLINE_SURFACE_WITH_KNOTS((3,2,2,2,3),(3,3),(-3.14159265358979,-1.5707963267949,
0.,1.5707963267949,3.14159265358979),(0.,0.0444481032365325),
 .UNSPECIFIED.)
GEOMETRIC_REPRESENTATION_ITEM()
RATIONAL_B_SPLINE_SURFACE(((1.,0.999753055929066,1.),(0.707106781186547,
0.706932165359416,0.707106781186547),(1.,0.999753055929066,1.),(0.707106781186547,
0.706932165359416,0.707106781186547),(1.,0.999753055929066,1.),(0.707106781186547,
0.706932165359416,0.707106781186547),(1.,0.999753055929066,1.),(0.707106781186547,
0.706932165359416,0.707106781186547),(1.,0.999753055929066,1.)))
REPRESENTATION_ITEM('')
SURFACE()
);
#63=(
BOUNDED_SURFACE()
B_SPLINE_SURFACE(2,2,((#6076,#6077,#6078),(#6079,#6080,#6081),(#6082,#6083,
#6084),(#6085,#6086,#6087),(#6088,#6089,#6090),(#6091,#6092,#6093),(#6094,
#6095,#6096),(#6097,#6098,#6099),(#6100,#6101,#6102)),.UNSPECIFIED.,.T.,
 .F.,.F.)
B_SPLINE_SURFACE_WITH_KNOTS((3,2,2,2,3),(3,3),(-3.14159265358979,-1.5707963267949,
0.,1.5707963267949,3.14159265358979),(0.,0.0444481032365325),
 .UNSPECIFIED.)
GEOMETRIC_REPRESENTATION_ITEM()
RATIONAL_B_SPLINE_SURFACE(((1.,0.999753055929066,1.),(0.707106781186547,
0.706932165359416,0.707106781186547),(1.,0.999753055929066,1.),(0.707106781186547,
0.706932165359416,0.707106781186547),(1.,0.999753055929066,1.),(0.707106781186547,
0.706932165359416,0.707106781186547),(1.,0.999753055929066,1.),(0.707106781186547,
0.706932165359416,0.707106781186547),(1.,0.999753055929066,1.)))
REPRESENTATION_ITEM('')
SURFACE()
);
#64=SHAPE_REPRESENTATION_RELATIONSHIP('SRR','None',#7207,#76);
#65=SHAPE_REPRESENTATION_RELATIONSHIP('SRR','None',#7208,#77);
#66=SHAPE_REPRESENTATION_RELATIONSHIP('SRR','None',#7209,#78);
#67=SHAPE_REPRESENTATION_RELATIONSHIP('SRR','None',#7210,#79);
#68=SHAPE_REPRESENTATION_RELATIONSHIP('SRR','None',#7211,#80);
#69=SHAPE_REPRESENTATION_RELATIONSHIP('SRR','None',#7212,#81);
#70=SHAPE_REPRESENTATION_RELATIONSHIP('SRR','None',#7213,#82);
#71=SHAPE_REPRESENTATION_RELATIONSHIP('SRR','None',#7214,#83);
#72=SHAPE_REPRESENTATION_RELATIONSHIP('SRR','None',#7215,#84);
#73=SHAPE_REPRESENTATION_RELATIONSHIP('SRR','None',#7216,#85);
#74=SHAPE_REPRESENTATION_RELATIONSHIP('SRR','None',#7217,#86);
#75=SHAPE_REPRESENTATION_RELATIONSHIP('SRR','None',#7218,#87);
#76=ADVANCED_BREP_SHAPE_REPRESENTATION('',(#102),#7151);
#77=ADVANCED_BREP_SHAPE_REPRESENTATION('',(#103),#7152);
#78=ADVANCED_BREP_SHAPE_REPRESENTATION('',(#104),#7153);
#79=ADVANCED_BREP_SHAPE_REPRESENTATION('',(#105),#7154);
#80=ADVANCED_BREP_SHAPE_REPRESENTATION('',(#106),#7155);
#81=ADVANCED_BREP_SHAPE_REPRESENTATION('',(#107),#7156);
#82=ADVANCED_BREP_SHAPE_REPRESENTATION('',(#108),#7157);
#83=ADVANCED_BREP_SHAPE_REPRESENTATION('',(#109),#7158);
#84=ADVANCED_BREP_SHAPE_REPRESENTATION('',(#110),#7159);
#85=ADVANCED_BREP_SHAPE_REPRESENTATION('',(#111),#7160);
#86=ADVANCED_BREP_SHAPE_REPRESENTATION('',(#112,#113),#7161);
#87=ADVANCED_BREP_SHAPE_REPRESENTATION('',(#114,#115),#7162);
#88=STYLED_ITEM('',(#7276),#102);
#89=STYLED_ITEM('',(#7277),#103);
#90=STYLED_ITEM('',(#7278),#104);
#91=STYLED_ITEM('',(#7278),#105);
#92=STYLED_ITEM('',(#7278),#106);
#93=STYLED_ITEM('',(#7278),#107);
#94=STYLED_ITEM('',(#7278),#108);
#95=STYLED_ITEM('',(#7278),#109);
#96=STYLED_ITEM('',(#7275),#110);
#97=STYLED_ITEM('',(#7279),#111);
#98=STYLED_ITEM('',(#7278),#112);
#99=STYLED_ITEM('',(#7279),#113);
#100=STYLED_ITEM('',(#7278),#114);
#101=STYLED_ITEM('',(#7279),#115);
#102=MANIFOLD_SOLID_BREP('Body1',#4074);
#103=MANIFOLD_SOLID_BREP('Body1',#4075);
#104=MANIFOLD_SOLID_BREP('Body1',#4076);
#105=MANIFOLD_SOLID_BREP('Body1',#4077);
#106=MANIFOLD_SOLID_BREP('Body1',#4078);
#107=MANIFOLD_SOLID_BREP('Body1',#4079);
#108=MANIFOLD_SOLID_BREP('Body1',#4080);
#109=MANIFOLD_SOLID_BREP('Body1',#4081);
#110=MANIFOLD_SOLID_BREP('Body1',#4082);
#111=MANIFOLD_SOLID_BREP('Body1',#4083);
#112=MANIFOLD_SOLID_BREP('Body1',#4084);
#113=MANIFOLD_SOLID_BREP('Body4',#4085);
#114=MANIFOLD_SOLID_BREP('Body1',#4086);
#115=MANIFOLD_SOLID_BREP('Body2',#4087);
#116=FACE_BOUND('',#664,.T.);
#117=FACE_BOUND('',#674,.T.);
#118=FACE_BOUND('',#683,.T.);
#119=FACE_BOUND('',#686,.T.);
#120=FACE_BOUND('',#688,.T.);
#121=FACE_BOUND('',#689,.T.);
#122=FACE_BOUND('',#697,.T.);
#123=FACE_BOUND('',#698,.T.);
#124=FACE_BOUND('',#700,.T.);
#125=FACE_BOUND('',#701,.T.);
#126=FACE_BOUND('',#709,.T.);
#127=FACE_BOUND('',#710,.T.);
#128=FACE_BOUND('',#712,.T.);
#129=FACE_BOUND('',#713,.T.);
#130=FACE_BOUND('',#726,.T.);
#131=FACE_BOUND('',#727,.T.);
#132=FACE_BOUND('',#729,.T.);
#133=FACE_BOUND('',#730,.T.);
#134=FACE_BOUND('',#743,.T.);
#135=FACE_BOUND('',#744,.T.);
#136=FACE_BOUND('',#746,.T.);
#137=FACE_BOUND('',#747,.T.);
#138=FACE_BOUND('',#756,.T.);
#139=FACE_BOUND('',#758,.T.);
#140=FACE_BOUND('',#759,.T.);
#141=FACE_BOUND('',#775,.T.);
#142=FACE_BOUND('',#781,.T.);
#143=FACE_BOUND('',#783,.T.);
#144=FACE_BOUND('',#806,.T.);
#145=FACE_BOUND('',#823,.T.);
#146=FACE_BOUND('',#841,.T.);
#147=FACE_BOUND('',#845,.T.);
#148=FACE_BOUND('',#849,.T.);
#149=FACE_BOUND('',#851,.T.);
#150=FACE_BOUND('',#855,.T.);
#151=FACE_BOUND('',#856,.T.);
#152=FACE_BOUND('',#871,.T.);
#153=FACE_BOUND('',#889,.T.);
#154=FACE_BOUND('',#893,.T.);
#155=FACE_BOUND('',#897,.T.);
#156=FACE_BOUND('',#899,.T.);
#157=FACE_BOUND('',#903,.T.);
#158=FACE_BOUND('',#904,.T.);
#159=CYLINDRICAL_SURFACE('',#4236,7.);
#160=CYLINDRICAL_SURFACE('',#4238,5.);
#161=CYLINDRICAL_SURFACE('',#4257,5.);
#162=CYLINDRICAL_SURFACE('',#4259,7.00000000000074);
#163=CYLINDRICAL_SURFACE('',#4262,1.);
#164=CYLINDRICAL_SURFACE('',#4274,1.);
#165=CYLINDRICAL_SURFACE('',#4278,3.);
#166=CYLINDRICAL_SURFACE('',#4282,5.);
#167=CYLINDRICAL_SURFACE('',#4288,1.);
#168=CYLINDRICAL_SURFACE('',#4291,1.);
#169=CYLINDRICAL_SURFACE('',#4295,2.);
#170=CYLINDRICAL_SURFACE('',#4299,2.);
#171=CYLINDRICAL_SURFACE('',#4305,1.);
#172=CYLINDRICAL_SURFACE('',#4308,1.);
#173=CYLINDRICAL_SURFACE('',#4312,2.);
#174=CYLINDRICAL_SURFACE('',#4316,2.);
#175=CYLINDRICAL_SURFACE('',#4322,1.);
#176=CYLINDRICAL_SURFACE('',#4325,1.);
#177=CYLINDRICAL_SURFACE('',#4332,1.);
#178=CYLINDRICAL_SURFACE('',#4336,2.);
#179=CYLINDRICAL_SURFACE('',#4340,2.);
#180=CYLINDRICAL_SURFACE('',#4346,1.);
#181=CYLINDRICAL_SURFACE('',#4349,1.);
#182=CYLINDRICAL_SURFACE('',#4356,1.);
#183=CYLINDRICAL_SURFACE('',#4360,2.);
#184=CYLINDRICAL_SURFACE('',#4364,2.);
#185=CYLINDRICAL_SURFACE('',#4370,1.);
#186=CYLINDRICAL_SURFACE('',#4374,1.);
#187=CYLINDRICAL_SURFACE('',#4378,2.);
#188=CYLINDRICAL_SURFACE('',#4382,2.);
#189=CYLINDRICAL_SURFACE('',#4388,0.600000000000001);
#190=CYLINDRICAL_SURFACE('',#4391,3.);
#191=CYLINDRICAL_SURFACE('',#4394,0.600000000000002);
#192=CYLINDRICAL_SURFACE('',#4410,3.96683752243357);
#193=CYLINDRICAL_SURFACE('',#4425,3.);
#194=CYLINDRICAL_SURFACE('',#4438,95.0000000000362);
#195=CYLINDRICAL_SURFACE('',#4443,95.0000000000237);
#196=CYLINDRICAL_SURFACE('',#4462,220.);
#197=CYLINDRICAL_SURFACE('',#4465,218.);
#198=CYLINDRICAL_SURFACE('',#4470,218.);
#199=CYLINDRICAL_SURFACE('',#4474,220.);
#200=CYLINDRICAL_SURFACE('',#4489,62.0000000430152);
#201=CYLINDRICAL_SURFACE('',#4493,138.);
#202=CYLINDRICAL_SURFACE('',#4495,64.0000000430152);
#203=CYLINDRICAL_SURFACE('',#4497,280.000000000058);
#204=CYLINDRICAL_SURFACE('',#4500,278.000000000057);
#205=CYLINDRICAL_SURFACE('',#4503,96.0000000000001);
#206=CYLINDRICAL_SURFACE('',#4506,94.);
#207=CYLINDRICAL_SURFACE('',#4512,140.);
#208=CYLINDRICAL_SURFACE('',#4518,2.);
#209=CYLINDRICAL_SURFACE('',#4520,1.);
#210=CYLINDRICAL_SURFACE('',#4523,2.);
#211=CYLINDRICAL_SURFACE('',#4527,1.);
#212=CYLINDRICAL_SURFACE('',#4534,2.);
#213=CYLINDRICAL_SURFACE('',#4536,1.);
#214=CYLINDRICAL_SURFACE('',#4539,75.0000000000318);
#215=CYLINDRICAL_SURFACE('',#4542,55.);
#216=CYLINDRICAL_SURFACE('',#4545,94.0000000000001);
#217=CYLINDRICAL_SURFACE('',#4551,62.0000000430152);
#218=CYLINDRICAL_SURFACE('',#4554,140.);
#219=CYLINDRICAL_SURFACE('',#4570,62.0000000430152);
#220=CYLINDRICAL_SURFACE('',#4574,138.);
#221=CYLINDRICAL_SURFACE('',#4576,64.0000000430152);
#222=CYLINDRICAL_SURFACE('',#4578,280.000000000058);
#223=CYLINDRICAL_SURFACE('',#4581,278.000000000057);
#224=CYLINDRICAL_SURFACE('',#4584,96.0000000000001);
#225=CYLINDRICAL_SURFACE('',#4587,94.);
#226=CYLINDRICAL_SURFACE('',#4593,140.);
#227=CYLINDRICAL_SURFACE('',#4599,2.);
#228=CYLINDRICAL_SURFACE('',#4601,1.);
#229=CYLINDRICAL_SURFACE('',#4604,2.);
#230=CYLINDRICAL_SURFACE('',#4608,1.);
#231=CYLINDRICAL_SURFACE('',#4615,2.);
#232=CYLINDRICAL_SURFACE('',#4617,1.);
#233=CYLINDRICAL_SURFACE('',#4620,75.0000000000318);
#234=CYLINDRICAL_SURFACE('',#4623,55.);
#235=CYLINDRICAL_SURFACE('',#4626,94.0000000000001);
#236=CYLINDRICAL_SURFACE('',#4632,62.0000000430152);
#237=CYLINDRICAL_SURFACE('',#4635,140.);
#238=CIRCLE('',#4233,5.);
#239=CIRCLE('',#4234,5.);
#240=CIRCLE('',#4235,7.);
#241=CIRCLE('',#4237,7.);
#242=CIRCLE('',#4239,5.);
#243=CIRCLE('',#4240,5.);
#244=CIRCLE('',#4248,7.00000000000074);
#245=CIRCLE('',#4249,5.);
#246=CIRCLE('',#4250,5.);
#247=CIRCLE('',#4252,1.);
#248=CIRCLE('',#4254,1.);
#249=CIRCLE('',#4256,1.);
#250=CIRCLE('',#4258,5.);
#251=CIRCLE('',#4260,7.00000000000074);
#252=CIRCLE('',#4263,1.);
#253=CIRCLE('',#4266,0.5);
#254=CIRCLE('',#4267,1799.99999999965);
#255=CIRCLE('',#4268,0.5);
#256=CIRCLE('',#4270,0.5);
#257=CIRCLE('',#4271,1799.99999999965);
#258=CIRCLE('',#4272,0.5);
#259=CIRCLE('',#4275,1.);
#260=CIRCLE('',#4276,1.);
#261=CIRCLE('',#4279,3.);
#262=CIRCLE('',#4280,3.);
#263=CIRCLE('',#4283,5.);
#264=CIRCLE('',#4284,5.);
#265=CIRCLE('',#4289,1.);
#266=CIRCLE('',#4290,1.);
#267=CIRCLE('',#4292,1.);
#268=CIRCLE('',#4293,1.);
#269=CIRCLE('',#4296,2.);
#270=CIRCLE('',#4297,2.);
#271=CIRCLE('',#4300,2.);
#272=CIRCLE('',#4301,2.);
#273=CIRCLE('',#4306,1.);
#274=CIRCLE('',#4307,1.);
#275=CIRCLE('',#4309,1.);
#276=CIRCLE('',#4310,1.);
#277=CIRCLE('',#4313,2.);
#278=CIRCLE('',#4314,2.);
#279=CIRCLE('',#4317,2.);
#280=CIRCLE('',#4318,2.);
#281=CIRCLE('',#4323,1.);
#282=CIRCLE('',#4324,1.);
#283=CIRCLE('',#4326,1.);
#284=CIRCLE('',#4327,1.);
#285=CIRCLE('',#4333,1.);
#286=CIRCLE('',#4334,1.);
#287=CIRCLE('',#4337,2.);
#288=CIRCLE('',#4338,2.);
#289=CIRCLE('',#4341,2.);
#290=CIRCLE('',#4342,2.);
#291=CIRCLE('',#4347,1.);
#292=CIRCLE('',#4348,1.);
#293=CIRCLE('',#4350,1.);
#294=CIRCLE('',#4351,1.);
#295=CIRCLE('',#4357,1.);
#296=CIRCLE('',#4358,1.);
#297=CIRCLE('',#4361,2.);
#298=CIRCLE('',#4362,2.);
#299=CIRCLE('',#4365,2.);
#300=CIRCLE('',#4366,2.);
#301=CIRCLE('',#4371,1.);
#302=CIRCLE('',#4372,1.);
#303=CIRCLE('',#4375,1.);
#304=CIRCLE('',#4376,1.);
#305=CIRCLE('',#4379,2.);
#306=CIRCLE('',#4380,2.);
#307=CIRCLE('',#4383,2.);
#308=CIRCLE('',#4384,2.);
#309=CIRCLE('',#4389,0.600000000000001);
#310=CIRCLE('',#4390,0.600000000000001);
#311=CIRCLE('',#4392,3.);
#312=CIRCLE('',#4393,3.);
#313=CIRCLE('',#4395,0.600000000000002);
#314=CIRCLE('',#4396,0.600000000000002);
#315=CIRCLE('',#4398,3.96683752243357);
#316=CIRCLE('',#4400,3.96683752243357);
#317=CIRCLE('',#4411,3.96683752243357);
#318=CIRCLE('',#4412,3.96683752243357);
#319=CIRCLE('',#4421,2.);
#320=CIRCLE('',#4422,1.);
#321=CIRCLE('',#4423,3.);
#322=CIRCLE('',#4424,3.);
#323=CIRCLE('',#4426,3.);
#324=CIRCLE('',#4436,95.0000000000237);
#325=CIRCLE('',#4437,218.);
#326=CIRCLE('',#4439,95.0000000000362);
#327=CIRCLE('',#4440,95.0000000000362);
#328=CIRCLE('',#4441,95.0000000000362);
#329=CIRCLE('',#4442,95.0000000000362);
#330=CIRCLE('',#4444,95.0000000000237);
#331=CIRCLE('',#4445,95.0000000000237);
#332=CIRCLE('',#4446,95.0000000000237);
#333=CIRCLE('',#4450,220.);
#334=CIRCLE('',#4451,220.);
#335=CIRCLE('',#4453,218.);
#336=CIRCLE('',#4456,218.);
#337=CIRCLE('',#4463,220.);
#338=CIRCLE('',#4466,218.);
#339=CIRCLE('',#4471,218.);
#340=CIRCLE('',#4472,218.);
#341=CIRCLE('',#4475,220.);
#342=CIRCLE('',#4481,62.0000000430152);
#343=CIRCLE('',#4482,140.);
#344=CIRCLE('',#4483,138.);
#345=CIRCLE('',#4484,64.0000000430152);
#346=CIRCLE('',#4485,280.000000000058);
#347=CIRCLE('',#4486,278.000000000057);
#348=CIRCLE('',#4487,96.0000000000001);
#349=CIRCLE('',#4488,94.);
#350=CIRCLE('',#4490,62.0000000430152);
#351=CIRCLE('',#4494,138.);
#352=CIRCLE('',#4496,64.0000000430152);
#353=CIRCLE('',#4498,280.000000000058);
#354=CIRCLE('',#4501,278.000000000058);
#355=CIRCLE('',#4504,96.0000000000001);
#356=CIRCLE('',#4507,94.);
#357=CIRCLE('',#4513,140.);
#358=CIRCLE('',#4516,2.);
#359=CIRCLE('',#4517,1.);
#360=CIRCLE('',#4519,2.);
#361=CIRCLE('',#4521,1.);
#362=CIRCLE('',#4524,2.);
#363=CIRCLE('',#4525,2.);
#364=CIRCLE('',#4526,2.);
#365=CIRCLE('',#4528,1.);
#366=CIRCLE('',#4529,1.);
#367=CIRCLE('',#4532,2.);
#368=CIRCLE('',#4533,1.);
#369=CIRCLE('',#4535,2.);
#370=CIRCLE('',#4537,1.);
#371=CIRCLE('',#4540,75.0000000000318);
#372=CIRCLE('',#4541,75.0000000000318);
#373=CIRCLE('',#4543,55.);
#374=CIRCLE('',#4544,55.);
#375=CIRCLE('',#4546,94.0000000000001);
#376=CIRCLE('',#4547,94.0000000000001);
#377=CIRCLE('',#4552,62.0000000430152);
#378=CIRCLE('',#4553,62.0000000430152);
#379=CIRCLE('',#4555,140.);
#380=CIRCLE('',#4556,140.);
#381=CIRCLE('',#4562,94.);
#382=CIRCLE('',#4563,96.0000000000001);
#383=CIRCLE('',#4564,278.000000000057);
#384=CIRCLE('',#4565,280.000000000058);
#385=CIRCLE('',#4566,64.0000000430152);
#386=CIRCLE('',#4567,138.);
#387=CIRCLE('',#4568,140.);
#388=CIRCLE('',#4569,62.0000000430152);
#389=CIRCLE('',#4571,62.0000000430152);
#390=CIRCLE('',#4575,138.);
#391=CIRCLE('',#4577,64.0000000430152);
#392=CIRCLE('',#4579,280.000000000058);
#393=CIRCLE('',#4582,278.000000000058);
#394=CIRCLE('',#4585,96.0000000000001);
#395=CIRCLE('',#4588,94.);
#396=CIRCLE('',#4594,140.);
#397=CIRCLE('',#4597,2.);
#398=CIRCLE('',#4598,1.);
#399=CIRCLE('',#4600,2.);
#400=CIRCLE('',#4602,1.);
#401=CIRCLE('',#4605,2.);
#402=CIRCLE('',#4606,2.);
#403=CIRCLE('',#4607,2.);
#404=CIRCLE('',#4609,1.);
#405=CIRCLE('',#4610,1.);
#406=CIRCLE('',#4613,2.);
#407=CIRCLE('',#4614,1.);
#408=CIRCLE('',#4616,2.);
#409=CIRCLE('',#4618,1.);
#410=CIRCLE('',#4621,75.0000000000318);
#411=CIRCLE('',#4622,75.0000000000318);
#412=CIRCLE('',#4624,55.);
#413=CIRCLE('',#4625,55.);
#414=CIRCLE('',#4627,94.0000000000001);
#415=CIRCLE('',#4628,94.0000000000001);
#416=CIRCLE('',#4633,62.0000000430152);
#417=CIRCLE('',#4634,62.0000000430152);
#418=CIRCLE('',#4636,140.);
#419=CIRCLE('',#4637,140.);
#420=FACE_OUTER_BOUND('',#646,.T.);
#421=FACE_OUTER_BOUND('',#647,.T.);
#422=FACE_OUTER_BOUND('',#648,.T.);
#423=FACE_OUTER_BOUND('',#649,.T.);
#424=FACE_OUTER_BOUND('',#650,.T.);
#425=FACE_OUTER_BOUND('',#651,.T.);
#426=FACE_OUTER_BOUND('',#652,.T.);
#427=FACE_OUTER_BOUND('',#653,.T.);
#428=FACE_OUTER_BOUND('',#654,.T.);
#429=FACE_OUTER_BOUND('',#655,.T.);
#430=FACE_OUTER_BOUND('',#656,.T.);
#431=FACE_OUTER_BOUND('',#657,.T.);
#432=FACE_OUTER_BOUND('',#658,.T.);
#433=FACE_OUTER_BOUND('',#659,.T.);
#434=FACE_OUTER_BOUND('',#660,.T.);
#435=FACE_OUTER_BOUND('',#661,.T.);
#436=FACE_OUTER_BOUND('',#662,.T.);
#437=FACE_OUTER_BOUND('',#663,.T.);
#438=FACE_OUTER_BOUND('',#665,.T.);
#439=FACE_OUTER_BOUND('',#666,.T.);
#440=FACE_OUTER_BOUND('',#667,.T.);
#441=FACE_OUTER_BOUND('',#668,.T.);
#442=FACE_OUTER_BOUND('',#669,.T.);
#443=FACE_OUTER_BOUND('',#670,.T.);
#444=FACE_OUTER_BOUND('',#671,.T.);
#445=FACE_OUTER_BOUND('',#672,.T.);
#446=FACE_OUTER_BOUND('',#673,.T.);
#447=FACE_OUTER_BOUND('',#675,.T.);
#448=FACE_OUTER_BOUND('',#676,.T.);
#449=FACE_OUTER_BOUND('',#677,.T.);
#450=FACE_OUTER_BOUND('',#678,.T.);
#451=FACE_OUTER_BOUND('',#679,.T.);
#452=FACE_OUTER_BOUND('',#680,.T.);
#453=FACE_OUTER_BOUND('',#681,.T.);
#454=FACE_OUTER_BOUND('',#682,.T.);
#455=FACE_OUTER_BOUND('',#684,.T.);
#456=FACE_OUTER_BOUND('',#685,.T.);
#457=FACE_OUTER_BOUND('',#687,.T.);
#458=FACE_OUTER_BOUND('',#690,.T.);
#459=FACE_OUTER_BOUND('',#691,.T.);
#460=FACE_OUTER_BOUND('',#692,.T.);
#461=FACE_OUTER_BOUND('',#693,.T.);
#462=FACE_OUTER_BOUND('',#694,.T.);
#463=FACE_OUTER_BOUND('',#695,.T.);
#464=FACE_OUTER_BOUND('',#696,.T.);
#465=FACE_OUTER_BOUND('',#699,.T.);
#466=FACE_OUTER_BOUND('',#702,.T.);
#467=FACE_OUTER_BOUND('',#703,.T.);
#468=FACE_OUTER_BOUND('',#704,.T.);
#469=FACE_OUTER_BOUND('',#705,.T.);
#470=FACE_OUTER_BOUND('',#706,.T.);
#471=FACE_OUTER_BOUND('',#707,.T.);
#472=FACE_OUTER_BOUND('',#708,.T.);
#473=FACE_OUTER_BOUND('',#711,.T.);
#474=FACE_OUTER_BOUND('',#714,.T.);
#475=FACE_OUTER_BOUND('',#715,.T.);
#476=FACE_OUTER_BOUND('',#716,.T.);
#477=FACE_OUTER_BOUND('',#717,.T.);
#478=FACE_OUTER_BOUND('',#718,.T.);
#479=FACE_OUTER_BOUND('',#719,.T.);
#480=FACE_OUTER_BOUND('',#720,.T.);
#481=FACE_OUTER_BOUND('',#721,.T.);
#482=FACE_OUTER_BOUND('',#722,.T.);
#483=FACE_OUTER_BOUND('',#723,.T.);
#484=FACE_OUTER_BOUND('',#724,.T.);
#485=FACE_OUTER_BOUND('',#725,.T.);
#486=FACE_OUTER_BOUND('',#728,.T.);
#487=FACE_OUTER_BOUND('',#731,.T.);
#488=FACE_OUTER_BOUND('',#732,.T.);
#489=FACE_OUTER_BOUND('',#733,.T.);
#490=FACE_OUTER_BOUND('',#734,.T.);
#491=FACE_OUTER_BOUND('',#735,.T.);
#492=FACE_OUTER_BOUND('',#736,.T.);
#493=FACE_OUTER_BOUND('',#737,.T.);
#494=FACE_OUTER_BOUND('',#738,.T.);
#495=FACE_OUTER_BOUND('',#739,.T.);
#496=FACE_OUTER_BOUND('',#740,.T.);
#497=FACE_OUTER_BOUND('',#741,.T.);
#498=FACE_OUTER_BOUND('',#742,.T.);
#499=FACE_OUTER_BOUND('',#745,.T.);
#500=FACE_OUTER_BOUND('',#748,.T.);
#501=FACE_OUTER_BOUND('',#749,.T.);
#502=FACE_OUTER_BOUND('',#750,.T.);
#503=FACE_OUTER_BOUND('',#751,.T.);
#504=FACE_OUTER_BOUND('',#752,.T.);
#505=FACE_OUTER_BOUND('',#753,.T.);
#506=FACE_OUTER_BOUND('',#754,.T.);
#507=FACE_OUTER_BOUND('',#755,.T.);
#508=FACE_OUTER_BOUND('',#757,.T.);
#509=FACE_OUTER_BOUND('',#760,.T.);
#510=FACE_OUTER_BOUND('',#761,.T.);
#511=FACE_OUTER_BOUND('',#762,.T.);
#512=FACE_OUTER_BOUND('',#763,.T.);
#513=FACE_OUTER_BOUND('',#764,.T.);
#514=FACE_OUTER_BOUND('',#765,.T.);
#515=FACE_OUTER_BOUND('',#766,.T.);
#516=FACE_OUTER_BOUND('',#767,.T.);
#517=FACE_OUTER_BOUND('',#768,.T.);
#518=FACE_OUTER_BOUND('',#769,.T.);
#519=FACE_OUTER_BOUND('',#770,.T.);
#520=FACE_OUTER_BOUND('',#771,.T.);
#521=FACE_OUTER_BOUND('',#772,.T.);
#522=FACE_OUTER_BOUND('',#773,.T.);
#523=FACE_OUTER_BOUND('',#774,.T.);
#524=FACE_OUTER_BOUND('',#776,.T.);
#525=FACE_OUTER_BOUND('',#777,.T.);
#526=FACE_OUTER_BOUND('',#778,.T.);
#527=FACE_OUTER_BOUND('',#779,.T.);
#528=FACE_OUTER_BOUND('',#780,.T.);
#529=FACE_OUTER_BOUND('',#782,.T.);
#530=FACE_OUTER_BOUND('',#784,.T.);
#531=FACE_OUTER_BOUND('',#785,.T.);
#532=FACE_OUTER_BOUND('',#786,.T.);
#533=FACE_OUTER_BOUND('',#787,.T.);
#534=FACE_OUTER_BOUND('',#788,.T.);
#535=FACE_OUTER_BOUND('',#789,.T.);
#536=FACE_OUTER_BOUND('',#790,.T.);
#537=FACE_OUTER_BOUND('',#791,.T.);
#538=FACE_OUTER_BOUND('',#792,.T.);
#539=FACE_OUTER_BOUND('',#793,.T.);
#540=FACE_OUTER_BOUND('',#794,.T.);
#541=FACE_OUTER_BOUND('',#795,.T.);
#542=FACE_OUTER_BOUND('',#796,.T.);
#543=FACE_OUTER_BOUND('',#797,.T.);
#544=FACE_OUTER_BOUND('',#798,.T.);
#545=FACE_OUTER_BOUND('',#799,.T.);
#546=FACE_OUTER_BOUND('',#800,.T.);
#547=FACE_OUTER_BOUND('',#801,.T.);
#548=FACE_OUTER_BOUND('',#802,.T.);
#549=FACE_OUTER_BOUND('',#803,.T.);
#550=FACE_OUTER_BOUND('',#804,.T.);
#551=FACE_OUTER_BOUND('',#805,.T.);
#552=FACE_OUTER_BOUND('',#807,.T.);
#553=FACE_OUTER_BOUND('',#808,.T.);
#554=FACE_OUTER_BOUND('',#809,.T.);
#555=FACE_OUTER_BOUND('',#810,.T.);
#556=FACE_OUTER_BOUND('',#811,.T.);
#557=FACE_OUTER_BOUND('',#812,.T.);
#558=FACE_OUTER_BOUND('',#813,.T.);
#559=FACE_OUTER_BOUND('',#814,.T.);
#560=FACE_OUTER_BOUND('',#815,.T.);
#561=FACE_OUTER_BOUND('',#816,.T.);
#562=FACE_OUTER_BOUND('',#817,.T.);
#563=FACE_OUTER_BOUND('',#818,.T.);
#564=FACE_OUTER_BOUND('',#819,.T.);
#565=FACE_OUTER_BOUND('',#820,.T.);
#566=FACE_OUTER_BOUND('',#821,.T.);
#567=FACE_OUTER_BOUND('',#822,.T.);
#568=FACE_OUTER_BOUND('',#824,.T.);
#569=FACE_OUTER_BOUND('',#825,.T.);
#570=FACE_OUTER_BOUND('',#826,.T.);
#571=FACE_OUTER_BOUND('',#827,.T.);
#572=FACE_OUTER_BOUND('',#828,.T.);
#573=FACE_OUTER_BOUND('',#829,.T.);
#574=FACE_OUTER_BOUND('',#830,.T.);
#575=FACE_OUTER_BOUND('',#831,.T.);
#576=FACE_OUTER_BOUND('',#832,.T.);
#577=FACE_OUTER_BOUND('',#833,.T.);
#578=FACE_OUTER_BOUND('',#834,.T.);
#579=FACE_OUTER_BOUND('',#835,.T.);
#580=FACE_OUTER_BOUND('',#836,.T.);
#581=FACE_OUTER_BOUND('',#837,.T.);
#582=FACE_OUTER_BOUND('',#838,.T.);
#583=FACE_OUTER_BOUND('',#839,.T.);
#584=FACE_OUTER_BOUND('',#840,.T.);
#585=FACE_OUTER_BOUND('',#842,.T.);
#586=FACE_OUTER_BOUND('',#843,.T.);
#587=FACE_OUTER_BOUND('',#844,.T.);
#588=FACE_OUTER_BOUND('',#846,.T.);
#589=FACE_OUTER_BOUND('',#847,.T.);
#590=FACE_OUTER_BOUND('',#848,.T.);
#591=FACE_OUTER_BOUND('',#850,.T.);
#592=FACE_OUTER_BOUND('',#852,.T.);
#593=FACE_OUTER_BOUND('',#853,.T.);
#594=FACE_OUTER_BOUND('',#854,.T.);
#595=FACE_OUTER_BOUND('',#857,.T.);
#596=FACE_OUTER_BOUND('',#858,.T.);
#597=FACE_OUTER_BOUND('',#859,.T.);
#598=FACE_OUTER_BOUND('',#860,.T.);
#599=FACE_OUTER_BOUND('',#861,.T.);
#600=FACE_OUTER_BOUND('',#862,.T.);
#601=FACE_OUTER_BOUND('',#863,.T.);
#602=FACE_OUTER_BOUND('',#864,.T.);
#603=FACE_OUTER_BOUND('',#865,.T.);
#604=FACE_OUTER_BOUND('',#866,.T.);
#605=FACE_OUTER_BOUND('',#867,.T.);
#606=FACE_OUTER_BOUND('',#868,.T.);
#607=FACE_OUTER_BOUND('',#869,.T.);
#608=FACE_OUTER_BOUND('',#870,.T.);
#609=FACE_OUTER_BOUND('',#872,.T.);
#610=FACE_OUTER_BOUND('',#873,.T.);
#611=FACE_OUTER_BOUND('',#874,.T.);
#612=FACE_OUTER_BOUND('',#875,.T.);
#613=FACE_OUTER_BOUND('',#876,.T.);
#614=FACE_OUTER_BOUND('',#877,.T.);
#615=FACE_OUTER_BOUND('',#878,.T.);
#616=FACE_OUTER_BOUND('',#879,.T.);
#617=FACE_OUTER_BOUND('',#880,.T.);
#618=FACE_OUTER_BOUND('',#881,.T.);
#619=FACE_OUTER_BOUND('',#882,.T.);
#620=FACE_OUTER_BOUND('',#883,.T.);
#621=FACE_OUTER_BOUND('',#884,.T.);
#622=FACE_OUTER_BOUND('',#885,.T.);
#623=FACE_OUTER_BOUND('',#886,.T.);
#624=FACE_OUTER_BOUND('',#887,.T.);
#625=FACE_OUTER_BOUND('',#888,.T.);
#626=FACE_OUTER_BOUND('',#890,.T.);
#627=FACE_OUTER_BOUND('',#891,.T.);
#628=FACE_OUTER_BOUND('',#892,.T.);
#629=FACE_OUTER_BOUND('',#894,.T.);
#630=FACE_OUTER_BOUND('',#895,.T.);
#631=FACE_OUTER_BOUND('',#896,.T.);
#632=FACE_OUTER_BOUND('',#898,.T.);
#633=FACE_OUTER_BOUND('',#900,.T.);
#634=FACE_OUTER_BOUND('',#901,.T.);
#635=FACE_OUTER_BOUND('',#902,.T.);
#636=FACE_OUTER_BOUND('',#905,.T.);
#637=FACE_OUTER_BOUND('',#906,.T.);
#638=FACE_OUTER_BOUND('',#907,.T.);
#639=FACE_OUTER_BOUND('',#908,.T.);
#640=FACE_OUTER_BOUND('',#909,.T.);
#641=FACE_OUTER_BOUND('',#910,.T.);
#642=FACE_OUTER_BOUND('',#911,.T.);
#643=FACE_OUTER_BOUND('',#912,.T.);
#644=FACE_OUTER_BOUND('',#913,.T.);
#645=FACE_OUTER_BOUND('',#914,.T.);
#646=EDGE_LOOP('',(#2588,#2589,#2590,#2591));
#647=EDGE_LOOP('',(#2592,#2593,#2594,#2595));
#648=EDGE_LOOP('',(#2596,#2597,#2598,#2599));
#649=EDGE_LOOP('',(#2600,#2601,#2602,#2603));
#650=EDGE_LOOP('',(#2604,#2605,#2606,#2607));
#651=EDGE_LOOP('',(#2608,#2609,#2610,#2611));
#652=EDGE_LOOP('',(#2612,#2613,#2614,#2615));
#653=EDGE_LOOP('',(#2616,#2617,#2618,#2619));
#654=EDGE_LOOP('',(#2620,#2621,#2622,#2623));
#655=EDGE_LOOP('',(#2624,#2625,#2626,#2627,#2628,#2629,#2630));
#656=EDGE_LOOP('',(#2631,#2632,#2633,#2634));
#657=EDGE_LOOP('',(#2635,#2636,#2637,#2638,#2639,#2640));
#658=EDGE_LOOP('',(#2641,#2642,#2643,#2644,#2645,#2646,#2647));
#659=EDGE_LOOP('',(#2648,#2649,#2650,#2651,#2652,#2653,#2654,#2655,#2656,
#2657,#2658,#2659,#2660,#2661,#2662,#2663));
#660=EDGE_LOOP('',(#2664,#2665,#2666,#2667,#2668,#2669));
#661=EDGE_LOOP('',(#2670,#2671,#2672,#2673,#2674));
#662=EDGE_LOOP('',(#2675,#2676,#2677,#2678));
#663=EDGE_LOOP('',(#2679,#2680,#2681,#2682));
#664=EDGE_LOOP('',(#2683,#2684,#2685,#2686));
#665=EDGE_LOOP('',(#2687,#2688,#2689,#2690,#2691,#2692,#2693));
#666=EDGE_LOOP('',(#2694,#2695,#2696,#2697));
#667=EDGE_LOOP('',(#2698));
#668=EDGE_LOOP('',(#2699));
#669=EDGE_LOOP('',(#2700,#2701,#2702,#2703,#2704));
#670=EDGE_LOOP('',(#2705,#2706,#2707,#2708));
#671=EDGE_LOOP('',(#2709,#2710,#2711,#2712,#2713,#2714,#2715,#2716,#2717,
#2718,#2719,#2720,#2721,#2722,#2723,#2724));
#672=EDGE_LOOP('',(#2725,#2726,#2727,#2728,#2729,#2730,#2731,#2732,#2733,
#2734));
#673=EDGE_LOOP('',(#2735,#2736,#2737,#2738));
#674=EDGE_LOOP('',(#2739));
#675=EDGE_LOOP('',(#2740,#2741,#2742,#2743));
#676=EDGE_LOOP('',(#2744));
#677=EDGE_LOOP('',(#2745,#2746,#2747,#2748));
#678=EDGE_LOOP('',(#2749));
#679=EDGE_LOOP('',(#2750,#2751,#2752,#2753));
#680=EDGE_LOOP('',(#2754));
#681=EDGE_LOOP('',(#2755,#2756,#2757,#2758));
#682=EDGE_LOOP('',(#2759));
#683=EDGE_LOOP('',(#2760));
#684=EDGE_LOOP('',(#2761,#2762,#2763,#2764));
#685=EDGE_LOOP('',(#2765));
#686=EDGE_LOOP('',(#2766));
#687=EDGE_LOOP('',(#2767));
#688=EDGE_LOOP('',(#2768));
#689=EDGE_LOOP('',(#2769));
#690=EDGE_LOOP('',(#2770,#2771,#2772,#2773));
#691=EDGE_LOOP('',(#2774,#2775,#2776,#2777));
#692=EDGE_LOOP('',(#2778,#2779,#2780,#2781));
#693=EDGE_LOOP('',(#2782,#2783,#2784,#2785));
#694=EDGE_LOOP('',(#2786,#2787,#2788,#2789));
#695=EDGE_LOOP('',(#2790,#2791,#2792,#2793));
#696=EDGE_LOOP('',(#2794,#2795,#2796,#2797));
#697=EDGE_LOOP('',(#2798));
#698=EDGE_LOOP('',(#2799));
#699=EDGE_LOOP('',(#2800,#2801,#2802,#2803));
#700=EDGE_LOOP('',(#2804));
#701=EDGE_LOOP('',(#2805));
#702=EDGE_LOOP('',(#2806,#2807,#2808,#2809));
#703=EDGE_LOOP('',(#2810,#2811,#2812,#2813));
#704=EDGE_LOOP('',(#2814,#2815,#2816,#2817));
#705=EDGE_LOOP('',(#2818,#2819,#2820,#2821));
#706=EDGE_LOOP('',(#2822,#2823,#2824,#2825));
#707=EDGE_LOOP('',(#2826,#2827,#2828,#2829));
#708=EDGE_LOOP('',(#2830,#2831,#2832,#2833));
#709=EDGE_LOOP('',(#2834));
#710=EDGE_LOOP('',(#2835));
#711=EDGE_LOOP('',(#2836,#2837,#2838,#2839));
#712=EDGE_LOOP('',(#2840));
#713=EDGE_LOOP('',(#2841));
#714=EDGE_LOOP('',(#2842,#2843,#2844,#2845));
#715=EDGE_LOOP('',(#2846,#2847,#2848,#2849));
#716=EDGE_LOOP('',(#2850));
#717=EDGE_LOOP('',(#2851));
#718=EDGE_LOOP('',(#2852,#2853,#2854,#2855));
#719=EDGE_LOOP('',(#2856,#2857,#2858,#2859));
#720=EDGE_LOOP('',(#2860,#2861,#2862,#2863));
#721=EDGE_LOOP('',(#2864,#2865,#2866,#2867));
#722=EDGE_LOOP('',(#2868,#2869,#2870,#2871));
#723=EDGE_LOOP('',(#2872,#2873,#2874,#2875));
#724=EDGE_LOOP('',(#2876,#2877,#2878,#2879));
#725=EDGE_LOOP('',(#2880,#2881,#2882,#2883));
#726=EDGE_LOOP('',(#2884));
#727=EDGE_LOOP('',(#2885,#2886,#2887));
#728=EDGE_LOOP('',(#2888,#2889,#2890,#2891));
#729=EDGE_LOOP('',(#2892));
#730=EDGE_LOOP('',(#2893,#2894,#2895));
#731=EDGE_LOOP('',(#2896,#2897,#2898,#2899));
#732=EDGE_LOOP('',(#2900,#2901,#2902,#2903));
#733=EDGE_LOOP('',(#2904));
#734=EDGE_LOOP('',(#2905));
#735=EDGE_LOOP('',(#2906,#2907,#2908,#2909));
#736=EDGE_LOOP('',(#2910,#2911,#2912,#2913));
#737=EDGE_LOOP('',(#2914,#2915,#2916,#2917));
#738=EDGE_LOOP('',(#2918,#2919,#2920,#2921));
#739=EDGE_LOOP('',(#2922,#2923,#2924,#2925));
#740=EDGE_LOOP('',(#2926,#2927,#2928,#2929));
#741=EDGE_LOOP('',(#2930,#2931,#2932,#2933));
#742=EDGE_LOOP('',(#2934,#2935,#2936,#2937));
#743=EDGE_LOOP('',(#2938));
#744=EDGE_LOOP('',(#2939,#2940,#2941));
#745=EDGE_LOOP('',(#2942,#2943,#2944,#2945));
#746=EDGE_LOOP('',(#2946));
#747=EDGE_LOOP('',(#2947,#2948,#2949));
#748=EDGE_LOOP('',(#2950,#2951,#2952,#2953));
#749=EDGE_LOOP('',(#2954));
#750=EDGE_LOOP('',(#2955,#2956,#2957,#2958));
#751=EDGE_LOOP('',(#2959,#2960,#2961,#2962));
#752=EDGE_LOOP('',(#2963,#2964,#2965,#2966));
#753=EDGE_LOOP('',(#2967,#2968,#2969,#2970));
#754=EDGE_LOOP('',(#2971,#2972,#2973,#2974));
#755=EDGE_LOOP('',(#2975,#2976,#2977,#2978));
#756=EDGE_LOOP('',(#2979));
#757=EDGE_LOOP('',(#2980,#2981,#2982,#2983));
#758=EDGE_LOOP('',(#2984));
#759=EDGE_LOOP('',(#2985));
#760=EDGE_LOOP('',(#2986,#2987,#2988,#2989));
#761=EDGE_LOOP('',(#2990,#2991,#2992,#2993));
#762=EDGE_LOOP('',(#2994,#2995,#2996,#2997));
#763=EDGE_LOOP('',(#2998,#2999,#3000,#3001));
#764=EDGE_LOOP('',(#3002,#3003,#3004,#3005));
#765=EDGE_LOOP('',(#3006,#3007,#3008,#3009));
#766=EDGE_LOOP('',(#3010,#3011,#3012,#3013));
#767=EDGE_LOOP('',(#3014,#3015,#3016,#3017));
#768=EDGE_LOOP('',(#3018,#3019,#3020,#3021));
#769=EDGE_LOOP('',(#3022,#3023,#3024,#3025));
#770=EDGE_LOOP('',(#3026,#3027,#3028,#3029));
#771=EDGE_LOOP('',(#3030,#3031,#3032,#3033,#3034,#3035,#3036,#3037));
#772=EDGE_LOOP('',(#3038,#3039,#3040,#3041));
#773=EDGE_LOOP('',(#3042,#3043,#3044,#3045));
#774=EDGE_LOOP('',(#3046,#3047,#3048,#3049));
#775=EDGE_LOOP('',(#3050,#3051,#3052,#3053));
#776=EDGE_LOOP('',(#3054,#3055,#3056,#3057));
#777=EDGE_LOOP('',(#3058,#3059,#3060,#3061));
#778=EDGE_LOOP('',(#3062,#3063,#3064,#3065));
#779=EDGE_LOOP('',(#3066,#3067,#3068,#3069));
#780=EDGE_LOOP('',(#3070,#3071,#3072,#3073,#3074,#3075));
#781=EDGE_LOOP('',(#3076,#3077,#3078,#3079));
#782=EDGE_LOOP('',(#3080,#3081,#3082,#3083,#3084,#3085));
#783=EDGE_LOOP('',(#3086,#3087,#3088,#3089,#3090,#3091,#3092,#3093));
#784=EDGE_LOOP('',(#3094,#3095,#3096,#3097,#3098));
#785=EDGE_LOOP('',(#3099,#3100,#3101,#3102,#3103));
#786=EDGE_LOOP('',(#3104));
#787=EDGE_LOOP('',(#3105));
#788=EDGE_LOOP('',(#3106,#3107,#3108,#3109));
#789=EDGE_LOOP('',(#3110,#3111,#3112,#3113));
#790=EDGE_LOOP('',(#3114,#3115,#3116,#3117));
#791=EDGE_LOOP('',(#3118,#3119,#3120,#3121));
#792=EDGE_LOOP('',(#3122,#3123,#3124,#3125));
#793=EDGE_LOOP('',(#3126,#3127,#3128));
#794=EDGE_LOOP('',(#3129,#3130,#3131,#3132,#3133,#3134));
#795=EDGE_LOOP('',(#3135,#3136,#3137,#3138,#3139,#3140));
#796=EDGE_LOOP('',(#3141,#3142,#3143,#3144));
#797=EDGE_LOOP('',(#3145,#3146,#3147,#3148));
#798=EDGE_LOOP('',(#3149,#3150,#3151,#3152,#3153,#3154));
#799=EDGE_LOOP('',(#3155,#3156,#3157));
#800=EDGE_LOOP('',(#3158,#3159,#3160));
#801=EDGE_LOOP('',(#3161,#3162,#3163));
#802=EDGE_LOOP('',(#3164,#3165,#3166));
#803=EDGE_LOOP('',(#3167,#3168,#3169,#3170,#3171));
#804=EDGE_LOOP('',(#3172,#3173,#3174,#3175));
#805=EDGE_LOOP('',(#3176,#3177,#3178,#3179));
#806=EDGE_LOOP('',(#3180,#3181,#3182,#3183));
#807=EDGE_LOOP('',(#3184,#3185,#3186,#3187));
#808=EDGE_LOOP('',(#3188,#3189,#3190,#3191,#3192,#3193));
#809=EDGE_LOOP('',(#3194,#3195,#3196,#3197));
#810=EDGE_LOOP('',(#3198,#3199,#3200,#3201,#3202));
#811=EDGE_LOOP('',(#3203,#3204,#3205,#3206,#3207));
#812=EDGE_LOOP('',(#3208,#3209,#3210,#3211,#3212));
#813=EDGE_LOOP('',(#3213,#3214,#3215,#3216,#3217));
#814=EDGE_LOOP('',(#3218,#3219,#3220,#3221,#3222));
#815=EDGE_LOOP('',(#3223,#3224,#3225,#3226));
#816=EDGE_LOOP('',(#3227,#3228,#3229,#3230,#3231,#3232));
#817=EDGE_LOOP('',(#3233,#3234,#3235));
#818=EDGE_LOOP('',(#3236,#3237,#3238,#3239,#3240,#3241,#3242,#3243,#3244,
#3245,#3246,#3247));
#819=EDGE_LOOP('',(#3248,#3249,#3250,#3251));
#820=EDGE_LOOP('',(#3252,#3253,#3254,#3255,#3256,#3257,#3258,#3259,#3260,
#3261,#3262,#3263,#3264,#3265,#3266,#3267,#3268,#3269,#3270,#3271,#3272));
#821=EDGE_LOOP('',(#3273,#3274,#3275,#3276));
#822=EDGE_LOOP('',(#3277,#3278,#3279,#3280,#3281,#3282,#3283,#3284));
#823=EDGE_LOOP('',(#3285,#3286,#3287,#3288));
#824=EDGE_LOOP('',(#3289,#3290,#3291,#3292));
#825=EDGE_LOOP('',(#3293,#3294,#3295,#3296));
#826=EDGE_LOOP('',(#3297,#3298,#3299,#3300));
#827=EDGE_LOOP('',(#3301,#3302,#3303,#3304));
#828=EDGE_LOOP('',(#3305,#3306,#3307,#3308));
#829=EDGE_LOOP('',(#3309,#3310,#3311,#3312));
#830=EDGE_LOOP('',(#3313,#3314,#3315,#3316));
#831=EDGE_LOOP('',(#3317,#3318,#3319,#3320));
#832=EDGE_LOOP('',(#3321,#3322,#3323,#3324));
#833=EDGE_LOOP('',(#3325,#3326,#3327,#3328));
#834=EDGE_LOOP('',(#3329,#3330,#3331,#3332));
#835=EDGE_LOOP('',(#3333,#3334,#3335,#3336));
#836=EDGE_LOOP('',(#3337,#3338,#3339,#3340));
#837=EDGE_LOOP('',(#3341,#3342,#3343,#3344));
#838=EDGE_LOOP('',(#3345,#3346,#3347,#3348));
#839=EDGE_LOOP('',(#3349,#3350,#3351,#3352,#3353,#3354,#3355,#3356,#3357,
#3358,#3359,#3360,#3361,#3362,#3363,#3364,#3365,#3366,#3367,#3368,#3369));
#840=EDGE_LOOP('',(#3370,#3371));
#841=EDGE_LOOP('',(#3372));
#842=EDGE_LOOP('',(#3373,#3374,#3375,#3376));
#843=EDGE_LOOP('',(#3377,#3378,#3379,#3380));
#844=EDGE_LOOP('',(#3381,#3382));
#845=EDGE_LOOP('',(#3383));
#846=EDGE_LOOP('',(#3384,#3385,#3386,#3387,#3388,#3389,#3390,#3391));
#847=EDGE_LOOP('',(#3392,#3393,#3394,#3395));
#848=EDGE_LOOP('',(#3396,#3397,#3398,#3399,#3400,#3401,#3402,#3403,#3404,
#3405));
#849=EDGE_LOOP('',(#3406));
#850=EDGE_LOOP('',(#3407,#3408));
#851=EDGE_LOOP('',(#3409));
#852=EDGE_LOOP('',(#3410,#3411,#3412,#3413));
#853=EDGE_LOOP('',(#3414,#3415,#3416,#3417));
#854=EDGE_LOOP('',(#3418,#3419,#3420,#3421,#3422,#3423,#3424,#3425));
#855=EDGE_LOOP('',(#3426));
#856=EDGE_LOOP('',(#3427));
#857=EDGE_LOOP('',(#3428,#3429,#3430,#3431));
#858=EDGE_LOOP('',(#3432,#3433,#3434,#3435));
#859=EDGE_LOOP('',(#3436,#3437,#3438,#3439));
#860=EDGE_LOOP('',(#3440,#3441,#3442,#3443));
#861=EDGE_LOOP('',(#3444,#3445,#3446,#3447));
#862=EDGE_LOOP('',(#3448,#3449,#3450,#3451));
#863=EDGE_LOOP('',(#3452,#3453,#3454,#3455));
#864=EDGE_LOOP('',(#3456,#3457,#3458,#3459));
#865=EDGE_LOOP('',(#3460,#3461,#3462,#3463,#3464,#3465,#3466,#3467));
#866=EDGE_LOOP('',(#3468,#3469,#3470,#3471,#3472,#3473,#3474,#3475));
#867=EDGE_LOOP('',(#3476,#3477,#3478,#3479));
#868=EDGE_LOOP('',(#3480,#3481,#3482,#3483,#3484,#3485,#3486,#3487,#3488,
#3489,#3490,#3491,#3492,#3493,#3494,#3495,#3496,#3497,#3498,#3499,#3500));
#869=EDGE_LOOP('',(#3501,#3502,#3503,#3504));
#870=EDGE_LOOP('',(#3505,#3506,#3507,#3508,#3509,#3510,#3511,#3512));
#871=EDGE_LOOP('',(#3513,#3514,#3515,#3516));
#872=EDGE_LOOP('',(#3517,#3518,#3519,#3520));
#873=EDGE_LOOP('',(#3521,#3522,#3523,#3524));
#874=EDGE_LOOP('',(#3525,#3526,#3527,#3528));
#875=EDGE_LOOP('',(#3529,#3530,#3531,#3532));
#876=EDGE_LOOP('',(#3533,#3534,#3535,#3536));
#877=EDGE_LOOP('',(#3537,#3538,#3539,#3540));
#878=EDGE_LOOP('',(#3541,#3542,#3543,#3544));
#879=EDGE_LOOP('',(#3545,#3546,#3547,#3548));
#880=EDGE_LOOP('',(#3549,#3550,#3551,#3552));
#881=EDGE_LOOP('',(#3553,#3554,#3555,#3556));
#882=EDGE_LOOP('',(#3557,#3558,#3559,#3560));
#883=EDGE_LOOP('',(#3561,#3562,#3563,#3564));
#884=EDGE_LOOP('',(#3565,#3566,#3567,#3568));
#885=EDGE_LOOP('',(#3569,#3570,#3571,#3572));
#886=EDGE_LOOP('',(#3573,#3574,#3575,#3576));
#887=EDGE_LOOP('',(#3577,#3578,#3579,#3580,#3581,#3582,#3583,#3584,#3585,
#3586,#3587,#3588,#3589,#3590,#3591,#3592,#3593,#3594,#3595,#3596,#3597));
#888=EDGE_LOOP('',(#3598,#3599));
#889=EDGE_LOOP('',(#3600));
#890=EDGE_LOOP('',(#3601,#3602,#3603,#3604));
#891=EDGE_LOOP('',(#3605,#3606,#3607,#3608));
#892=EDGE_LOOP('',(#3609,#3610));
#893=EDGE_LOOP('',(#3611));
#894=EDGE_LOOP('',(#3612,#3613,#3614,#3615,#3616,#3617,#3618,#3619));
#895=EDGE_LOOP('',(#3620,#3621,#3622,#3623));
#896=EDGE_LOOP('',(#3624,#3625,#3626,#3627,#3628,#3629,#3630,#3631,#3632,
#3633));
#897=EDGE_LOOP('',(#3634));
#898=EDGE_LOOP('',(#3635,#3636));
#899=EDGE_LOOP('',(#3637));
#900=EDGE_LOOP('',(#3638,#3639,#3640,#3641));
#901=EDGE_LOOP('',(#3642,#3643,#3644,#3645));
#902=EDGE_LOOP('',(#3646,#3647,#3648,#3649,#3650,#3651,#3652,#3653));
#903=EDGE_LOOP('',(#3654));
#904=EDGE_LOOP('',(#3655));
#905=EDGE_LOOP('',(#3656,#3657,#3658,#3659));
#906=EDGE_LOOP('',(#3660,#3661,#3662,#3663));
#907=EDGE_LOOP('',(#3664,#3665,#3666,#3667));
#908=EDGE_LOOP('',(#3668,#3669,#3670,#3671));
#909=EDGE_LOOP('',(#3672,#3673,#3674,#3675));
#910=EDGE_LOOP('',(#3676,#3677,#3678,#3679));
#911=EDGE_LOOP('',(#3680,#3681,#3682,#3683));
#912=EDGE_LOOP('',(#3684,#3685,#3686,#3687));
#913=EDGE_LOOP('',(#3688,#3689,#3690,#3691,#3692,#3693,#3694,#3695));
#914=EDGE_LOOP('',(#3696,#3697,#3698,#3699,#3700,#3701,#3702,#3703));
#915=LINE('',#5893,#1289);
#916=LINE('',#5895,#1290);
#917=LINE('',#5897,#1291);
#918=LINE('',#5898,#1292);
#919=LINE('',#5902,#1293);
#920=LINE('',#5903,#1294);
#921=LINE('',#5904,#1295);
#922=LINE('',#5908,#1296);
#923=LINE('',#5909,#1297);
#924=LINE('',#5910,#1298);
#925=LINE('',#5913,#1299);
#926=LINE('',#5915,#1300);
#927=LINE('',#5916,#1301);
#928=LINE('',#5920,#1302);
#929=LINE('',#5922,#1303);
#930=LINE('',#5924,#1304);
#931=LINE('',#5925,#1305);
#932=LINE('',#5928,#1306);
#933=LINE('',#5930,#1307);
#934=LINE('',#5931,#1308);
#935=LINE('',#5934,#1309);
#936=LINE('',#5936,#1310);
#937=LINE('',#5937,#1311);
#938=LINE('',#5939,#1312);
#939=LINE('',#5940,#1313);
#940=LINE('',#5945,#1314);
#941=LINE('',#5947,#1315);
#942=LINE('',#5952,#1316);
#943=LINE('',#5954,#1317);
#944=LINE('',#5958,#1318);
#945=LINE('',#5960,#1319);
#946=LINE('',#5964,#1320);
#947=LINE('',#5970,#1321);
#948=LINE('',#5972,#1322);
#949=LINE('',#5973,#1323);
#950=LINE('',#5974,#1324);
#951=LINE('',#5977,#1325);
#952=LINE('',#5979,#1326);
#953=LINE('',#5981,#1327);
#954=LINE('',#5983,#1328);
#955=LINE('',#5985,#1329);
#956=LINE('',#5986,#1330);
#957=LINE('',#5988,#1331);
#958=LINE('',#5990,#1332);
#959=LINE('',#5991,#1333);
#960=LINE('',#5994,#1334);
#961=LINE('',#5996,#1335);
#962=LINE('',#5997,#1336);
#963=LINE('',#6000,#1337);
#964=LINE('',#6001,#1338);
#965=LINE('',#6004,#1339);
#966=LINE('',#6005,#1340);
#967=LINE('',#6007,#1341);
#968=LINE('',#6010,#1342);
#969=LINE('',#6018,#1343);
#970=LINE('',#6027,#1344);
#971=LINE('',#6032,#1345);
#972=LINE('',#6035,#1346);
#973=LINE('',#6036,#1347);
#974=LINE('',#6038,#1348);
#975=LINE('',#6039,#1349);
#976=LINE('',#6113,#1350);
#977=LINE('',#6120,#1351);
#978=LINE('',#6127,#1352);
#979=LINE('',#6136,#1353);
#980=LINE('',#6142,#1354);
#981=LINE('',#6147,#1355);
#982=LINE('',#6149,#1356);
#983=LINE('',#6151,#1357);
#984=LINE('',#6152,#1358);
#985=LINE('',#6158,#1359);
#986=LINE('',#6161,#1360);
#987=LINE('',#6163,#1361);
#988=LINE('',#6164,#1362);
#989=LINE('',#6175,#1363);
#990=LINE('',#6181,#1364);
#991=LINE('',#6186,#1365);
#992=LINE('',#6188,#1366);
#993=LINE('',#6190,#1367);
#994=LINE('',#6191,#1368);
#995=LINE('',#6197,#1369);
#996=LINE('',#6200,#1370);
#997=LINE('',#6202,#1371);
#998=LINE('',#6203,#1372);
#999=LINE('',#6214,#1373);
#1000=LINE('',#6220,#1374);
#1001=LINE('',#6227,#1375);
#1002=LINE('',#6229,#1376);
#1003=LINE('',#6231,#1377);
#1004=LINE('',#6232,#1378);
#1005=LINE('',#6235,#1379);
#1006=LINE('',#6237,#1380);
#1007=LINE('',#6238,#1381);
#1008=LINE('',#6245,#1382);
#1009=LINE('',#6247,#1383);
#1010=LINE('',#6249,#1384);
#1011=LINE('',#6250,#1385);
#1012=LINE('',#6256,#1386);
#1013=LINE('',#6259,#1387);
#1014=LINE('',#6261,#1388);
#1015=LINE('',#6262,#1389);
#1016=LINE('',#6273,#1390);
#1017=LINE('',#6279,#1391);
#1018=LINE('',#6286,#1392);
#1019=LINE('',#6288,#1393);
#1020=LINE('',#6290,#1394);
#1021=LINE('',#6291,#1395);
#1022=LINE('',#6294,#1396);
#1023=LINE('',#6296,#1397);
#1024=LINE('',#6297,#1398);
#1025=LINE('',#6304,#1399);
#1026=LINE('',#6306,#1400);
#1027=LINE('',#6308,#1401);
#1028=LINE('',#6309,#1402);
#1029=LINE('',#6314,#1403);
#1030=LINE('',#6318,#1404);
#1031=LINE('',#6320,#1405);
#1032=LINE('',#6321,#1406);
#1033=LINE('',#6332,#1407);
#1034=LINE('',#6339,#1408);
#1035=LINE('',#6344,#1409);
#1036=LINE('',#6346,#1410);
#1037=LINE('',#6348,#1411);
#1038=LINE('',#6349,#1412);
#1039=LINE('',#6355,#1413);
#1040=LINE('',#6358,#1414);
#1041=LINE('',#6360,#1415);
#1042=LINE('',#6361,#1416);
#1043=LINE('',#6373,#1417);
#1044=LINE('',#6376,#1418);
#1045=LINE('',#6381,#1419);
#1046=LINE('',#6387,#1420);
#1047=LINE('',#6396,#1421);
#1048=LINE('',#6398,#1422);
#1049=LINE('',#6400,#1423);
#1050=LINE('',#6401,#1424);
#1051=LINE('',#6404,#1425);
#1052=LINE('',#6406,#1426);
#1053=LINE('',#6407,#1427);
#1054=LINE('',#6410,#1428);
#1055=LINE('',#6412,#1429);
#1056=LINE('',#6413,#1430);
#1057=LINE('',#6415,#1431);
#1058=LINE('',#6419,#1432);
#1059=LINE('',#6421,#1433);
#1060=LINE('',#6423,#1434);
#1061=LINE('',#6424,#1435);
#1062=LINE('',#6427,#1436);
#1063=LINE('',#6429,#1437);
#1064=LINE('',#6430,#1438);
#1065=LINE('',#6433,#1439);
#1066=LINE('',#6435,#1440);
#1067=LINE('',#6436,#1441);
#1068=LINE('',#6437,#1442);
#1069=LINE('',#6439,#1443);
#1070=LINE('',#6440,#1444);
#1071=LINE('',#6444,#1445);
#1072=LINE('',#6446,#1446);
#1073=LINE('',#6448,#1447);
#1074=LINE('',#6449,#1448);
#1075=LINE('',#6455,#1449);
#1076=LINE('',#6458,#1450);
#1077=LINE('',#6460,#1451);
#1078=LINE('',#6461,#1452);
#1079=LINE('',#6464,#1453);
#1080=LINE('',#6466,#1454);
#1081=LINE('',#6467,#1455);
#1082=LINE('',#6470,#1456);
#1083=LINE('',#6472,#1457);
#1084=LINE('',#6473,#1458);
#1085=LINE('',#6475,#1459);
#1086=LINE('',#6476,#1460);
#1087=LINE('',#6490,#1461);
#1088=LINE('',#6498,#1462);
#1089=LINE('',#6500,#1463);
#1090=LINE('',#6502,#1464);
#1091=LINE('',#6503,#1465);
#1092=LINE('',#6506,#1466);
#1093=LINE('',#6508,#1467);
#1094=LINE('',#6509,#1468);
#1095=LINE('',#6512,#1469);
#1096=LINE('',#6514,#1470);
#1097=LINE('',#6515,#1471);
#1098=LINE('',#6517,#1472);
#1099=LINE('',#6518,#1473);
#1100=LINE('',#6523,#1474);
#1101=LINE('',#6532,#1475);
#1102=LINE('',#6536,#1476);
#1103=LINE('',#6545,#1477);
#1104=LINE('',#6550,#1478);
#1105=LINE('',#6552,#1479);
#1106=LINE('',#6554,#1480);
#1107=LINE('',#6555,#1481);
#1108=LINE('',#6558,#1482);
#1109=LINE('',#6560,#1483);
#1110=LINE('',#6561,#1484);
#1111=LINE('',#6568,#1485);
#1112=LINE('',#6571,#1486);
#1113=LINE('',#6572,#1487);
#1114=LINE('',#6575,#1488);
#1115=LINE('',#6579,#1489);
#1116=LINE('',#6580,#1490);
#1117=LINE('',#6583,#1491);
#1118=LINE('',#6585,#1492);
#1119=LINE('',#6586,#1493);
#1120=LINE('',#6589,#1494);
#1121=LINE('',#6591,#1495);
#1122=LINE('',#6592,#1496);
#1123=LINE('',#6595,#1497);
#1124=LINE('',#6596,#1498);
#1125=LINE('',#6599,#1499);
#1126=LINE('',#6600,#1500);
#1127=LINE('',#6604,#1501);
#1128=LINE('',#6607,#1502);
#1129=LINE('',#6608,#1503);
#1130=LINE('',#6612,#1504);
#1131=LINE('',#6615,#1505);
#1132=LINE('',#6616,#1506);
#1133=LINE('',#6619,#1507);
#1134=LINE('',#6620,#1508);
#1135=LINE('',#6623,#1509);
#1136=LINE('',#6624,#1510);
#1137=LINE('',#6630,#1511);
#1138=LINE('',#6632,#1512);
#1139=LINE('',#6634,#1513);
#1140=LINE('',#6635,#1514);
#1141=LINE('',#6644,#1515);
#1142=LINE('',#6646,#1516);
#1143=LINE('',#6648,#1517);
#1144=LINE('',#6649,#1518);
#1145=LINE('',#6653,#1519);
#1146=LINE('',#6655,#1520);
#1147=LINE('',#6661,#1521);
#1148=LINE('',#6669,#1522);
#1149=LINE('',#6673,#1523);
#1150=LINE('',#6677,#1524);
#1151=LINE('',#6681,#1525);
#1152=LINE('',#6683,#1526);
#1153=LINE('',#6685,#1527);
#1154=LINE('',#6687,#1528);
#1155=LINE('',#6689,#1529);
#1156=LINE('',#6691,#1530);
#1157=LINE('',#6692,#1531);
#1158=LINE('',#6708,#1532);
#1159=LINE('',#6712,#1533);
#1160=LINE('',#6713,#1534);
#1161=LINE('',#6715,#1535);
#1162=LINE('',#6717,#1536);
#1163=LINE('',#6719,#1537);
#1164=LINE('',#6721,#1538);
#1165=LINE('',#6722,#1539);
#1166=LINE('',#6725,#1540);
#1167=LINE('',#6727,#1541);
#1168=LINE('',#6729,#1542);
#1169=LINE('',#6730,#1543);
#1170=LINE('',#6733,#1544);
#1171=LINE('',#6735,#1545);
#1172=LINE('',#6736,#1546);
#1173=LINE('',#6740,#1547);
#1174=LINE('',#6744,#1548);
#1175=LINE('',#6748,#1549);
#1176=LINE('',#6751,#1550);
#1177=LINE('',#6752,#1551);
#1178=LINE('',#6756,#1552);
#1179=LINE('',#6759,#1553);
#1180=LINE('',#6760,#1554);
#1181=LINE('',#6764,#1555);
#1182=LINE('',#6767,#1556);
#1183=LINE('',#6768,#1557);
#1184=LINE('',#6772,#1558);
#1185=LINE('',#6774,#1559);
#1186=LINE('',#6778,#1560);
#1187=LINE('',#6779,#1561);
#1188=LINE('',#6780,#1562);
#1189=LINE('',#6783,#1563);
#1190=LINE('',#6785,#1564);
#1191=LINE('',#6786,#1565);
#1192=LINE('',#6789,#1566);
#1193=LINE('',#6790,#1567);
#1194=LINE('',#6795,#1568);
#1195=LINE('',#6796,#1569);
#1196=LINE('',#6797,#1570);
#1197=LINE('',#6798,#1571);
#1198=LINE('',#6807,#1572);
#1199=LINE('',#6818,#1573);
#1200=LINE('',#6829,#1574);
#1201=LINE('',#6837,#1575);
#1202=LINE('',#6840,#1576);
#1203=LINE('',#6846,#1577);
#1204=LINE('',#6852,#1578);
#1205=LINE('',#6855,#1579);
#1206=LINE('',#6857,#1580);
#1207=LINE('',#6858,#1581);
#1208=LINE('',#6861,#1582);
#1209=LINE('',#6863,#1583);
#1210=LINE('',#6864,#1584);
#1211=LINE('',#6867,#1585);
#1212=LINE('',#6869,#1586);
#1213=LINE('',#6870,#1587);
#1214=LINE('',#6876,#1588);
#1215=LINE('',#6886,#1589);
#1216=LINE('',#6888,#1590);
#1217=LINE('',#6890,#1591);
#1218=LINE('',#6891,#1592);
#1219=LINE('',#6895,#1593);
#1220=LINE('',#6897,#1594);
#1221=LINE('',#6899,#1595);
#1222=LINE('',#6901,#1596);
#1223=LINE('',#6903,#1597);
#1224=LINE('',#6905,#1598);
#1225=LINE('',#6907,#1599);
#1226=LINE('',#6909,#1600);
#1227=LINE('',#6913,#1601);
#1228=LINE('',#6917,#1602);
#1229=LINE('',#6921,#1603);
#1230=LINE('',#6929,#1604);
#1231=LINE('',#6934,#1605);
#1232=LINE('',#6949,#1606);
#1233=LINE('',#6954,#1607);
#1234=LINE('',#6956,#1608);
#1235=LINE('',#6958,#1609);
#1236=LINE('',#6960,#1610);
#1237=LINE('',#6962,#1611);
#1238=LINE('',#6963,#1612);
#1239=LINE('',#6964,#1613);
#1240=LINE('',#6967,#1614);
#1241=LINE('',#6969,#1615);
#1242=LINE('',#6971,#1616);
#1243=LINE('',#6972,#1617);
#1244=LINE('',#6975,#1618);
#1245=LINE('',#6977,#1619);
#1246=LINE('',#6978,#1620);
#1247=LINE('',#6981,#1621);
#1248=LINE('',#6985,#1622);
#1249=LINE('',#6989,#1623);
#1250=LINE('',#6993,#1624);
#1251=LINE('',#6994,#1625);
#1252=LINE('',#6997,#1626);
#1253=LINE('',#7001,#1627);
#1254=LINE('',#7002,#1628);
#1255=LINE('',#7005,#1629);
#1256=LINE('',#7009,#1630);
#1257=LINE('',#7010,#1631);
#1258=LINE('',#7013,#1632);
#1259=LINE('',#7016,#1633);
#1260=LINE('',#7020,#1634);
#1261=LINE('',#7021,#1635);
#1262=LINE('',#7022,#1636);
#1263=LINE('',#7025,#1637);
#1264=LINE('',#7027,#1638);
#1265=LINE('',#7028,#1639);
#1266=LINE('',#7031,#1640);
#1267=LINE('',#7032,#1641);
#1268=LINE('',#7037,#1642);
#1269=LINE('',#7038,#1643);
#1270=LINE('',#7039,#1644);
#1271=LINE('',#7040,#1645);
#1272=LINE('',#7049,#1646);
#1273=LINE('',#7060,#1647);
#1274=LINE('',#7071,#1648);
#1275=LINE('',#7079,#1649);
#1276=LINE('',#7082,#1650);
#1277=LINE('',#7087,#1651);
#1278=LINE('',#7093,#1652);
#1279=LINE('',#7097,#1653);
#1280=LINE('',#7099,#1654);
#1281=LINE('',#7100,#1655);
#1282=LINE('',#7103,#1656);
#1283=LINE('',#7105,#1657);
#1284=LINE('',#7106,#1658);
#1285=LINE('',#7109,#1659);
#1286=LINE('',#7111,#1660);
#1287=LINE('',#7112,#1661);
#1288=LINE('',#7117,#1662);
#1289=VECTOR('',#4658,10.);
#1290=VECTOR('',#4659,10.);
#1291=VECTOR('',#4660,10.);
#1292=VECTOR('',#4661,10.);
#1293=VECTOR('',#4664,10.);
#1294=VECTOR('',#4665,10.);
#1295=VECTOR('',#4666,10.);
#1296=VECTOR('',#4669,10.);
#1297=VECTOR('',#4670,10.);
#1298=VECTOR('',#4671,10.);
#1299=VECTOR('',#4674,10.);
#1300=VECTOR('',#4675,10.);
#1301=VECTOR('',#4676,10.);
#1302=VECTOR('',#4679,10.);
#1303=VECTOR('',#4680,10.);
#1304=VECTOR('',#4681,10.);
#1305=VECTOR('',#4682,10.);
#1306=VECTOR('',#4685,10.);
#1307=VECTOR('',#4686,10.);
#1308=VECTOR('',#4687,10.);
#1309=VECTOR('',#4690,10.);
#1310=VECTOR('',#4691,10.);
#1311=VECTOR('',#4692,10.);
#1312=VECTOR('',#4695,10.);
#1313=VECTOR('',#4696,10.);
#1314=VECTOR('',#4701,10.);
#1315=VECTOR('',#4702,10.);
#1316=VECTOR('',#4707,10.);
#1317=VECTOR('',#4708,10.);
#1318=VECTOR('',#4713,10.);
#1319=VECTOR('',#4714,10.);
#1320=VECTOR('',#4719,5.);
#1321=VECTOR('',#4726,10.);
#1322=VECTOR('',#4727,10.);
#1323=VECTOR('',#4728,10.);
#1324=VECTOR('',#4729,10.);
#1325=VECTOR('',#4732,10.);
#1326=VECTOR('',#4733,10.);
#1327=VECTOR('',#4734,10.);
#1328=VECTOR('',#4735,10.);
#1329=VECTOR('',#4736,10.);
#1330=VECTOR('',#4737,10.);
#1331=VECTOR('',#4738,10.);
#1332=VECTOR('',#4739,10.);
#1333=VECTOR('',#4740,10.);
#1334=VECTOR('',#4743,10.);
#1335=VECTOR('',#4744,10.);
#1336=VECTOR('',#4745,10.);
#1337=VECTOR('',#4748,10.);
#1338=VECTOR('',#4749,10.);
#1339=VECTOR('',#4752,10.);
#1340=VECTOR('',#4753,10.);
#1341=VECTOR('',#4756,10.);
#1342=VECTOR('',#4759,10.);
#1343=VECTOR('',#4770,10.);
#1344=VECTOR('',#4781,5.);
#1345=VECTOR('',#4788,10.);
#1346=VECTOR('',#4791,10.);
#1347=VECTOR('',#4792,10.);
#1348=VECTOR('',#4795,1.);
#1349=VECTOR('',#4796,1.);
#1350=VECTOR('',#4823,1.);
#1351=VECTOR('',#4832,3.);
#1352=VECTOR('',#4841,5.);
#1353=VECTOR('',#4854,1.);
#1354=VECTOR('',#4861,1.);
#1355=VECTOR('',#4866,10.);
#1356=VECTOR('',#4867,10.);
#1357=VECTOR('',#4868,10.);
#1358=VECTOR('',#4869,10.);
#1359=VECTOR('',#4876,10.);
#1360=VECTOR('',#4879,10.);
#1361=VECTOR('',#4880,10.);
#1362=VECTOR('',#4881,10.);
#1363=VECTOR('',#4898,1.);
#1364=VECTOR('',#4905,1.);
#1365=VECTOR('',#4910,10.);
#1366=VECTOR('',#4911,10.);
#1367=VECTOR('',#4912,10.);
#1368=VECTOR('',#4913,10.);
#1369=VECTOR('',#4920,10.);
#1370=VECTOR('',#4923,10.);
#1371=VECTOR('',#4924,10.);
#1372=VECTOR('',#4925,10.);
#1373=VECTOR('',#4942,1.);
#1374=VECTOR('',#4949,1.);
#1375=VECTOR('',#4958,10.);
#1376=VECTOR('',#4959,10.);
#1377=VECTOR('',#4960,10.);
#1378=VECTOR('',#4961,10.);
#1379=VECTOR('',#4964,10.);
#1380=VECTOR('',#4965,10.);
#1381=VECTOR('',#4966,10.);
#1382=VECTOR('',#4975,10.);
#1383=VECTOR('',#4976,10.);
#1384=VECTOR('',#4977,10.);
#1385=VECTOR('',#4978,10.);
#1386=VECTOR('',#4985,10.);
#1387=VECTOR('',#4988,10.);
#1388=VECTOR('',#4989,10.);
#1389=VECTOR('',#4990,10.);
#1390=VECTOR('',#5007,1.);
#1391=VECTOR('',#5014,1.);
#1392=VECTOR('',#5023,10.);
#1393=VECTOR('',#5024,10.);
#1394=VECTOR('',#5025,10.);
#1395=VECTOR('',#5026,10.);
#1396=VECTOR('',#5029,10.);
#1397=VECTOR('',#5030,10.);
#1398=VECTOR('',#5031,10.);
#1399=VECTOR('',#5040,10.);
#1400=VECTOR('',#5041,10.);
#1401=VECTOR('',#5042,10.);
#1402=VECTOR('',#5043,10.);
#1403=VECTOR('',#5048,10.);
#1404=VECTOR('',#5053,10.);
#1405=VECTOR('',#5054,10.);
#1406=VECTOR('',#5055,10.);
#1407=VECTOR('',#5072,1.);
#1408=VECTOR('',#5081,1.);
#1409=VECTOR('',#5086,10.);
#1410=VECTOR('',#5087,10.);
#1411=VECTOR('',#5088,10.);
#1412=VECTOR('',#5089,10.);
#1413=VECTOR('',#5096,10.);
#1414=VECTOR('',#5099,10.);
#1415=VECTOR('',#5100,10.);
#1416=VECTOR('',#5101,10.);
#1417=VECTOR('',#5118,10.);
#1418=VECTOR('',#5121,10.);
#1419=VECTOR('',#5126,10.);
#1420=VECTOR('',#5133,10.);
#1421=VECTOR('',#5146,10.);
#1422=VECTOR('',#5147,10.);
#1423=VECTOR('',#5148,10.);
#1424=VECTOR('',#5149,10.);
#1425=VECTOR('',#5152,10.);
#1426=VECTOR('',#5153,10.);
#1427=VECTOR('',#5154,10.);
#1428=VECTOR('',#5157,10.);
#1429=VECTOR('',#5158,10.);
#1430=VECTOR('',#5159,10.);
#1431=VECTOR('',#5162,10.);
#1432=VECTOR('',#5165,10.);
#1433=VECTOR('',#5166,10.);
#1434=VECTOR('',#5167,10.);
#1435=VECTOR('',#5168,10.);
#1436=VECTOR('',#5171,10.);
#1437=VECTOR('',#5172,10.);
#1438=VECTOR('',#5173,10.);
#1439=VECTOR('',#5176,10.);
#1440=VECTOR('',#5177,10.);
#1441=VECTOR('',#5178,10.);
#1442=VECTOR('',#5179,10.);
#1443=VECTOR('',#5182,10.);
#1444=VECTOR('',#5183,10.);
#1445=VECTOR('',#5186,10.);
#1446=VECTOR('',#5187,10.);
#1447=VECTOR('',#5188,10.);
#1448=VECTOR('',#5189,10.);
#1449=VECTOR('',#5196,10.);
#1450=VECTOR('',#5199,10.);
#1451=VECTOR('',#5200,10.);
#1452=VECTOR('',#5201,10.);
#1453=VECTOR('',#5204,10.);
#1454=VECTOR('',#5205,10.);
#1455=VECTOR('',#5206,10.);
#1456=VECTOR('',#5209,10.);
#1457=VECTOR('',#5210,10.);
#1458=VECTOR('',#5211,10.);
#1459=VECTOR('',#5214,10.);
#1460=VECTOR('',#5215,10.);
#1461=VECTOR('',#5234,3.);
#1462=VECTOR('',#5245,10.);
#1463=VECTOR('',#5246,10.);
#1464=VECTOR('',#5247,10.);
#1465=VECTOR('',#5248,10.);
#1466=VECTOR('',#5251,10.);
#1467=VECTOR('',#5252,10.);
#1468=VECTOR('',#5253,10.);
#1469=VECTOR('',#5256,10.);
#1470=VECTOR('',#5257,10.);
#1471=VECTOR('',#5258,10.);
#1472=VECTOR('',#5261,10.);
#1473=VECTOR('',#5262,10.);
#1474=VECTOR('',#5267,10.);
#1475=VECTOR('',#5276,10.);
#1476=VECTOR('',#5279,10.);
#1477=VECTOR('',#5290,10.);
#1478=VECTOR('',#5295,10.);
#1479=VECTOR('',#5296,10.);
#1480=VECTOR('',#5297,10.);
#1481=VECTOR('',#5298,10.);
#1482=VECTOR('',#5301,10.);
#1483=VECTOR('',#5302,10.);
#1484=VECTOR('',#5303,10.);
#1485=VECTOR('',#5314,10.);
#1486=VECTOR('',#5317,10.);
#1487=VECTOR('',#5318,10.);
#1488=VECTOR('',#5321,10.);
#1489=VECTOR('',#5326,10.);
#1490=VECTOR('',#5327,10.);
#1491=VECTOR('',#5330,10.);
#1492=VECTOR('',#5331,10.);
#1493=VECTOR('',#5332,10.);
#1494=VECTOR('',#5335,10.);
#1495=VECTOR('',#5336,10.);
#1496=VECTOR('',#5337,10.);
#1497=VECTOR('',#5340,10.);
#1498=VECTOR('',#5341,10.);
#1499=VECTOR('',#5344,10.);
#1500=VECTOR('',#5345,10.);
#1501=VECTOR('',#5350,10.);
#1502=VECTOR('',#5353,10.);
#1503=VECTOR('',#5354,10.);
#1504=VECTOR('',#5359,10.);
#1505=VECTOR('',#5362,10.);
#1506=VECTOR('',#5363,10.);
#1507=VECTOR('',#5366,10.);
#1508=VECTOR('',#5367,10.);
#1509=VECTOR('',#5370,10.);
#1510=VECTOR('',#5371,10.);
#1511=VECTOR('',#5378,10.);
#1512=VECTOR('',#5381,10.);
#1513=VECTOR('',#5382,10.);
#1514=VECTOR('',#5383,10.);
#1515=VECTOR('',#5396,10.);
#1516=VECTOR('',#5397,10.);
#1517=VECTOR('',#5398,10.);
#1518=VECTOR('',#5399,10.);
#1519=VECTOR('',#5402,10.);
#1520=VECTOR('',#5403,10.);
#1521=VECTOR('',#5408,10.);
#1522=VECTOR('',#5415,10.);
#1523=VECTOR('',#5418,10.);
#1524=VECTOR('',#5421,10.);
#1525=VECTOR('',#5424,10.);
#1526=VECTOR('',#5425,10.);
#1527=VECTOR('',#5426,10.);
#1528=VECTOR('',#5427,10.);
#1529=VECTOR('',#5428,10.);
#1530=VECTOR('',#5429,10.);
#1531=VECTOR('',#5430,10.);
#1532=VECTOR('',#5435,10.);
#1533=VECTOR('',#5438,10.);
#1534=VECTOR('',#5439,10.);
#1535=VECTOR('',#5440,10.);
#1536=VECTOR('',#5441,10.);
#1537=VECTOR('',#5442,10.);
#1538=VECTOR('',#5443,10.);
#1539=VECTOR('',#5444,10.);
#1540=VECTOR('',#5445,10.);
#1541=VECTOR('',#5446,10.);
#1542=VECTOR('',#5447,10.);
#1543=VECTOR('',#5448,10.);
#1544=VECTOR('',#5451,10.);
#1545=VECTOR('',#5452,10.);
#1546=VECTOR('',#5453,10.);
#1547=VECTOR('',#5458,10.);
#1548=VECTOR('',#5463,10.);
#1549=VECTOR('',#5468,10.);
#1550=VECTOR('',#5471,10.);
#1551=VECTOR('',#5472,10.);
#1552=VECTOR('',#5477,10.);
#1553=VECTOR('',#5480,10.);
#1554=VECTOR('',#5481,10.);
#1555=VECTOR('',#5486,10.);
#1556=VECTOR('',#5489,10.);
#1557=VECTOR('',#5490,10.);
#1558=VECTOR('',#5495,10.);
#1559=VECTOR('',#5498,10.);
#1560=VECTOR('',#5501,10.);
#1561=VECTOR('',#5502,10.);
#1562=VECTOR('',#5503,10.);
#1563=VECTOR('',#5506,10.);
#1564=VECTOR('',#5507,10.);
#1565=VECTOR('',#5508,10.);
#1566=VECTOR('',#5511,10.);
#1567=VECTOR('',#5512,10.);
#1568=VECTOR('',#5519,10.);
#1569=VECTOR('',#5520,10.);
#1570=VECTOR('',#5521,10.);
#1571=VECTOR('',#5522,10.);
#1572=VECTOR('',#5535,1.);
#1573=VECTOR('',#5552,1.);
#1574=VECTOR('',#5569,1.);
#1575=VECTOR('',#5578,10.);
#1576=VECTOR('',#5581,10.);
#1577=VECTOR('',#5588,10.);
#1578=VECTOR('',#5595,10.);
#1579=VECTOR('',#5598,10.);
#1580=VECTOR('',#5599,10.);
#1581=VECTOR('',#5600,10.);
#1582=VECTOR('',#5603,10.);
#1583=VECTOR('',#5604,10.);
#1584=VECTOR('',#5605,10.);
#1585=VECTOR('',#5608,10.);
#1586=VECTOR('',#5609,10.);
#1587=VECTOR('',#5610,10.);
#1588=VECTOR('',#5617,10.);
#1589=VECTOR('',#5632,10.);
#1590=VECTOR('',#5633,10.);
#1591=VECTOR('',#5634,10.);
#1592=VECTOR('',#5635,10.);
#1593=VECTOR('',#5638,10.);
#1594=VECTOR('',#5639,10.);
#1595=VECTOR('',#5640,10.);
#1596=VECTOR('',#5641,10.);
#1597=VECTOR('',#5642,10.);
#1598=VECTOR('',#5643,10.);
#1599=VECTOR('',#5644,10.);
#1600=VECTOR('',#5645,10.);
#1601=VECTOR('',#5648,10.);
#1602=VECTOR('',#5651,10.);
#1603=VECTOR('',#5654,10.);
#1604=VECTOR('',#5661,10.);
#1605=VECTOR('',#5666,10.);
#1606=VECTOR('',#5669,10.);
#1607=VECTOR('',#5674,10.);
#1608=VECTOR('',#5675,10.);
#1609=VECTOR('',#5676,10.);
#1610=VECTOR('',#5677,10.);
#1611=VECTOR('',#5678,10.);
#1612=VECTOR('',#5679,10.);
#1613=VECTOR('',#5680,10.);
#1614=VECTOR('',#5681,10.);
#1615=VECTOR('',#5682,10.);
#1616=VECTOR('',#5683,10.);
#1617=VECTOR('',#5684,10.);
#1618=VECTOR('',#5687,10.);
#1619=VECTOR('',#5688,10.);
#1620=VECTOR('',#5689,10.);
#1621=VECTOR('',#5692,10.);
#1622=VECTOR('',#5697,10.);
#1623=VECTOR('',#5702,10.);
#1624=VECTOR('',#5707,10.);
#1625=VECTOR('',#5708,10.);
#1626=VECTOR('',#5711,10.);
#1627=VECTOR('',#5716,10.);
#1628=VECTOR('',#5717,10.);
#1629=VECTOR('',#5720,10.);
#1630=VECTOR('',#5725,10.);
#1631=VECTOR('',#5726,10.);
#1632=VECTOR('',#5729,10.);
#1633=VECTOR('',#5734,10.);
#1634=VECTOR('',#5737,10.);
#1635=VECTOR('',#5738,10.);
#1636=VECTOR('',#5739,10.);
#1637=VECTOR('',#5742,10.);
#1638=VECTOR('',#5743,10.);
#1639=VECTOR('',#5744,10.);
#1640=VECTOR('',#5747,10.);
#1641=VECTOR('',#5748,10.);
#1642=VECTOR('',#5755,10.);
#1643=VECTOR('',#5756,10.);
#1644=VECTOR('',#5757,10.);
#1645=VECTOR('',#5758,10.);
#1646=VECTOR('',#5771,1.);
#1647=VECTOR('',#5788,1.);
#1648=VECTOR('',#5805,1.);
#1649=VECTOR('',#5814,10.);
#1650=VECTOR('',#5817,10.);
#1651=VECTOR('',#5822,10.);
#1652=VECTOR('',#5829,10.);
#1653=VECTOR('',#5834,10.);
#1654=VECTOR('',#5835,10.);
#1655=VECTOR('',#5836,10.);
#1656=VECTOR('',#5839,10.);
#1657=VECTOR('',#5840,10.);
#1658=VECTOR('',#5841,10.);
#1659=VECTOR('',#5844,10.);
#1660=VECTOR('',#5845,10.);
#1661=VECTOR('',#5846,10.);
#1662=VECTOR('',#5851,10.);
#1663=VERTEX_POINT('',#5891);
#1664=VERTEX_POINT('',#5892);
#1665=VERTEX_POINT('',#5894);
#1666=VERTEX_POINT('',#5896);
#1667=VERTEX_POINT('',#5900);
#1668=VERTEX_POINT('',#5901);
#1669=VERTEX_POINT('',#5906);
#1670=VERTEX_POINT('',#5907);
#1671=VERTEX_POINT('',#5912);
#1672=VERTEX_POINT('',#5914);
#1673=VERTEX_POINT('',#5918);
#1674=VERTEX_POINT('',#5919);
#1675=VERTEX_POINT('',#5921);
#1676=VERTEX_POINT('',#5923);
#1677=VERTEX_POINT('',#5927);
#1678=VERTEX_POINT('',#5929);
#1679=VERTEX_POINT('',#5933);
#1680=VERTEX_POINT('',#5935);
#1681=VERTEX_POINT('',#5943);
#1682=VERTEX_POINT('',#5944);
#1683=VERTEX_POINT('',#5946);
#1684=VERTEX_POINT('',#5948);
#1685=VERTEX_POINT('',#5951);
#1686=VERTEX_POINT('',#5953);
#1687=VERTEX_POINT('',#5957);
#1688=VERTEX_POINT('',#5959);
#1689=VERTEX_POINT('',#5963);
#1690=VERTEX_POINT('',#5965);
#1691=VERTEX_POINT('',#5969);
#1692=VERTEX_POINT('',#5971);
#1693=VERTEX_POINT('',#5976);
#1694=VERTEX_POINT('',#5978);
#1695=VERTEX_POINT('',#5980);
#1696=VERTEX_POINT('',#5982);
#1697=VERTEX_POINT('',#5984);
#1698=VERTEX_POINT('',#5987);
#1699=VERTEX_POINT('',#5989);
#1700=VERTEX_POINT('',#5993);
#1701=VERTEX_POINT('',#5995);
#1702=VERTEX_POINT('',#5999);
#1703=VERTEX_POINT('',#6003);
#1704=VERTEX_POINT('',#6009);
#1705=VERTEX_POINT('',#6012);
#1706=VERTEX_POINT('',#6016);
#1707=VERTEX_POINT('',#6020);
#1708=VERTEX_POINT('',#6023);
#1709=VERTEX_POINT('',#6026);
#1710=VERTEX_POINT('',#6030);
#1711=VERTEX_POINT('',#6034);
#1712=VERTEX_POINT('',#6070);
#1713=VERTEX_POINT('',#6072);
#1714=VERTEX_POINT('',#6103);
#1715=VERTEX_POINT('',#6105);
#1716=VERTEX_POINT('',#6110);
#1717=VERTEX_POINT('',#6112);
#1718=VERTEX_POINT('',#6117);
#1719=VERTEX_POINT('',#6119);
#1720=VERTEX_POINT('',#6124);
#1721=VERTEX_POINT('',#6126);
#1722=VERTEX_POINT('',#6133);
#1723=VERTEX_POINT('',#6135);
#1724=VERTEX_POINT('',#6139);
#1725=VERTEX_POINT('',#6141);
#1726=VERTEX_POINT('',#6145);
#1727=VERTEX_POINT('',#6146);
#1728=VERTEX_POINT('',#6148);
#1729=VERTEX_POINT('',#6150);
#1730=VERTEX_POINT('',#6154);
#1731=VERTEX_POINT('',#6156);
#1732=VERTEX_POINT('',#6160);
#1733=VERTEX_POINT('',#6162);
#1734=VERTEX_POINT('',#6172);
#1735=VERTEX_POINT('',#6174);
#1736=VERTEX_POINT('',#6178);
#1737=VERTEX_POINT('',#6180);
#1738=VERTEX_POINT('',#6184);
#1739=VERTEX_POINT('',#6185);
#1740=VERTEX_POINT('',#6187);
#1741=VERTEX_POINT('',#6189);
#1742=VERTEX_POINT('',#6193);
#1743=VERTEX_POINT('',#6195);
#1744=VERTEX_POINT('',#6199);
#1745=VERTEX_POINT('',#6201);
#1746=VERTEX_POINT('',#6211);
#1747=VERTEX_POINT('',#6213);
#1748=VERTEX_POINT('',#6217);
#1749=VERTEX_POINT('',#6219);
#1750=VERTEX_POINT('',#6225);
#1751=VERTEX_POINT('',#6226);
#1752=VERTEX_POINT('',#6228);
#1753=VERTEX_POINT('',#6230);
#1754=VERTEX_POINT('',#6234);
#1755=VERTEX_POINT('',#6236);
#1756=VERTEX_POINT('',#6243);
#1757=VERTEX_POINT('',#6244);
#1758=VERTEX_POINT('',#6246);
#1759=VERTEX_POINT('',#6248);
#1760=VERTEX_POINT('',#6252);
#1761=VERTEX_POINT('',#6254);
#1762=VERTEX_POINT('',#6258);
#1763=VERTEX_POINT('',#6260);
#1764=VERTEX_POINT('',#6270);
#1765=VERTEX_POINT('',#6272);
#1766=VERTEX_POINT('',#6276);
#1767=VERTEX_POINT('',#6278);
#1768=VERTEX_POINT('',#6284);
#1769=VERTEX_POINT('',#6285);
#1770=VERTEX_POINT('',#6287);
#1771=VERTEX_POINT('',#6289);
#1772=VERTEX_POINT('',#6293);
#1773=VERTEX_POINT('',#6295);
#1774=VERTEX_POINT('',#6302);
#1775=VERTEX_POINT('',#6303);
#1776=VERTEX_POINT('',#6305);
#1777=VERTEX_POINT('',#6307);
#1778=VERTEX_POINT('',#6311);
#1779=VERTEX_POINT('',#6313);
#1780=VERTEX_POINT('',#6317);
#1781=VERTEX_POINT('',#6319);
#1782=VERTEX_POINT('',#6329);
#1783=VERTEX_POINT('',#6331);
#1784=VERTEX_POINT('',#6336);
#1785=VERTEX_POINT('',#6338);
#1786=VERTEX_POINT('',#6342);
#1787=VERTEX_POINT('',#6343);
#1788=VERTEX_POINT('',#6345);
#1789=VERTEX_POINT('',#6347);
#1790=VERTEX_POINT('',#6351);
#1791=VERTEX_POINT('',#6353);
#1792=VERTEX_POINT('',#6357);
#1793=VERTEX_POINT('',#6359);
#1794=VERTEX_POINT('',#6369);
#1795=VERTEX_POINT('',#6370);
#1796=VERTEX_POINT('',#6372);
#1797=VERTEX_POINT('',#6374);
#1798=VERTEX_POINT('',#6378);
#1799=VERTEX_POINT('',#6380);
#1800=VERTEX_POINT('',#6384);
#1801=VERTEX_POINT('',#6386);
#1802=VERTEX_POINT('',#6394);
#1803=VERTEX_POINT('',#6395);
#1804=VERTEX_POINT('',#6397);
#1805=VERTEX_POINT('',#6399);
#1806=VERTEX_POINT('',#6403);
#1807=VERTEX_POINT('',#6405);
#1808=VERTEX_POINT('',#6409);
#1809=VERTEX_POINT('',#6411);
#1810=VERTEX_POINT('',#6417);
#1811=VERTEX_POINT('',#6418);
#1812=VERTEX_POINT('',#6420);
#1813=VERTEX_POINT('',#6422);
#1814=VERTEX_POINT('',#6426);
#1815=VERTEX_POINT('',#6428);
#1816=VERTEX_POINT('',#6432);
#1817=VERTEX_POINT('',#6434);
#1818=VERTEX_POINT('',#6442);
#1819=VERTEX_POINT('',#6443);
#1820=VERTEX_POINT('',#6445);
#1821=VERTEX_POINT('',#6447);
#1822=VERTEX_POINT('',#6451);
#1823=VERTEX_POINT('',#6453);
#1824=VERTEX_POINT('',#6457);
#1825=VERTEX_POINT('',#6459);
#1826=VERTEX_POINT('',#6463);
#1827=VERTEX_POINT('',#6465);
#1828=VERTEX_POINT('',#6469);
#1829=VERTEX_POINT('',#6471);
#1830=VERTEX_POINT('',#6481);
#1831=VERTEX_POINT('',#6483);
#1832=VERTEX_POINT('',#6485);
#1833=VERTEX_POINT('',#6489);
#1834=VERTEX_POINT('',#6496);
#1835=VERTEX_POINT('',#6497);
#1836=VERTEX_POINT('',#6499);
#1837=VERTEX_POINT('',#6501);
#1838=VERTEX_POINT('',#6505);
#1839=VERTEX_POINT('',#6507);
#1840=VERTEX_POINT('',#6511);
#1841=VERTEX_POINT('',#6513);
#1842=VERTEX_POINT('',#6521);
#1843=VERTEX_POINT('',#6522);
#1844=VERTEX_POINT('',#6524);
#1845=VERTEX_POINT('',#6528);
#1846=VERTEX_POINT('',#6529);
#1847=VERTEX_POINT('',#6531);
#1848=VERTEX_POINT('',#6533);
#1849=VERTEX_POINT('',#6535);
#1850=VERTEX_POINT('',#6537);
#1851=VERTEX_POINT('',#6542);
#1852=VERTEX_POINT('',#6544);
#1853=VERTEX_POINT('',#6548);
#1854=VERTEX_POINT('',#6549);
#1855=VERTEX_POINT('',#6551);
#1856=VERTEX_POINT('',#6553);
#1857=VERTEX_POINT('',#6557);
#1858=VERTEX_POINT('',#6559);
#1859=VERTEX_POINT('',#6566);
#1860=VERTEX_POINT('',#6570);
#1861=VERTEX_POINT('',#6574);
#1862=VERTEX_POINT('',#6578);
#1863=VERTEX_POINT('',#6582);
#1864=VERTEX_POINT('',#6584);
#1865=VERTEX_POINT('',#6588);
#1866=VERTEX_POINT('',#6590);
#1867=VERTEX_POINT('',#6594);
#1868=VERTEX_POINT('',#6598);
#1869=VERTEX_POINT('',#6602);
#1870=VERTEX_POINT('',#6606);
#1871=VERTEX_POINT('',#6610);
#1872=VERTEX_POINT('',#6614);
#1873=VERTEX_POINT('',#6618);
#1874=VERTEX_POINT('',#6622);
#1875=VERTEX_POINT('',#6626);
#1876=VERTEX_POINT('',#6628);
#1877=VERTEX_POINT('',#6633);
#1878=VERTEX_POINT('',#6642);
#1879=VERTEX_POINT('',#6643);
#1880=VERTEX_POINT('',#6645);
#1881=VERTEX_POINT('',#6647);
#1882=VERTEX_POINT('',#6651);
#1883=VERTEX_POINT('',#6652);
#1884=VERTEX_POINT('',#6654);
#1885=VERTEX_POINT('',#6656);
#1886=VERTEX_POINT('',#6658);
#1887=VERTEX_POINT('',#6660);
#1888=VERTEX_POINT('',#6662);
#1889=VERTEX_POINT('',#6664);
#1890=VERTEX_POINT('',#6666);
#1891=VERTEX_POINT('',#6668);
#1892=VERTEX_POINT('',#6670);
#1893=VERTEX_POINT('',#6672);
#1894=VERTEX_POINT('',#6674);
#1895=VERTEX_POINT('',#6676);
#1896=VERTEX_POINT('',#6678);
#1897=VERTEX_POINT('',#6680);
#1898=VERTEX_POINT('',#6682);
#1899=VERTEX_POINT('',#6684);
#1900=VERTEX_POINT('',#6686);
#1901=VERTEX_POINT('',#6688);
#1902=VERTEX_POINT('',#6690);
#1903=VERTEX_POINT('',#6694);
#1904=VERTEX_POINT('',#6706);
#1905=VERTEX_POINT('',#6710);
#1906=VERTEX_POINT('',#6711);
#1907=VERTEX_POINT('',#6714);
#1908=VERTEX_POINT('',#6716);
#1909=VERTEX_POINT('',#6718);
#1910=VERTEX_POINT('',#6720);
#1911=VERTEX_POINT('',#6723);
#1912=VERTEX_POINT('',#6724);
#1913=VERTEX_POINT('',#6726);
#1914=VERTEX_POINT('',#6728);
#1915=VERTEX_POINT('',#6732);
#1916=VERTEX_POINT('',#6734);
#1917=VERTEX_POINT('',#6738);
#1918=VERTEX_POINT('',#6742);
#1919=VERTEX_POINT('',#6746);
#1920=VERTEX_POINT('',#6750);
#1921=VERTEX_POINT('',#6754);
#1922=VERTEX_POINT('',#6758);
#1923=VERTEX_POINT('',#6762);
#1924=VERTEX_POINT('',#6766);
#1925=VERTEX_POINT('',#6770);
#1926=VERTEX_POINT('',#6776);
#1927=VERTEX_POINT('',#6777);
#1928=VERTEX_POINT('',#6782);
#1929=VERTEX_POINT('',#6784);
#1930=VERTEX_POINT('',#6788);
#1931=VERTEX_POINT('',#6794);
#1932=VERTEX_POINT('',#6801);
#1933=VERTEX_POINT('',#6806);
#1934=VERTEX_POINT('',#6815);
#1935=VERTEX_POINT('',#6817);
#1936=VERTEX_POINT('',#6823);
#1937=VERTEX_POINT('',#6828);
#1938=VERTEX_POINT('',#6833);
#1939=VERTEX_POINT('',#6834);
#1940=VERTEX_POINT('',#6836);
#1941=VERTEX_POINT('',#6838);
#1942=VERTEX_POINT('',#6842);
#1943=VERTEX_POINT('',#6844);
#1944=VERTEX_POINT('',#6848);
#1945=VERTEX_POINT('',#6850);
#1946=VERTEX_POINT('',#6854);
#1947=VERTEX_POINT('',#6856);
#1948=VERTEX_POINT('',#6860);
#1949=VERTEX_POINT('',#6862);
#1950=VERTEX_POINT('',#6866);
#1951=VERTEX_POINT('',#6868);
#1952=VERTEX_POINT('',#6872);
#1953=VERTEX_POINT('',#6874);
#1954=VERTEX_POINT('',#6884);
#1955=VERTEX_POINT('',#6885);
#1956=VERTEX_POINT('',#6887);
#1957=VERTEX_POINT('',#6889);
#1958=VERTEX_POINT('',#6893);
#1959=VERTEX_POINT('',#6894);
#1960=VERTEX_POINT('',#6896);
#1961=VERTEX_POINT('',#6898);
#1962=VERTEX_POINT('',#6900);
#1963=VERTEX_POINT('',#6902);
#1964=VERTEX_POINT('',#6904);
#1965=VERTEX_POINT('',#6906);
#1966=VERTEX_POINT('',#6908);
#1967=VERTEX_POINT('',#6910);
#1968=VERTEX_POINT('',#6912);
#1969=VERTEX_POINT('',#6914);
#1970=VERTEX_POINT('',#6916);
#1971=VERTEX_POINT('',#6918);
#1972=VERTEX_POINT('',#6920);
#1973=VERTEX_POINT('',#6922);
#1974=VERTEX_POINT('',#6924);
#1975=VERTEX_POINT('',#6926);
#1976=VERTEX_POINT('',#6928);
#1977=VERTEX_POINT('',#6930);
#1978=VERTEX_POINT('',#6932);
#1979=VERTEX_POINT('',#6936);
#1980=VERTEX_POINT('',#6948);
#1981=VERTEX_POINT('',#6952);
#1982=VERTEX_POINT('',#6953);
#1983=VERTEX_POINT('',#6955);
#1984=VERTEX_POINT('',#6957);
#1985=VERTEX_POINT('',#6959);
#1986=VERTEX_POINT('',#6961);
#1987=VERTEX_POINT('',#6965);
#1988=VERTEX_POINT('',#6966);
#1989=VERTEX_POINT('',#6968);
#1990=VERTEX_POINT('',#6970);
#1991=VERTEX_POINT('',#6974);
#1992=VERTEX_POINT('',#6976);
#1993=VERTEX_POINT('',#6980);
#1994=VERTEX_POINT('',#6984);
#1995=VERTEX_POINT('',#6988);
#1996=VERTEX_POINT('',#6992);
#1997=VERTEX_POINT('',#6996);
#1998=VERTEX_POINT('',#7000);
#1999=VERTEX_POINT('',#7004);
#2000=VERTEX_POINT('',#7008);
#2001=VERTEX_POINT('',#7012);
#2002=VERTEX_POINT('',#7018);
#2003=VERTEX_POINT('',#7019);
#2004=VERTEX_POINT('',#7024);
#2005=VERTEX_POINT('',#7026);
#2006=VERTEX_POINT('',#7030);
#2007=VERTEX_POINT('',#7036);
#2008=VERTEX_POINT('',#7043);
#2009=VERTEX_POINT('',#7048);
#2010=VERTEX_POINT('',#7057);
#2011=VERTEX_POINT('',#7059);
#2012=VERTEX_POINT('',#7065);
#2013=VERTEX_POINT('',#7070);
#2014=VERTEX_POINT('',#7075);
#2015=VERTEX_POINT('',#7076);
#2016=VERTEX_POINT('',#7078);
#2017=VERTEX_POINT('',#7080);
#2018=VERTEX_POINT('',#7084);
#2019=VERTEX_POINT('',#7086);
#2020=VERTEX_POINT('',#7090);
#2021=VERTEX_POINT('',#7092);
#2022=VERTEX_POINT('',#7096);
#2023=VERTEX_POINT('',#7098);
#2024=VERTEX_POINT('',#7102);
#2025=VERTEX_POINT('',#7104);
#2026=VERTEX_POINT('',#7108);
#2027=VERTEX_POINT('',#7110);
#2028=VERTEX_POINT('',#7114);
#2029=VERTEX_POINT('',#7116);
#2030=EDGE_CURVE('',#1663,#1664,#915,.T.);
#2031=EDGE_CURVE('',#1664,#1665,#916,.T.);
#2032=EDGE_CURVE('',#1666,#1665,#917,.T.);
#2033=EDGE_CURVE('',#1663,#1666,#918,.T.);
#2034=EDGE_CURVE('',#1667,#1668,#919,.T.);
#2035=EDGE_CURVE('',#1667,#1666,#920,.T.);
#2036=EDGE_CURVE('',#1665,#1668,#921,.T.);
#2037=EDGE_CURVE('',#1669,#1670,#922,.T.);
#2038=EDGE_CURVE('',#1664,#1669,#923,.T.);
#2039=EDGE_CURVE('',#1670,#1663,#924,.T.);
#2040=EDGE_CURVE('',#1671,#1670,#925,.T.);
#2041=EDGE_CURVE('',#1672,#1671,#926,.T.);
#2042=EDGE_CURVE('',#1672,#1669,#927,.T.);
#2043=EDGE_CURVE('',#1673,#1674,#928,.T.);
#2044=EDGE_CURVE('',#1673,#1675,#929,.T.);
#2045=EDGE_CURVE('',#1676,#1675,#930,.T.);
#2046=EDGE_CURVE('',#1674,#1676,#931,.T.);
#2047=EDGE_CURVE('',#1674,#1677,#932,.T.);
#2048=EDGE_CURVE('',#1678,#1676,#933,.T.);
#2049=EDGE_CURVE('',#1677,#1678,#934,.T.);
#2050=EDGE_CURVE('',#1677,#1679,#935,.T.);
#2051=EDGE_CURVE('',#1680,#1678,#936,.T.);
#2052=EDGE_CURVE('',#1679,#1680,#937,.T.);
#2053=EDGE_CURVE('',#1679,#1673,#938,.T.);
#2054=EDGE_CURVE('',#1675,#1680,#939,.T.);
#2055=EDGE_CURVE('',#1681,#1682,#940,.T.);
#2056=EDGE_CURVE('',#1683,#1681,#941,.T.);
#2057=EDGE_CURVE('',#1683,#1684,#238,.T.);
#2058=EDGE_CURVE('',#1684,#1683,#239,.T.);
#2059=EDGE_CURVE('',#1685,#1683,#942,.T.);
#2060=EDGE_CURVE('',#1686,#1685,#943,.T.);
#2061=EDGE_CURVE('',#1686,#1682,#240,.T.);
#2062=EDGE_CURVE('',#1682,#1687,#944,.T.);
#2063=EDGE_CURVE('',#1688,#1686,#945,.T.);
#2064=EDGE_CURVE('',#1687,#1688,#241,.T.);
#2065=EDGE_CURVE('',#1684,#1689,#946,.T.);
#2066=EDGE_CURVE('',#1690,#1689,#242,.T.);
#2067=EDGE_CURVE('',#1689,#1690,#243,.T.);
#2068=EDGE_CURVE('',#1687,#1691,#947,.T.);
#2069=EDGE_CURVE('',#1692,#1688,#948,.T.);
#2070=EDGE_CURVE('',#1690,#1692,#949,.T.);
#2071=EDGE_CURVE('',#1691,#1690,#950,.T.);
#2072=EDGE_CURVE('',#1693,#1691,#951,.T.);
#2073=EDGE_CURVE('',#1694,#1693,#952,.T.);
#2074=EDGE_CURVE('',#1695,#1694,#953,.T.);
#2075=EDGE_CURVE('',#1695,#1696,#954,.T.);
#2076=EDGE_CURVE('',#1696,#1697,#955,.T.);
#2077=EDGE_CURVE('',#1671,#1697,#956,.T.);
#2078=EDGE_CURVE('',#1667,#1698,#957,.T.);
#2079=EDGE_CURVE('',#1699,#1698,#958,.T.);
#2080=EDGE_CURVE('',#1681,#1699,#959,.T.);
#2081=EDGE_CURVE('',#1700,#1692,#960,.T.);
#2082=EDGE_CURVE('',#1701,#1700,#961,.T.);
#2083=EDGE_CURVE('',#1693,#1701,#962,.T.);
#2084=EDGE_CURVE('',#1702,#1699,#963,.T.);
#2085=EDGE_CURVE('',#1685,#1702,#964,.T.);
#2086=EDGE_CURVE('',#1668,#1703,#965,.T.);
#2087=EDGE_CURVE('',#1698,#1703,#966,.T.);
#2088=EDGE_CURVE('',#1703,#1702,#967,.T.);
#2089=EDGE_CURVE('',#1700,#1704,#968,.T.);
#2090=EDGE_CURVE('',#1704,#1694,#244,.T.);
#2091=EDGE_CURVE('',#1701,#1705,#245,.T.);
#2092=EDGE_CURVE('',#1705,#1701,#246,.T.);
#2093=EDGE_CURVE('',#1697,#1706,#247,.T.);
#2094=EDGE_CURVE('',#1706,#1672,#969,.T.);
#2095=EDGE_CURVE('',#1707,#1707,#248,.T.);
#2096=EDGE_CURVE('',#1708,#1708,#249,.T.);
#2097=EDGE_CURVE('',#1705,#1709,#970,.T.);
#2098=EDGE_CURVE('',#1709,#1709,#250,.T.);
#2099=EDGE_CURVE('',#1695,#1710,#251,.T.);
#2100=EDGE_CURVE('',#1710,#1704,#971,.T.);
#2101=EDGE_CURVE('',#1711,#1706,#972,.T.);
#2102=EDGE_CURVE('',#1711,#1710,#973,.T.);
#2103=EDGE_CURVE('',#1707,#1697,#974,.T.);
#2104=EDGE_CURVE('',#1696,#1708,#975,.T.);
#2105=EDGE_CURVE('',#1711,#1696,#252,.T.);
#2106=EDGE_CURVE('',#1712,#1712,#253,.T.);
#2107=EDGE_CURVE('',#1712,#1713,#254,.T.);
#2108=EDGE_CURVE('',#1713,#1713,#255,.T.);
#2109=EDGE_CURVE('',#1714,#1714,#256,.T.);
#2110=EDGE_CURVE('',#1714,#1715,#257,.T.);
#2111=EDGE_CURVE('',#1715,#1715,#258,.T.);
#2112=EDGE_CURVE('',#1716,#1716,#259,.T.);
#2113=EDGE_CURVE('',#1716,#1717,#976,.T.);
#2114=EDGE_CURVE('',#1717,#1717,#260,.T.);
#2115=EDGE_CURVE('',#1718,#1718,#261,.T.);
#2116=EDGE_CURVE('',#1718,#1719,#977,.T.);
#2117=EDGE_CURVE('',#1719,#1719,#262,.T.);
#2118=EDGE_CURVE('',#1720,#1720,#263,.T.);
#2119=EDGE_CURVE('',#1720,#1721,#978,.T.);
#2120=EDGE_CURVE('',#1721,#1721,#264,.T.);
#2121=EDGE_CURVE('',#1722,#1722,#265,.T.);
#2122=EDGE_CURVE('',#1722,#1723,#979,.T.);
#2123=EDGE_CURVE('',#1723,#1723,#266,.T.);
#2124=EDGE_CURVE('',#1724,#1724,#267,.T.);
#2125=EDGE_CURVE('',#1724,#1725,#980,.T.);
#2126=EDGE_CURVE('',#1725,#1725,#268,.T.);
#2127=EDGE_CURVE('',#1726,#1727,#981,.T.);
#2128=EDGE_CURVE('',#1726,#1728,#982,.T.);
#2129=EDGE_CURVE('',#1729,#1728,#983,.T.);
#2130=EDGE_CURVE('',#1727,#1729,#984,.T.);
#2131=EDGE_CURVE('',#1730,#1727,#269,.T.);
#2132=EDGE_CURVE('',#1731,#1729,#270,.T.);
#2133=EDGE_CURVE('',#1730,#1731,#985,.T.);
#2134=EDGE_CURVE('',#1732,#1730,#986,.T.);
#2135=EDGE_CURVE('',#1733,#1731,#987,.T.);
#2136=EDGE_CURVE('',#1732,#1733,#988,.T.);
#2137=EDGE_CURVE('',#1726,#1732,#271,.T.);
#2138=EDGE_CURVE('',#1728,#1733,#272,.T.);
#2139=EDGE_CURVE('',#1734,#1734,#273,.T.);
#2140=EDGE_CURVE('',#1734,#1735,#989,.T.);
#2141=EDGE_CURVE('',#1735,#1735,#274,.T.);
#2142=EDGE_CURVE('',#1736,#1736,#275,.T.);
#2143=EDGE_CURVE('',#1736,#1737,#990,.T.);
#2144=EDGE_CURVE('',#1737,#1737,#276,.T.);
#2145=EDGE_CURVE('',#1738,#1739,#991,.T.);
#2146=EDGE_CURVE('',#1738,#1740,#992,.T.);
#2147=EDGE_CURVE('',#1741,#1740,#993,.T.);
#2148=EDGE_CURVE('',#1739,#1741,#994,.T.);
#2149=EDGE_CURVE('',#1742,#1739,#277,.T.);
#2150=EDGE_CURVE('',#1743,#1741,#278,.T.);
#2151=EDGE_CURVE('',#1742,#1743,#995,.T.);
#2152=EDGE_CURVE('',#1744,#1742,#996,.T.);
#2153=EDGE_CURVE('',#1745,#1743,#997,.T.);
#2154=EDGE_CURVE('',#1744,#1745,#998,.T.);
#2155=EDGE_CURVE('',#1738,#1744,#279,.T.);
#2156=EDGE_CURVE('',#1740,#1745,#280,.T.);
#2157=EDGE_CURVE('',#1746,#1746,#281,.T.);
#2158=EDGE_CURVE('',#1746,#1747,#999,.T.);
#2159=EDGE_CURVE('',#1747,#1747,#282,.T.);
#2160=EDGE_CURVE('',#1748,#1748,#283,.T.);
#2161=EDGE_CURVE('',#1748,#1749,#1000,.T.);
#2162=EDGE_CURVE('',#1749,#1749,#284,.T.);
#2163=EDGE_CURVE('',#1750,#1751,#1001,.T.);
#2164=EDGE_CURVE('',#1751,#1752,#1002,.T.);
#2165=EDGE_CURVE('',#1753,#1752,#1003,.T.);
#2166=EDGE_CURVE('',#1750,#1753,#1004,.T.);
#2167=EDGE_CURVE('',#1754,#1750,#1005,.T.);
#2168=EDGE_CURVE('',#1755,#1753,#1006,.T.);
#2169=EDGE_CURVE('',#1754,#1755,#1007,.T.);
#2170=EDGE_CURVE('',#1751,#1754,#285,.T.);
#2171=EDGE_CURVE('',#1752,#1755,#286,.T.);
#2172=EDGE_CURVE('',#1756,#1757,#1008,.T.);
#2173=EDGE_CURVE('',#1756,#1758,#1009,.T.);
#2174=EDGE_CURVE('',#1759,#1758,#1010,.T.);
#2175=EDGE_CURVE('',#1757,#1759,#1011,.T.);
#2176=EDGE_CURVE('',#1760,#1757,#287,.T.);
#2177=EDGE_CURVE('',#1761,#1759,#288,.T.);
#2178=EDGE_CURVE('',#1760,#1761,#1012,.T.);
#2179=EDGE_CURVE('',#1762,#1760,#1013,.T.);
#2180=EDGE_CURVE('',#1763,#1761,#1014,.T.);
#2181=EDGE_CURVE('',#1762,#1763,#1015,.T.);
#2182=EDGE_CURVE('',#1756,#1762,#289,.T.);
#2183=EDGE_CURVE('',#1758,#1763,#290,.T.);
#2184=EDGE_CURVE('',#1764,#1764,#291,.T.);
#2185=EDGE_CURVE('',#1764,#1765,#1016,.T.);
#2186=EDGE_CURVE('',#1765,#1765,#292,.T.);
#2187=EDGE_CURVE('',#1766,#1766,#293,.T.);
#2188=EDGE_CURVE('',#1766,#1767,#1017,.T.);
#2189=EDGE_CURVE('',#1767,#1767,#294,.T.);
#2190=EDGE_CURVE('',#1768,#1769,#1018,.T.);
#2191=EDGE_CURVE('',#1768,#1770,#1019,.T.);
#2192=EDGE_CURVE('',#1770,#1771,#1020,.T.);
#2193=EDGE_CURVE('',#1769,#1771,#1021,.T.);
#2194=EDGE_CURVE('',#1772,#1768,#1022,.T.);
#2195=EDGE_CURVE('',#1772,#1773,#1023,.T.);
#2196=EDGE_CURVE('',#1773,#1770,#1024,.T.);
#2197=EDGE_CURVE('',#1769,#1772,#295,.T.);
#2198=EDGE_CURVE('',#1771,#1773,#296,.T.);
#2199=EDGE_CURVE('',#1774,#1775,#1025,.T.);
#2200=EDGE_CURVE('',#1775,#1776,#1026,.T.);
#2201=EDGE_CURVE('',#1776,#1777,#1027,.T.);
#2202=EDGE_CURVE('',#1774,#1777,#1028,.T.);
#2203=EDGE_CURVE('',#1778,#1775,#297,.T.);
#2204=EDGE_CURVE('',#1778,#1779,#1029,.T.);
#2205=EDGE_CURVE('',#1779,#1776,#298,.T.);
#2206=EDGE_CURVE('',#1780,#1778,#1030,.T.);
#2207=EDGE_CURVE('',#1780,#1781,#1031,.T.);
#2208=EDGE_CURVE('',#1781,#1779,#1032,.T.);
#2209=EDGE_CURVE('',#1774,#1780,#299,.T.);
#2210=EDGE_CURVE('',#1777,#1781,#300,.T.);
#2211=EDGE_CURVE('',#1782,#1782,#301,.T.);
#2212=EDGE_CURVE('',#1782,#1783,#1033,.T.);
#2213=EDGE_CURVE('',#1783,#1783,#302,.T.);
#2214=EDGE_CURVE('',#1784,#1784,#303,.T.);
#2215=EDGE_CURVE('',#1784,#1785,#1034,.T.);
#2216=EDGE_CURVE('',#1785,#1785,#304,.T.);
#2217=EDGE_CURVE('',#1786,#1787,#1035,.T.);
#2218=EDGE_CURVE('',#1786,#1788,#1036,.T.);
#2219=EDGE_CURVE('',#1789,#1788,#1037,.T.);
#2220=EDGE_CURVE('',#1787,#1789,#1038,.T.);
#2221=EDGE_CURVE('',#1790,#1787,#305,.T.);
#2222=EDGE_CURVE('',#1791,#1789,#306,.T.);
#2223=EDGE_CURVE('',#1790,#1791,#1039,.T.);
#2224=EDGE_CURVE('',#1792,#1790,#1040,.T.);
#2225=EDGE_CURVE('',#1793,#1791,#1041,.T.);
#2226=EDGE_CURVE('',#1792,#1793,#1042,.T.);
#2227=EDGE_CURVE('',#1786,#1792,#307,.T.);
#2228=EDGE_CURVE('',#1788,#1793,#308,.T.);
#2229=EDGE_CURVE('',#1794,#1795,#309,.T.);
#2230=EDGE_CURVE('',#1794,#1796,#1043,.T.);
#2231=EDGE_CURVE('',#1796,#1797,#310,.T.);
#2232=EDGE_CURVE('',#1795,#1797,#1044,.T.);
#2233=EDGE_CURVE('',#1794,#1798,#311,.T.);
#2234=EDGE_CURVE('',#1798,#1799,#1045,.T.);
#2235=EDGE_CURVE('',#1799,#1796,#312,.T.);
#2236=EDGE_CURVE('',#1800,#1798,#313,.T.);
#2237=EDGE_CURVE('',#1801,#1800,#1046,.T.);
#2238=EDGE_CURVE('',#1801,#1799,#314,.T.);
#2239=EDGE_CURVE('',#1800,#1795,#315,.T.);
#2240=EDGE_CURVE('',#1797,#1801,#316,.T.);
#2241=EDGE_CURVE('',#1802,#1803,#1047,.T.);
#2242=EDGE_CURVE('',#1802,#1804,#1048,.T.);
#2243=EDGE_CURVE('',#1805,#1804,#1049,.T.);
#2244=EDGE_CURVE('',#1803,#1805,#1050,.T.);
#2245=EDGE_CURVE('',#1803,#1806,#1051,.T.);
#2246=EDGE_CURVE('',#1807,#1805,#1052,.T.);
#2247=EDGE_CURVE('',#1806,#1807,#1053,.T.);
#2248=EDGE_CURVE('',#1806,#1808,#1054,.T.);
#2249=EDGE_CURVE('',#1809,#1807,#1055,.T.);
#2250=EDGE_CURVE('',#1808,#1809,#1056,.T.);
#2251=EDGE_CURVE('',#1804,#1809,#1057,.T.);
#2252=EDGE_CURVE('',#1810,#1811,#1058,.T.);
#2253=EDGE_CURVE('',#1811,#1812,#1059,.T.);
#2254=EDGE_CURVE('',#1813,#1812,#1060,.T.);
#2255=EDGE_CURVE('',#1810,#1813,#1061,.T.);
#2256=EDGE_CURVE('',#1814,#1810,#1062,.T.);
#2257=EDGE_CURVE('',#1815,#1813,#1063,.T.);
#2258=EDGE_CURVE('',#1814,#1815,#1064,.T.);
#2259=EDGE_CURVE('',#1816,#1815,#1065,.T.);
#2260=EDGE_CURVE('',#1817,#1816,#1066,.T.);
#2261=EDGE_CURVE('',#1808,#1817,#1067,.T.);
#2262=EDGE_CURVE('',#1814,#1802,#1068,.T.);
#2263=EDGE_CURVE('',#1811,#1817,#1069,.T.);
#2264=EDGE_CURVE('',#1812,#1816,#1070,.T.);
#2265=EDGE_CURVE('',#1818,#1819,#1071,.T.);
#2266=EDGE_CURVE('',#1819,#1820,#1072,.T.);
#2267=EDGE_CURVE('',#1821,#1820,#1073,.T.);
#2268=EDGE_CURVE('',#1818,#1821,#1074,.T.);
#2269=EDGE_CURVE('',#1822,#1818,#317,.T.);
#2270=EDGE_CURVE('',#1823,#1821,#318,.T.);
#2271=EDGE_CURVE('',#1822,#1823,#1075,.T.);
#2272=EDGE_CURVE('',#1824,#1822,#1076,.T.);
#2273=EDGE_CURVE('',#1825,#1823,#1077,.T.);
#2274=EDGE_CURVE('',#1824,#1825,#1078,.T.);
#2275=EDGE_CURVE('',#1826,#1824,#1079,.T.);
#2276=EDGE_CURVE('',#1827,#1825,#1080,.T.);
#2277=EDGE_CURVE('',#1826,#1827,#1081,.T.);
#2278=EDGE_CURVE('',#1828,#1826,#1082,.T.);
#2279=EDGE_CURVE('',#1829,#1827,#1083,.T.);
#2280=EDGE_CURVE('',#1828,#1829,#1084,.T.);
#2281=EDGE_CURVE('',#1819,#1828,#1085,.T.);
#2282=EDGE_CURVE('',#1820,#1829,#1086,.T.);
#2283=EDGE_CURVE('',#1830,#1830,#319,.T.);
#2284=EDGE_CURVE('',#1830,#1831,#320,.T.);
#2285=EDGE_CURVE('',#1831,#1832,#321,.T.);
#2286=EDGE_CURVE('',#1832,#1831,#322,.T.);
#2287=EDGE_CURVE('',#1832,#1833,#1087,.T.);
#2288=EDGE_CURVE('',#1833,#1833,#323,.T.);
#2289=EDGE_CURVE('',#1834,#1835,#1088,.T.);
#2290=EDGE_CURVE('',#1834,#1836,#1089,.T.);
#2291=EDGE_CURVE('',#1836,#1837,#1090,.T.);
#2292=EDGE_CURVE('',#1835,#1837,#1091,.T.);
#2293=EDGE_CURVE('',#1838,#1834,#1092,.T.);
#2294=EDGE_CURVE('',#1838,#1839,#1093,.T.);
#2295=EDGE_CURVE('',#1839,#1836,#1094,.T.);
#2296=EDGE_CURVE('',#1840,#1838,#1095,.T.);
#2297=EDGE_CURVE('',#1840,#1841,#1096,.T.);
#2298=EDGE_CURVE('',#1841,#1839,#1097,.T.);
#2299=EDGE_CURVE('',#1835,#1840,#1098,.T.);
#2300=EDGE_CURVE('',#1837,#1841,#1099,.T.);
#2301=EDGE_CURVE('',#1842,#1843,#1100,.T.);
#2302=EDGE_CURVE('',#1843,#1844,#324,.T.);
#2303=EDGE_CURVE('',#1842,#1844,#325,.T.);
#2304=EDGE_CURVE('',#1845,#1846,#326,.T.);
#2305=EDGE_CURVE('',#1845,#1847,#1101,.T.);
#2306=EDGE_CURVE('',#1848,#1847,#327,.T.);
#2307=EDGE_CURVE('',#1849,#1848,#1102,.T.);
#2308=EDGE_CURVE('',#1850,#1849,#328,.T.);
#2309=EDGE_CURVE('',#1846,#1850,#329,.T.);
#2310=EDGE_CURVE('',#1849,#1843,#330,.T.);
#2311=EDGE_CURVE('',#1851,#1848,#331,.T.);
#2312=EDGE_CURVE('',#1852,#1851,#1103,.T.);
#2313=EDGE_CURVE('',#1844,#1852,#332,.T.);
#2314=EDGE_CURVE('',#1853,#1854,#1104,.T.);
#2315=EDGE_CURVE('',#1853,#1855,#1105,.T.);
#2316=EDGE_CURVE('',#1856,#1855,#1106,.T.);
#2317=EDGE_CURVE('',#1854,#1856,#1107,.T.);
#2318=EDGE_CURVE('',#1854,#1857,#1108,.T.);
#2319=EDGE_CURVE('',#1858,#1856,#1109,.T.);
#2320=EDGE_CURVE('',#1857,#1858,#1110,.T.);
#2321=EDGE_CURVE('',#1855,#1851,#333,.T.);
#2322=EDGE_CURVE('',#1847,#1858,#334,.T.);
#2323=EDGE_CURVE('',#1846,#1859,#335,.T.);
#2324=EDGE_CURVE('',#1859,#1850,#1111,.T.);
#2325=EDGE_CURVE('',#1849,#1860,#1112,.T.);
#2326=EDGE_CURVE('',#1850,#1860,#1113,.T.);
#2327=EDGE_CURVE('',#1852,#1861,#1114,.T.);
#2328=EDGE_CURVE('',#1844,#1861,#336,.T.);
#2329=EDGE_CURVE('',#1843,#1862,#1115,.T.);
#2330=EDGE_CURVE('',#1862,#1849,#1116,.T.);
#2331=EDGE_CURVE('',#1863,#1857,#1117,.T.);
#2332=EDGE_CURVE('',#1864,#1863,#1118,.T.);
#2333=EDGE_CURVE('',#1864,#1853,#1119,.T.);
#2334=EDGE_CURVE('',#1857,#1865,#1120,.T.);
#2335=EDGE_CURVE('',#1866,#1865,#1121,.T.);
#2336=EDGE_CURVE('',#1863,#1866,#1122,.T.);
#2337=EDGE_CURVE('',#1867,#1866,#1123,.T.);
#2338=EDGE_CURVE('',#1864,#1867,#1124,.T.);
#2339=EDGE_CURVE('',#1868,#1867,#1125,.T.);
#2340=EDGE_CURVE('',#1853,#1868,#1126,.T.);
#2341=EDGE_CURVE('',#1869,#1868,#337,.T.);
#2342=EDGE_CURVE('',#1852,#1869,#1127,.T.);
#2343=EDGE_CURVE('',#1870,#1869,#1128,.T.);
#2344=EDGE_CURVE('',#1861,#1870,#1129,.T.);
#2345=EDGE_CURVE('',#1871,#1870,#338,.T.);
#2346=EDGE_CURVE('',#1842,#1871,#1130,.T.);
#2347=EDGE_CURVE('',#1872,#1871,#1131,.T.);
#2348=EDGE_CURVE('',#1862,#1872,#1132,.T.);
#2349=EDGE_CURVE('',#1873,#1872,#1133,.T.);
#2350=EDGE_CURVE('',#1860,#1873,#1134,.T.);
#2351=EDGE_CURVE('',#1874,#1873,#1135,.T.);
#2352=EDGE_CURVE('',#1859,#1874,#1136,.T.);
#2353=EDGE_CURVE('',#1875,#1846,#339,.T.);
#2354=EDGE_CURVE('',#1876,#1874,#340,.T.);
#2355=EDGE_CURVE('',#1875,#1876,#1137,.T.);
#2356=EDGE_CURVE('',#1845,#1875,#1138,.T.);
#2357=EDGE_CURVE('',#1877,#1876,#1139,.T.);
#2358=EDGE_CURVE('',#1845,#1877,#1140,.T.);
#2359=EDGE_CURVE('',#1865,#1877,#341,.T.);
#2360=EDGE_CURVE('',#1878,#1879,#1141,.T.);
#2361=EDGE_CURVE('',#1878,#1880,#1142,.T.);
#2362=EDGE_CURVE('',#1881,#1880,#1143,.T.);
#2363=EDGE_CURVE('',#1879,#1881,#1144,.T.);
#2364=EDGE_CURVE('',#1882,#1883,#1145,.T.);
#2365=EDGE_CURVE('',#1884,#1882,#1146,.T.);
#2366=EDGE_CURVE('',#1885,#1884,#342,.T.);
#2367=EDGE_CURVE('',#1885,#1886,#343,.T.);
#2368=EDGE_CURVE('',#1886,#1887,#1147,.T.);
#2369=EDGE_CURVE('',#1888,#1887,#344,.T.);
#2370=EDGE_CURVE('',#1888,#1889,#345,.T.);
#2371=EDGE_CURVE('',#1889,#1890,#346,.T.);
#2372=EDGE_CURVE('',#1890,#1891,#1148,.T.);
#2373=EDGE_CURVE('',#1892,#1891,#347,.T.);
#2374=EDGE_CURVE('',#1893,#1892,#1149,.T.);
#2375=EDGE_CURVE('',#1893,#1894,#348,.T.);
#2376=EDGE_CURVE('',#1895,#1894,#1150,.T.);
#2377=EDGE_CURVE('',#1896,#1895,#349,.T.);
#2378=EDGE_CURVE('',#1897,#1896,#1151,.T.);
#2379=EDGE_CURVE('',#1898,#1897,#1152,.T.);
#2380=EDGE_CURVE('',#1899,#1898,#1153,.T.);
#2381=EDGE_CURVE('',#1900,#1899,#1154,.T.);
#2382=EDGE_CURVE('',#1900,#1901,#1155,.T.);
#2383=EDGE_CURVE('',#1901,#1902,#1156,.T.);
#2384=EDGE_CURVE('',#1883,#1902,#1157,.T.);
#2385=EDGE_CURVE('',#1903,#1884,#59,.T.);
#2386=EDGE_CURVE('',#1904,#1903,#350,.T.);
#2387=EDGE_CURVE('',#1885,#1904,#1158,.T.);
#2388=EDGE_CURVE('',#1905,#1906,#1159,.T.);
#2389=EDGE_CURVE('',#1898,#1905,#1160,.T.);
#2390=EDGE_CURVE('',#1897,#1907,#1161,.T.);
#2391=EDGE_CURVE('',#1908,#1907,#1162,.T.);
#2392=EDGE_CURVE('',#1909,#1908,#1163,.T.);
#2393=EDGE_CURVE('',#1910,#1909,#1164,.T.);
#2394=EDGE_CURVE('',#1906,#1910,#1165,.T.);
#2395=EDGE_CURVE('',#1911,#1912,#1166,.T.);
#2396=EDGE_CURVE('',#1913,#1911,#1167,.T.);
#2397=EDGE_CURVE('',#1914,#1913,#1168,.T.);
#2398=EDGE_CURVE('',#1912,#1914,#1169,.T.);
#2399=EDGE_CURVE('',#1886,#1915,#1170,.T.);
#2400=EDGE_CURVE('',#1916,#1915,#1171,.T.);
#2401=EDGE_CURVE('',#1887,#1916,#1172,.T.);
#2402=EDGE_CURVE('',#1917,#1916,#351,.T.);
#2403=EDGE_CURVE('',#1888,#1917,#1173,.T.);
#2404=EDGE_CURVE('',#1918,#1917,#352,.T.);
#2405=EDGE_CURVE('',#1889,#1918,#1174,.T.);
#2406=EDGE_CURVE('',#1919,#1918,#353,.T.);
#2407=EDGE_CURVE('',#1890,#1919,#1175,.T.);
#2408=EDGE_CURVE('',#1920,#1919,#1176,.T.);
#2409=EDGE_CURVE('',#1891,#1920,#1177,.T.);
#2410=EDGE_CURVE('',#1921,#1920,#354,.T.);
#2411=EDGE_CURVE('',#1892,#1921,#1178,.T.);
#2412=EDGE_CURVE('',#1922,#1921,#1179,.T.);
#2413=EDGE_CURVE('',#1893,#1922,#1180,.T.);
#2414=EDGE_CURVE('',#1923,#1922,#355,.T.);
#2415=EDGE_CURVE('',#1894,#1923,#1181,.T.);
#2416=EDGE_CURVE('',#1924,#1923,#1182,.T.);
#2417=EDGE_CURVE('',#1895,#1924,#1183,.T.);
#2418=EDGE_CURVE('',#1925,#1924,#356,.T.);
#2419=EDGE_CURVE('',#1896,#1925,#1184,.T.);
#2420=EDGE_CURVE('',#1907,#1925,#1185,.T.);
#2421=EDGE_CURVE('',#1926,#1927,#1186,.T.);
#2422=EDGE_CURVE('',#1900,#1926,#1187,.T.);
#2423=EDGE_CURVE('',#1899,#1927,#1188,.T.);
#2424=EDGE_CURVE('',#1901,#1928,#1189,.T.);
#2425=EDGE_CURVE('',#1929,#1928,#1190,.T.);
#2426=EDGE_CURVE('',#1902,#1929,#1191,.T.);
#2427=EDGE_CURVE('',#1930,#1929,#1192,.T.);
#2428=EDGE_CURVE('',#1883,#1930,#1193,.T.);
#2429=EDGE_CURVE('',#1915,#1904,#357,.T.);
#2430=EDGE_CURVE('',#1930,#1931,#1194,.T.);
#2431=EDGE_CURVE('',#1928,#1881,#1195,.T.);
#2432=EDGE_CURVE('',#1880,#1908,#1196,.T.);
#2433=EDGE_CURVE('',#1931,#1903,#1197,.T.);
#2434=EDGE_CURVE('',#1911,#1913,#358,.T.);
#2435=EDGE_CURVE('',#1932,#1932,#359,.T.);
#2436=EDGE_CURVE('',#1914,#1912,#360,.T.);
#2437=EDGE_CURVE('',#1932,#1933,#1198,.T.);
#2438=EDGE_CURVE('',#1933,#1933,#361,.T.);
#2439=EDGE_CURVE('',#1927,#1878,#362,.T.);
#2440=EDGE_CURVE('',#1931,#1879,#363,.T.);
#2441=EDGE_CURVE('',#1926,#1882,#364,.T.);
#2442=EDGE_CURVE('',#1934,#1934,#365,.T.);
#2443=EDGE_CURVE('',#1934,#1935,#1199,.T.);
#2444=EDGE_CURVE('',#1935,#1935,#366,.T.);
#2445=EDGE_CURVE('',#1910,#1906,#367,.T.);
#2446=EDGE_CURVE('',#1936,#1936,#368,.T.);
#2447=EDGE_CURVE('',#1909,#1905,#369,.T.);
#2448=EDGE_CURVE('',#1936,#1937,#1200,.T.);
#2449=EDGE_CURVE('',#1937,#1937,#370,.T.);
#2450=EDGE_CURVE('',#1938,#1939,#371,.T.);
#2451=EDGE_CURVE('',#1938,#1940,#1201,.T.);
#2452=EDGE_CURVE('',#1941,#1940,#372,.T.);
#2453=EDGE_CURVE('',#1939,#1941,#1202,.T.);
#2454=EDGE_CURVE('',#1939,#1942,#373,.T.);
#2455=EDGE_CURVE('',#1943,#1941,#374,.T.);
#2456=EDGE_CURVE('',#1942,#1943,#1203,.T.);
#2457=EDGE_CURVE('',#1942,#1944,#375,.T.);
#2458=EDGE_CURVE('',#1945,#1943,#376,.T.);
#2459=EDGE_CURVE('',#1944,#1945,#1204,.T.);
#2460=EDGE_CURVE('',#1944,#1946,#1205,.T.);
#2461=EDGE_CURVE('',#1947,#1945,#1206,.T.);
#2462=EDGE_CURVE('',#1946,#1947,#1207,.T.);
#2463=EDGE_CURVE('',#1946,#1948,#1208,.T.);
#2464=EDGE_CURVE('',#1949,#1947,#1209,.T.);
#2465=EDGE_CURVE('',#1948,#1949,#1210,.T.);
#2466=EDGE_CURVE('',#1950,#1948,#1211,.T.);
#2467=EDGE_CURVE('',#1951,#1949,#1212,.T.);
#2468=EDGE_CURVE('',#1950,#1951,#1213,.T.);
#2469=EDGE_CURVE('',#1950,#1952,#377,.T.);
#2470=EDGE_CURVE('',#1953,#1951,#378,.T.);
#2471=EDGE_CURVE('',#1952,#1953,#1214,.T.);
#2472=EDGE_CURVE('',#1938,#1952,#379,.T.);
#2473=EDGE_CURVE('',#1940,#1953,#380,.T.);
#2474=EDGE_CURVE('',#1954,#1955,#1215,.T.);
#2475=EDGE_CURVE('',#1955,#1956,#1216,.T.);
#2476=EDGE_CURVE('',#1956,#1957,#1217,.T.);
#2477=EDGE_CURVE('',#1954,#1957,#1218,.T.);
#2478=EDGE_CURVE('',#1958,#1959,#1219,.T.);
#2479=EDGE_CURVE('',#1959,#1960,#1220,.T.);
#2480=EDGE_CURVE('',#1961,#1960,#1221,.T.);
#2481=EDGE_CURVE('',#1962,#1961,#1222,.T.);
#2482=EDGE_CURVE('',#1962,#1963,#1223,.T.);
#2483=EDGE_CURVE('',#1963,#1964,#1224,.T.);
#2484=EDGE_CURVE('',#1964,#1965,#1225,.T.);
#2485=EDGE_CURVE('',#1965,#1966,#1226,.T.);
#2486=EDGE_CURVE('',#1966,#1967,#381,.T.);
#2487=EDGE_CURVE('',#1967,#1968,#1227,.T.);
#2488=EDGE_CURVE('',#1969,#1968,#382,.T.);
#2489=EDGE_CURVE('',#1969,#1970,#1228,.T.);
#2490=EDGE_CURVE('',#1970,#1971,#383,.T.);
#2491=EDGE_CURVE('',#1972,#1971,#1229,.T.);
#2492=EDGE_CURVE('',#1973,#1972,#384,.T.);
#2493=EDGE_CURVE('',#1974,#1973,#385,.T.);
#2494=EDGE_CURVE('',#1974,#1975,#386,.T.);
#2495=EDGE_CURVE('',#1976,#1975,#1230,.T.);
#2496=EDGE_CURVE('',#1977,#1976,#387,.T.);
#2497=EDGE_CURVE('',#1977,#1978,#388,.T.);
#2498=EDGE_CURVE('',#1978,#1958,#1231,.T.);
#2499=EDGE_CURVE('',#1979,#1978,#60,.T.);
#2500=EDGE_CURVE('',#1977,#1980,#1232,.T.);
#2501=EDGE_CURVE('',#1980,#1979,#389,.T.);
#2502=EDGE_CURVE('',#1981,#1982,#1233,.T.);
#2503=EDGE_CURVE('',#1982,#1983,#1234,.T.);
#2504=EDGE_CURVE('',#1983,#1984,#1235,.T.);
#2505=EDGE_CURVE('',#1984,#1985,#1236,.T.);
#2506=EDGE_CURVE('',#1985,#1986,#1237,.T.);
#2507=EDGE_CURVE('',#1965,#1986,#1238,.T.);
#2508=EDGE_CURVE('',#1964,#1981,#1239,.T.);
#2509=EDGE_CURVE('',#1987,#1988,#1240,.T.);
#2510=EDGE_CURVE('',#1988,#1989,#1241,.T.);
#2511=EDGE_CURVE('',#1989,#1990,#1242,.T.);
#2512=EDGE_CURVE('',#1990,#1987,#1243,.T.);
#2513=EDGE_CURVE('',#1975,#1991,#1244,.T.);
#2514=EDGE_CURVE('',#1991,#1992,#1245,.T.);
#2515=EDGE_CURVE('',#1976,#1992,#1246,.T.);
#2516=EDGE_CURVE('',#1974,#1993,#1247,.T.);
#2517=EDGE_CURVE('',#1993,#1991,#390,.T.);
#2518=EDGE_CURVE('',#1973,#1994,#1248,.T.);
#2519=EDGE_CURVE('',#1994,#1993,#391,.T.);
#2520=EDGE_CURVE('',#1972,#1995,#1249,.T.);
#2521=EDGE_CURVE('',#1995,#1994,#392,.T.);
#2522=EDGE_CURVE('',#1971,#1996,#1250,.T.);
#2523=EDGE_CURVE('',#1996,#1995,#1251,.T.);
#2524=EDGE_CURVE('',#1970,#1997,#1252,.T.);
#2525=EDGE_CURVE('',#1997,#1996,#393,.T.);
#2526=EDGE_CURVE('',#1969,#1998,#1253,.T.);
#2527=EDGE_CURVE('',#1998,#1997,#1254,.T.);
#2528=EDGE_CURVE('',#1968,#1999,#1255,.T.);
#2529=EDGE_CURVE('',#1999,#1998,#394,.T.);
#2530=EDGE_CURVE('',#1967,#2000,#1256,.T.);
#2531=EDGE_CURVE('',#2000,#1999,#1257,.T.);
#2532=EDGE_CURVE('',#1966,#2001,#1258,.T.);
#2533=EDGE_CURVE('',#2001,#2000,#395,.T.);
#2534=EDGE_CURVE('',#1986,#2001,#1259,.T.);
#2535=EDGE_CURVE('',#2002,#2003,#1260,.T.);
#2536=EDGE_CURVE('',#1963,#2003,#1261,.T.);
#2537=EDGE_CURVE('',#1962,#2002,#1262,.T.);
#2538=EDGE_CURVE('',#1960,#2004,#1263,.T.);
#2539=EDGE_CURVE('',#2004,#2005,#1264,.T.);
#2540=EDGE_CURVE('',#1961,#2005,#1265,.T.);
#2541=EDGE_CURVE('',#1959,#2006,#1266,.T.);
#2542=EDGE_CURVE('',#2006,#2004,#1267,.T.);
#2543=EDGE_CURVE('',#1992,#1980,#396,.T.);
#2544=EDGE_CURVE('',#2006,#2007,#1268,.T.);
#2545=EDGE_CURVE('',#2007,#1979,#1269,.T.);
#2546=EDGE_CURVE('',#1957,#1985,#1270,.T.);
#2547=EDGE_CURVE('',#2005,#1956,#1271,.T.);
#2548=EDGE_CURVE('',#1987,#1990,#397,.T.);
#2549=EDGE_CURVE('',#2008,#2008,#398,.T.);
#2550=EDGE_CURVE('',#1989,#1988,#399,.T.);
#2551=EDGE_CURVE('',#2008,#2009,#1272,.T.);
#2552=EDGE_CURVE('',#2009,#2009,#400,.T.);
#2553=EDGE_CURVE('',#2002,#1958,#401,.T.);
#2554=EDGE_CURVE('',#2007,#1955,#402,.T.);
#2555=EDGE_CURVE('',#2003,#1954,#403,.T.);
#2556=EDGE_CURVE('',#2010,#2010,#404,.T.);
#2557=EDGE_CURVE('',#2010,#2011,#1273,.T.);
#2558=EDGE_CURVE('',#2011,#2011,#405,.T.);
#2559=EDGE_CURVE('',#1983,#1982,#406,.T.);
#2560=EDGE_CURVE('',#2012,#2012,#407,.T.);
#2561=EDGE_CURVE('',#1984,#1981,#408,.T.);
#2562=EDGE_CURVE('',#2012,#2013,#1274,.T.);
#2563=EDGE_CURVE('',#2013,#2013,#409,.T.);
#2564=EDGE_CURVE('',#2014,#2015,#410,.T.);
#2565=EDGE_CURVE('',#2015,#2016,#1275,.T.);
#2566=EDGE_CURVE('',#2016,#2017,#411,.T.);
#2567=EDGE_CURVE('',#2014,#2017,#1276,.T.);
#2568=EDGE_CURVE('',#2015,#2018,#412,.T.);
#2569=EDGE_CURVE('',#2018,#2019,#1277,.T.);
#2570=EDGE_CURVE('',#2019,#2016,#413,.T.);
#2571=EDGE_CURVE('',#2018,#2020,#414,.T.);
#2572=EDGE_CURVE('',#2020,#2021,#1278,.T.);
#2573=EDGE_CURVE('',#2021,#2019,#415,.T.);
#2574=EDGE_CURVE('',#2020,#2022,#1279,.T.);
#2575=EDGE_CURVE('',#2022,#2023,#1280,.T.);
#2576=EDGE_CURVE('',#2023,#2021,#1281,.T.);
#2577=EDGE_CURVE('',#2022,#2024,#1282,.T.);
#2578=EDGE_CURVE('',#2024,#2025,#1283,.T.);
#2579=EDGE_CURVE('',#2025,#2023,#1284,.T.);
#2580=EDGE_CURVE('',#2026,#2024,#1285,.T.);
#2581=EDGE_CURVE('',#2026,#2027,#1286,.T.);
#2582=EDGE_CURVE('',#2027,#2025,#1287,.T.);
#2583=EDGE_CURVE('',#2026,#2028,#416,.T.);
#2584=EDGE_CURVE('',#2028,#2029,#1288,.T.);
#2585=EDGE_CURVE('',#2029,#2027,#417,.T.);
#2586=EDGE_CURVE('',#2014,#2028,#418,.T.);
#2587=EDGE_CURVE('',#2017,#2029,#419,.T.);
#2588=ORIENTED_EDGE('',*,*,#2030,.T.);
#2589=ORIENTED_EDGE('',*,*,#2031,.T.);
#2590=ORIENTED_EDGE('',*,*,#2032,.F.);
#2591=ORIENTED_EDGE('',*,*,#2033,.F.);
#2592=ORIENTED_EDGE('',*,*,#2034,.F.);
#2593=ORIENTED_EDGE('',*,*,#2035,.T.);
#2594=ORIENTED_EDGE('',*,*,#2032,.T.);
#2595=ORIENTED_EDGE('',*,*,#2036,.T.);
#2596=ORIENTED_EDGE('',*,*,#2037,.F.);
#2597=ORIENTED_EDGE('',*,*,#2038,.F.);
#2598=ORIENTED_EDGE('',*,*,#2030,.F.);
#2599=ORIENTED_EDGE('',*,*,#2039,.F.);
#2600=ORIENTED_EDGE('',*,*,#2037,.T.);
#2601=ORIENTED_EDGE('',*,*,#2040,.F.);
#2602=ORIENTED_EDGE('',*,*,#2041,.F.);
#2603=ORIENTED_EDGE('',*,*,#2042,.T.);
#2604=ORIENTED_EDGE('',*,*,#2043,.F.);
#2605=ORIENTED_EDGE('',*,*,#2044,.T.);
#2606=ORIENTED_EDGE('',*,*,#2045,.F.);
#2607=ORIENTED_EDGE('',*,*,#2046,.F.);
#2608=ORIENTED_EDGE('',*,*,#2047,.F.);
#2609=ORIENTED_EDGE('',*,*,#2046,.T.);
#2610=ORIENTED_EDGE('',*,*,#2048,.F.);
#2611=ORIENTED_EDGE('',*,*,#2049,.F.);
#2612=ORIENTED_EDGE('',*,*,#2050,.F.);
#2613=ORIENTED_EDGE('',*,*,#2049,.T.);
#2614=ORIENTED_EDGE('',*,*,#2051,.F.);
#2615=ORIENTED_EDGE('',*,*,#2052,.F.);
#2616=ORIENTED_EDGE('',*,*,#2053,.F.);
#2617=ORIENTED_EDGE('',*,*,#2052,.T.);
#2618=ORIENTED_EDGE('',*,*,#2054,.F.);
#2619=ORIENTED_EDGE('',*,*,#2044,.F.);
#2620=ORIENTED_EDGE('',*,*,#2054,.T.);
#2621=ORIENTED_EDGE('',*,*,#2051,.T.);
#2622=ORIENTED_EDGE('',*,*,#2048,.T.);
#2623=ORIENTED_EDGE('',*,*,#2045,.T.);
#2624=ORIENTED_EDGE('',*,*,#2055,.F.);
#2625=ORIENTED_EDGE('',*,*,#2056,.F.);
#2626=ORIENTED_EDGE('',*,*,#2057,.T.);
#2627=ORIENTED_EDGE('',*,*,#2058,.T.);
#2628=ORIENTED_EDGE('',*,*,#2059,.F.);
#2629=ORIENTED_EDGE('',*,*,#2060,.F.);
#2630=ORIENTED_EDGE('',*,*,#2061,.T.);
#2631=ORIENTED_EDGE('',*,*,#2062,.F.);
#2632=ORIENTED_EDGE('',*,*,#2061,.F.);
#2633=ORIENTED_EDGE('',*,*,#2063,.F.);
#2634=ORIENTED_EDGE('',*,*,#2064,.F.);
#2635=ORIENTED_EDGE('',*,*,#2057,.F.);
#2636=ORIENTED_EDGE('',*,*,#2058,.F.);
#2637=ORIENTED_EDGE('',*,*,#2065,.T.);
#2638=ORIENTED_EDGE('',*,*,#2066,.F.);
#2639=ORIENTED_EDGE('',*,*,#2067,.F.);
#2640=ORIENTED_EDGE('',*,*,#2065,.F.);
#2641=ORIENTED_EDGE('',*,*,#2068,.F.);
#2642=ORIENTED_EDGE('',*,*,#2064,.T.);
#2643=ORIENTED_EDGE('',*,*,#2069,.F.);
#2644=ORIENTED_EDGE('',*,*,#2070,.F.);
#2645=ORIENTED_EDGE('',*,*,#2066,.T.);
#2646=ORIENTED_EDGE('',*,*,#2067,.T.);
#2647=ORIENTED_EDGE('',*,*,#2071,.F.);
#2648=ORIENTED_EDGE('',*,*,#2055,.T.);
#2649=ORIENTED_EDGE('',*,*,#2062,.T.);
#2650=ORIENTED_EDGE('',*,*,#2068,.T.);
#2651=ORIENTED_EDGE('',*,*,#2072,.F.);
#2652=ORIENTED_EDGE('',*,*,#2073,.F.);
#2653=ORIENTED_EDGE('',*,*,#2074,.F.);
#2654=ORIENTED_EDGE('',*,*,#2075,.T.);
#2655=ORIENTED_EDGE('',*,*,#2076,.T.);
#2656=ORIENTED_EDGE('',*,*,#2077,.F.);
#2657=ORIENTED_EDGE('',*,*,#2040,.T.);
#2658=ORIENTED_EDGE('',*,*,#2039,.T.);
#2659=ORIENTED_EDGE('',*,*,#2033,.T.);
#2660=ORIENTED_EDGE('',*,*,#2035,.F.);
#2661=ORIENTED_EDGE('',*,*,#2078,.T.);
#2662=ORIENTED_EDGE('',*,*,#2079,.F.);
#2663=ORIENTED_EDGE('',*,*,#2080,.F.);
#2664=ORIENTED_EDGE('',*,*,#2071,.T.);
#2665=ORIENTED_EDGE('',*,*,#2070,.T.);
#2666=ORIENTED_EDGE('',*,*,#2081,.F.);
#2667=ORIENTED_EDGE('',*,*,#2082,.F.);
#2668=ORIENTED_EDGE('',*,*,#2083,.F.);
#2669=ORIENTED_EDGE('',*,*,#2072,.T.);
#2670=ORIENTED_EDGE('',*,*,#2056,.T.);
#2671=ORIENTED_EDGE('',*,*,#2080,.T.);
#2672=ORIENTED_EDGE('',*,*,#2084,.F.);
#2673=ORIENTED_EDGE('',*,*,#2085,.F.);
#2674=ORIENTED_EDGE('',*,*,#2059,.T.);
#2675=ORIENTED_EDGE('',*,*,#2034,.T.);
#2676=ORIENTED_EDGE('',*,*,#2086,.T.);
#2677=ORIENTED_EDGE('',*,*,#2087,.F.);
#2678=ORIENTED_EDGE('',*,*,#2078,.F.);
#2679=ORIENTED_EDGE('',*,*,#2079,.T.);
#2680=ORIENTED_EDGE('',*,*,#2087,.T.);
#2681=ORIENTED_EDGE('',*,*,#2088,.T.);
#2682=ORIENTED_EDGE('',*,*,#2084,.T.);
#2683=ORIENTED_EDGE('',*,*,#2043,.T.);
#2684=ORIENTED_EDGE('',*,*,#2047,.T.);
#2685=ORIENTED_EDGE('',*,*,#2050,.T.);
#2686=ORIENTED_EDGE('',*,*,#2053,.T.);
#2687=ORIENTED_EDGE('',*,*,#2089,.T.);
#2688=ORIENTED_EDGE('',*,*,#2090,.T.);
#2689=ORIENTED_EDGE('',*,*,#2073,.T.);
#2690=ORIENTED_EDGE('',*,*,#2083,.T.);
#2691=ORIENTED_EDGE('',*,*,#2091,.T.);
#2692=ORIENTED_EDGE('',*,*,#2092,.T.);
#2693=ORIENTED_EDGE('',*,*,#2082,.T.);
#2694=ORIENTED_EDGE('',*,*,#2041,.T.);
#2695=ORIENTED_EDGE('',*,*,#2077,.T.);
#2696=ORIENTED_EDGE('',*,*,#2093,.T.);
#2697=ORIENTED_EDGE('',*,*,#2094,.T.);
#2698=ORIENTED_EDGE('',*,*,#2095,.T.);
#2699=ORIENTED_EDGE('',*,*,#2096,.T.);
#2700=ORIENTED_EDGE('',*,*,#2091,.F.);
#2701=ORIENTED_EDGE('',*,*,#2092,.F.);
#2702=ORIENTED_EDGE('',*,*,#2097,.T.);
#2703=ORIENTED_EDGE('',*,*,#2098,.F.);
#2704=ORIENTED_EDGE('',*,*,#2097,.F.);
#2705=ORIENTED_EDGE('',*,*,#2099,.F.);
#2706=ORIENTED_EDGE('',*,*,#2074,.T.);
#2707=ORIENTED_EDGE('',*,*,#2090,.F.);
#2708=ORIENTED_EDGE('',*,*,#2100,.F.);
#2709=ORIENTED_EDGE('',*,*,#2060,.T.);
#2710=ORIENTED_EDGE('',*,*,#2085,.T.);
#2711=ORIENTED_EDGE('',*,*,#2088,.F.);
#2712=ORIENTED_EDGE('',*,*,#2086,.F.);
#2713=ORIENTED_EDGE('',*,*,#2036,.F.);
#2714=ORIENTED_EDGE('',*,*,#2031,.F.);
#2715=ORIENTED_EDGE('',*,*,#2038,.T.);
#2716=ORIENTED_EDGE('',*,*,#2042,.F.);
#2717=ORIENTED_EDGE('',*,*,#2094,.F.);
#2718=ORIENTED_EDGE('',*,*,#2101,.F.);
#2719=ORIENTED_EDGE('',*,*,#2102,.T.);
#2720=ORIENTED_EDGE('',*,*,#2100,.T.);
#2721=ORIENTED_EDGE('',*,*,#2089,.F.);
#2722=ORIENTED_EDGE('',*,*,#2081,.T.);
#2723=ORIENTED_EDGE('',*,*,#2069,.T.);
#2724=ORIENTED_EDGE('',*,*,#2063,.T.);
#2725=ORIENTED_EDGE('',*,*,#2095,.F.);
#2726=ORIENTED_EDGE('',*,*,#2103,.T.);
#2727=ORIENTED_EDGE('',*,*,#2076,.F.);
#2728=ORIENTED_EDGE('',*,*,#2104,.T.);
#2729=ORIENTED_EDGE('',*,*,#2096,.F.);
#2730=ORIENTED_EDGE('',*,*,#2104,.F.);
#2731=ORIENTED_EDGE('',*,*,#2105,.F.);
#2732=ORIENTED_EDGE('',*,*,#2101,.T.);
#2733=ORIENTED_EDGE('',*,*,#2093,.F.);
#2734=ORIENTED_EDGE('',*,*,#2103,.F.);
#2735=ORIENTED_EDGE('',*,*,#2105,.T.);
#2736=ORIENTED_EDGE('',*,*,#2075,.F.);
#2737=ORIENTED_EDGE('',*,*,#2099,.T.);
#2738=ORIENTED_EDGE('',*,*,#2102,.F.);
#2739=ORIENTED_EDGE('',*,*,#2098,.T.);
#2740=ORIENTED_EDGE('',*,*,#2106,.F.);
#2741=ORIENTED_EDGE('',*,*,#2107,.T.);
#2742=ORIENTED_EDGE('',*,*,#2108,.T.);
#2743=ORIENTED_EDGE('',*,*,#2107,.F.);
#2744=ORIENTED_EDGE('',*,*,#2108,.F.);
#2745=ORIENTED_EDGE('',*,*,#2109,.F.);
#2746=ORIENTED_EDGE('',*,*,#2110,.T.);
#2747=ORIENTED_EDGE('',*,*,#2111,.F.);
#2748=ORIENTED_EDGE('',*,*,#2110,.F.);
#2749=ORIENTED_EDGE('',*,*,#2111,.T.);
#2750=ORIENTED_EDGE('',*,*,#2112,.F.);
#2751=ORIENTED_EDGE('',*,*,#2113,.T.);
#2752=ORIENTED_EDGE('',*,*,#2114,.F.);
#2753=ORIENTED_EDGE('',*,*,#2113,.F.);
#2754=ORIENTED_EDGE('',*,*,#2112,.T.);
#2755=ORIENTED_EDGE('',*,*,#2115,.F.);
#2756=ORIENTED_EDGE('',*,*,#2116,.T.);
#2757=ORIENTED_EDGE('',*,*,#2117,.F.);
#2758=ORIENTED_EDGE('',*,*,#2116,.F.);
#2759=ORIENTED_EDGE('',*,*,#2115,.T.);
#2760=ORIENTED_EDGE('',*,*,#2114,.T.);
#2761=ORIENTED_EDGE('',*,*,#2118,.F.);
#2762=ORIENTED_EDGE('',*,*,#2119,.T.);
#2763=ORIENTED_EDGE('',*,*,#2120,.F.);
#2764=ORIENTED_EDGE('',*,*,#2119,.F.);
#2765=ORIENTED_EDGE('',*,*,#2120,.T.);
#2766=ORIENTED_EDGE('',*,*,#2117,.T.);
#2767=ORIENTED_EDGE('',*,*,#2118,.T.);
#2768=ORIENTED_EDGE('',*,*,#2106,.T.);
#2769=ORIENTED_EDGE('',*,*,#2109,.T.);
#2770=ORIENTED_EDGE('',*,*,#2121,.F.);
#2771=ORIENTED_EDGE('',*,*,#2122,.T.);
#2772=ORIENTED_EDGE('',*,*,#2123,.T.);
#2773=ORIENTED_EDGE('',*,*,#2122,.F.);
#2774=ORIENTED_EDGE('',*,*,#2124,.F.);
#2775=ORIENTED_EDGE('',*,*,#2125,.T.);
#2776=ORIENTED_EDGE('',*,*,#2126,.T.);
#2777=ORIENTED_EDGE('',*,*,#2125,.F.);
#2778=ORIENTED_EDGE('',*,*,#2127,.F.);
#2779=ORIENTED_EDGE('',*,*,#2128,.T.);
#2780=ORIENTED_EDGE('',*,*,#2129,.F.);
#2781=ORIENTED_EDGE('',*,*,#2130,.F.);
#2782=ORIENTED_EDGE('',*,*,#2131,.T.);
#2783=ORIENTED_EDGE('',*,*,#2130,.T.);
#2784=ORIENTED_EDGE('',*,*,#2132,.F.);
#2785=ORIENTED_EDGE('',*,*,#2133,.F.);
#2786=ORIENTED_EDGE('',*,*,#2134,.T.);
#2787=ORIENTED_EDGE('',*,*,#2133,.T.);
#2788=ORIENTED_EDGE('',*,*,#2135,.F.);
#2789=ORIENTED_EDGE('',*,*,#2136,.F.);
#2790=ORIENTED_EDGE('',*,*,#2137,.T.);
#2791=ORIENTED_EDGE('',*,*,#2136,.T.);
#2792=ORIENTED_EDGE('',*,*,#2138,.F.);
#2793=ORIENTED_EDGE('',*,*,#2128,.F.);
#2794=ORIENTED_EDGE('',*,*,#2138,.T.);
#2795=ORIENTED_EDGE('',*,*,#2135,.T.);
#2796=ORIENTED_EDGE('',*,*,#2132,.T.);
#2797=ORIENTED_EDGE('',*,*,#2129,.T.);
#2798=ORIENTED_EDGE('',*,*,#2124,.T.);
#2799=ORIENTED_EDGE('',*,*,#2121,.T.);
#2800=ORIENTED_EDGE('',*,*,#2137,.F.);
#2801=ORIENTED_EDGE('',*,*,#2127,.T.);
#2802=ORIENTED_EDGE('',*,*,#2131,.F.);
#2803=ORIENTED_EDGE('',*,*,#2134,.F.);
#2804=ORIENTED_EDGE('',*,*,#2126,.F.);
#2805=ORIENTED_EDGE('',*,*,#2123,.F.);
#2806=ORIENTED_EDGE('',*,*,#2139,.F.);
#2807=ORIENTED_EDGE('',*,*,#2140,.T.);
#2808=ORIENTED_EDGE('',*,*,#2141,.T.);
#2809=ORIENTED_EDGE('',*,*,#2140,.F.);
#2810=ORIENTED_EDGE('',*,*,#2142,.F.);
#2811=ORIENTED_EDGE('',*,*,#2143,.T.);
#2812=ORIENTED_EDGE('',*,*,#2144,.T.);
#2813=ORIENTED_EDGE('',*,*,#2143,.F.);
#2814=ORIENTED_EDGE('',*,*,#2145,.F.);
#2815=ORIENTED_EDGE('',*,*,#2146,.T.);
#2816=ORIENTED_EDGE('',*,*,#2147,.F.);
#2817=ORIENTED_EDGE('',*,*,#2148,.F.);
#2818=ORIENTED_EDGE('',*,*,#2149,.T.);
#2819=ORIENTED_EDGE('',*,*,#2148,.T.);
#2820=ORIENTED_EDGE('',*,*,#2150,.F.);
#2821=ORIENTED_EDGE('',*,*,#2151,.F.);
#2822=ORIENTED_EDGE('',*,*,#2152,.T.);
#2823=ORIENTED_EDGE('',*,*,#2151,.T.);
#2824=ORIENTED_EDGE('',*,*,#2153,.F.);
#2825=ORIENTED_EDGE('',*,*,#2154,.F.);
#2826=ORIENTED_EDGE('',*,*,#2155,.T.);
#2827=ORIENTED_EDGE('',*,*,#2154,.T.);
#2828=ORIENTED_EDGE('',*,*,#2156,.F.);
#2829=ORIENTED_EDGE('',*,*,#2146,.F.);
#2830=ORIENTED_EDGE('',*,*,#2156,.T.);
#2831=ORIENTED_EDGE('',*,*,#2153,.T.);
#2832=ORIENTED_EDGE('',*,*,#2150,.T.);
#2833=ORIENTED_EDGE('',*,*,#2147,.T.);
#2834=ORIENTED_EDGE('',*,*,#2142,.T.);
#2835=ORIENTED_EDGE('',*,*,#2139,.T.);
#2836=ORIENTED_EDGE('',*,*,#2155,.F.);
#2837=ORIENTED_EDGE('',*,*,#2145,.T.);
#2838=ORIENTED_EDGE('',*,*,#2149,.F.);
#2839=ORIENTED_EDGE('',*,*,#2152,.F.);
#2840=ORIENTED_EDGE('',*,*,#2144,.F.);
#2841=ORIENTED_EDGE('',*,*,#2141,.F.);
#2842=ORIENTED_EDGE('',*,*,#2157,.F.);
#2843=ORIENTED_EDGE('',*,*,#2158,.T.);
#2844=ORIENTED_EDGE('',*,*,#2159,.F.);
#2845=ORIENTED_EDGE('',*,*,#2158,.F.);
#2846=ORIENTED_EDGE('',*,*,#2160,.F.);
#2847=ORIENTED_EDGE('',*,*,#2161,.T.);
#2848=ORIENTED_EDGE('',*,*,#2162,.F.);
#2849=ORIENTED_EDGE('',*,*,#2161,.F.);
#2850=ORIENTED_EDGE('',*,*,#2159,.T.);
#2851=ORIENTED_EDGE('',*,*,#2160,.T.);
#2852=ORIENTED_EDGE('',*,*,#2163,.T.);
#2853=ORIENTED_EDGE('',*,*,#2164,.T.);
#2854=ORIENTED_EDGE('',*,*,#2165,.F.);
#2855=ORIENTED_EDGE('',*,*,#2166,.F.);
#2856=ORIENTED_EDGE('',*,*,#2167,.T.);
#2857=ORIENTED_EDGE('',*,*,#2166,.T.);
#2858=ORIENTED_EDGE('',*,*,#2168,.F.);
#2859=ORIENTED_EDGE('',*,*,#2169,.F.);
#2860=ORIENTED_EDGE('',*,*,#2170,.T.);
#2861=ORIENTED_EDGE('',*,*,#2169,.T.);
#2862=ORIENTED_EDGE('',*,*,#2171,.F.);
#2863=ORIENTED_EDGE('',*,*,#2164,.F.);
#2864=ORIENTED_EDGE('',*,*,#2172,.F.);
#2865=ORIENTED_EDGE('',*,*,#2173,.T.);
#2866=ORIENTED_EDGE('',*,*,#2174,.F.);
#2867=ORIENTED_EDGE('',*,*,#2175,.F.);
#2868=ORIENTED_EDGE('',*,*,#2176,.T.);
#2869=ORIENTED_EDGE('',*,*,#2175,.T.);
#2870=ORIENTED_EDGE('',*,*,#2177,.F.);
#2871=ORIENTED_EDGE('',*,*,#2178,.F.);
#2872=ORIENTED_EDGE('',*,*,#2179,.T.);
#2873=ORIENTED_EDGE('',*,*,#2178,.T.);
#2874=ORIENTED_EDGE('',*,*,#2180,.F.);
#2875=ORIENTED_EDGE('',*,*,#2181,.F.);
#2876=ORIENTED_EDGE('',*,*,#2182,.T.);
#2877=ORIENTED_EDGE('',*,*,#2181,.T.);
#2878=ORIENTED_EDGE('',*,*,#2183,.F.);
#2879=ORIENTED_EDGE('',*,*,#2173,.F.);
#2880=ORIENTED_EDGE('',*,*,#2183,.T.);
#2881=ORIENTED_EDGE('',*,*,#2180,.T.);
#2882=ORIENTED_EDGE('',*,*,#2177,.T.);
#2883=ORIENTED_EDGE('',*,*,#2174,.T.);
#2884=ORIENTED_EDGE('',*,*,#2162,.T.);
#2885=ORIENTED_EDGE('',*,*,#2171,.T.);
#2886=ORIENTED_EDGE('',*,*,#2168,.T.);
#2887=ORIENTED_EDGE('',*,*,#2165,.T.);
#2888=ORIENTED_EDGE('',*,*,#2182,.F.);
#2889=ORIENTED_EDGE('',*,*,#2172,.T.);
#2890=ORIENTED_EDGE('',*,*,#2176,.F.);
#2891=ORIENTED_EDGE('',*,*,#2179,.F.);
#2892=ORIENTED_EDGE('',*,*,#2157,.T.);
#2893=ORIENTED_EDGE('',*,*,#2170,.F.);
#2894=ORIENTED_EDGE('',*,*,#2163,.F.);
#2895=ORIENTED_EDGE('',*,*,#2167,.F.);
#2896=ORIENTED_EDGE('',*,*,#2184,.T.);
#2897=ORIENTED_EDGE('',*,*,#2185,.T.);
#2898=ORIENTED_EDGE('',*,*,#2186,.T.);
#2899=ORIENTED_EDGE('',*,*,#2185,.F.);
#2900=ORIENTED_EDGE('',*,*,#2187,.T.);
#2901=ORIENTED_EDGE('',*,*,#2188,.T.);
#2902=ORIENTED_EDGE('',*,*,#2189,.T.);
#2903=ORIENTED_EDGE('',*,*,#2188,.F.);
#2904=ORIENTED_EDGE('',*,*,#2186,.F.);
#2905=ORIENTED_EDGE('',*,*,#2187,.F.);
#2906=ORIENTED_EDGE('',*,*,#2190,.F.);
#2907=ORIENTED_EDGE('',*,*,#2191,.T.);
#2908=ORIENTED_EDGE('',*,*,#2192,.T.);
#2909=ORIENTED_EDGE('',*,*,#2193,.F.);
#2910=ORIENTED_EDGE('',*,*,#2194,.F.);
#2911=ORIENTED_EDGE('',*,*,#2195,.T.);
#2912=ORIENTED_EDGE('',*,*,#2196,.T.);
#2913=ORIENTED_EDGE('',*,*,#2191,.F.);
#2914=ORIENTED_EDGE('',*,*,#2197,.F.);
#2915=ORIENTED_EDGE('',*,*,#2193,.T.);
#2916=ORIENTED_EDGE('',*,*,#2198,.T.);
#2917=ORIENTED_EDGE('',*,*,#2195,.F.);
#2918=ORIENTED_EDGE('',*,*,#2199,.T.);
#2919=ORIENTED_EDGE('',*,*,#2200,.T.);
#2920=ORIENTED_EDGE('',*,*,#2201,.T.);
#2921=ORIENTED_EDGE('',*,*,#2202,.F.);
#2922=ORIENTED_EDGE('',*,*,#2203,.F.);
#2923=ORIENTED_EDGE('',*,*,#2204,.T.);
#2924=ORIENTED_EDGE('',*,*,#2205,.T.);
#2925=ORIENTED_EDGE('',*,*,#2200,.F.);
#2926=ORIENTED_EDGE('',*,*,#2206,.F.);
#2927=ORIENTED_EDGE('',*,*,#2207,.T.);
#2928=ORIENTED_EDGE('',*,*,#2208,.T.);
#2929=ORIENTED_EDGE('',*,*,#2204,.F.);
#2930=ORIENTED_EDGE('',*,*,#2209,.F.);
#2931=ORIENTED_EDGE('',*,*,#2202,.T.);
#2932=ORIENTED_EDGE('',*,*,#2210,.T.);
#2933=ORIENTED_EDGE('',*,*,#2207,.F.);
#2934=ORIENTED_EDGE('',*,*,#2210,.F.);
#2935=ORIENTED_EDGE('',*,*,#2201,.F.);
#2936=ORIENTED_EDGE('',*,*,#2205,.F.);
#2937=ORIENTED_EDGE('',*,*,#2208,.F.);
#2938=ORIENTED_EDGE('',*,*,#2189,.F.);
#2939=ORIENTED_EDGE('',*,*,#2198,.F.);
#2940=ORIENTED_EDGE('',*,*,#2192,.F.);
#2941=ORIENTED_EDGE('',*,*,#2196,.F.);
#2942=ORIENTED_EDGE('',*,*,#2209,.T.);
#2943=ORIENTED_EDGE('',*,*,#2206,.T.);
#2944=ORIENTED_EDGE('',*,*,#2203,.T.);
#2945=ORIENTED_EDGE('',*,*,#2199,.F.);
#2946=ORIENTED_EDGE('',*,*,#2184,.F.);
#2947=ORIENTED_EDGE('',*,*,#2197,.T.);
#2948=ORIENTED_EDGE('',*,*,#2194,.T.);
#2949=ORIENTED_EDGE('',*,*,#2190,.T.);
#2950=ORIENTED_EDGE('',*,*,#2211,.F.);
#2951=ORIENTED_EDGE('',*,*,#2212,.T.);
#2952=ORIENTED_EDGE('',*,*,#2213,.F.);
#2953=ORIENTED_EDGE('',*,*,#2212,.F.);
#2954=ORIENTED_EDGE('',*,*,#2211,.T.);
#2955=ORIENTED_EDGE('',*,*,#2214,.F.);
#2956=ORIENTED_EDGE('',*,*,#2215,.T.);
#2957=ORIENTED_EDGE('',*,*,#2216,.T.);
#2958=ORIENTED_EDGE('',*,*,#2215,.F.);
#2959=ORIENTED_EDGE('',*,*,#2217,.F.);
#2960=ORIENTED_EDGE('',*,*,#2218,.T.);
#2961=ORIENTED_EDGE('',*,*,#2219,.F.);
#2962=ORIENTED_EDGE('',*,*,#2220,.F.);
#2963=ORIENTED_EDGE('',*,*,#2221,.T.);
#2964=ORIENTED_EDGE('',*,*,#2220,.T.);
#2965=ORIENTED_EDGE('',*,*,#2222,.F.);
#2966=ORIENTED_EDGE('',*,*,#2223,.F.);
#2967=ORIENTED_EDGE('',*,*,#2224,.T.);
#2968=ORIENTED_EDGE('',*,*,#2223,.T.);
#2969=ORIENTED_EDGE('',*,*,#2225,.F.);
#2970=ORIENTED_EDGE('',*,*,#2226,.F.);
#2971=ORIENTED_EDGE('',*,*,#2227,.T.);
#2972=ORIENTED_EDGE('',*,*,#2226,.T.);
#2973=ORIENTED_EDGE('',*,*,#2228,.F.);
#2974=ORIENTED_EDGE('',*,*,#2218,.F.);
#2975=ORIENTED_EDGE('',*,*,#2228,.T.);
#2976=ORIENTED_EDGE('',*,*,#2225,.T.);
#2977=ORIENTED_EDGE('',*,*,#2222,.T.);
#2978=ORIENTED_EDGE('',*,*,#2219,.T.);
#2979=ORIENTED_EDGE('',*,*,#2214,.T.);
#2980=ORIENTED_EDGE('',*,*,#2227,.F.);
#2981=ORIENTED_EDGE('',*,*,#2217,.T.);
#2982=ORIENTED_EDGE('',*,*,#2221,.F.);
#2983=ORIENTED_EDGE('',*,*,#2224,.F.);
#2984=ORIENTED_EDGE('',*,*,#2213,.T.);
#2985=ORIENTED_EDGE('',*,*,#2216,.F.);
#2986=ORIENTED_EDGE('',*,*,#2229,.F.);
#2987=ORIENTED_EDGE('',*,*,#2230,.T.);
#2988=ORIENTED_EDGE('',*,*,#2231,.T.);
#2989=ORIENTED_EDGE('',*,*,#2232,.F.);
#2990=ORIENTED_EDGE('',*,*,#2233,.T.);
#2991=ORIENTED_EDGE('',*,*,#2234,.T.);
#2992=ORIENTED_EDGE('',*,*,#2235,.T.);
#2993=ORIENTED_EDGE('',*,*,#2230,.F.);
#2994=ORIENTED_EDGE('',*,*,#2236,.F.);
#2995=ORIENTED_EDGE('',*,*,#2237,.F.);
#2996=ORIENTED_EDGE('',*,*,#2238,.T.);
#2997=ORIENTED_EDGE('',*,*,#2234,.F.);
#2998=ORIENTED_EDGE('',*,*,#2239,.F.);
#2999=ORIENTED_EDGE('',*,*,#2236,.T.);
#3000=ORIENTED_EDGE('',*,*,#2233,.F.);
#3001=ORIENTED_EDGE('',*,*,#2229,.T.);
#3002=ORIENTED_EDGE('',*,*,#2240,.F.);
#3003=ORIENTED_EDGE('',*,*,#2231,.F.);
#3004=ORIENTED_EDGE('',*,*,#2235,.F.);
#3005=ORIENTED_EDGE('',*,*,#2238,.F.);
#3006=ORIENTED_EDGE('',*,*,#2241,.F.);
#3007=ORIENTED_EDGE('',*,*,#2242,.T.);
#3008=ORIENTED_EDGE('',*,*,#2243,.F.);
#3009=ORIENTED_EDGE('',*,*,#2244,.F.);
#3010=ORIENTED_EDGE('',*,*,#2245,.F.);
#3011=ORIENTED_EDGE('',*,*,#2244,.T.);
#3012=ORIENTED_EDGE('',*,*,#2246,.F.);
#3013=ORIENTED_EDGE('',*,*,#2247,.F.);
#3014=ORIENTED_EDGE('',*,*,#2248,.F.);
#3015=ORIENTED_EDGE('',*,*,#2247,.T.);
#3016=ORIENTED_EDGE('',*,*,#2249,.F.);
#3017=ORIENTED_EDGE('',*,*,#2250,.F.);
#3018=ORIENTED_EDGE('',*,*,#2251,.T.);
#3019=ORIENTED_EDGE('',*,*,#2249,.T.);
#3020=ORIENTED_EDGE('',*,*,#2246,.T.);
#3021=ORIENTED_EDGE('',*,*,#2243,.T.);
#3022=ORIENTED_EDGE('',*,*,#2252,.T.);
#3023=ORIENTED_EDGE('',*,*,#2253,.T.);
#3024=ORIENTED_EDGE('',*,*,#2254,.F.);
#3025=ORIENTED_EDGE('',*,*,#2255,.F.);
#3026=ORIENTED_EDGE('',*,*,#2256,.T.);
#3027=ORIENTED_EDGE('',*,*,#2255,.T.);
#3028=ORIENTED_EDGE('',*,*,#2257,.F.);
#3029=ORIENTED_EDGE('',*,*,#2258,.F.);
#3030=ORIENTED_EDGE('',*,*,#2258,.T.);
#3031=ORIENTED_EDGE('',*,*,#2259,.F.);
#3032=ORIENTED_EDGE('',*,*,#2260,.F.);
#3033=ORIENTED_EDGE('',*,*,#2261,.F.);
#3034=ORIENTED_EDGE('',*,*,#2250,.T.);
#3035=ORIENTED_EDGE('',*,*,#2251,.F.);
#3036=ORIENTED_EDGE('',*,*,#2242,.F.);
#3037=ORIENTED_EDGE('',*,*,#2262,.F.);
#3038=ORIENTED_EDGE('',*,*,#2263,.T.);
#3039=ORIENTED_EDGE('',*,*,#2260,.T.);
#3040=ORIENTED_EDGE('',*,*,#2264,.F.);
#3041=ORIENTED_EDGE('',*,*,#2253,.F.);
#3042=ORIENTED_EDGE('',*,*,#2265,.T.);
#3043=ORIENTED_EDGE('',*,*,#2266,.T.);
#3044=ORIENTED_EDGE('',*,*,#2267,.F.);
#3045=ORIENTED_EDGE('',*,*,#2268,.F.);
#3046=ORIENTED_EDGE('',*,*,#2269,.T.);
#3047=ORIENTED_EDGE('',*,*,#2268,.T.);
#3048=ORIENTED_EDGE('',*,*,#2270,.F.);
#3049=ORIENTED_EDGE('',*,*,#2271,.F.);
#3050=ORIENTED_EDGE('',*,*,#2237,.T.);
#3051=ORIENTED_EDGE('',*,*,#2239,.T.);
#3052=ORIENTED_EDGE('',*,*,#2232,.T.);
#3053=ORIENTED_EDGE('',*,*,#2240,.T.);
#3054=ORIENTED_EDGE('',*,*,#2272,.T.);
#3055=ORIENTED_EDGE('',*,*,#2271,.T.);
#3056=ORIENTED_EDGE('',*,*,#2273,.F.);
#3057=ORIENTED_EDGE('',*,*,#2274,.F.);
#3058=ORIENTED_EDGE('',*,*,#2275,.T.);
#3059=ORIENTED_EDGE('',*,*,#2274,.T.);
#3060=ORIENTED_EDGE('',*,*,#2276,.F.);
#3061=ORIENTED_EDGE('',*,*,#2277,.F.);
#3062=ORIENTED_EDGE('',*,*,#2278,.T.);
#3063=ORIENTED_EDGE('',*,*,#2277,.T.);
#3064=ORIENTED_EDGE('',*,*,#2279,.F.);
#3065=ORIENTED_EDGE('',*,*,#2280,.F.);
#3066=ORIENTED_EDGE('',*,*,#2281,.T.);
#3067=ORIENTED_EDGE('',*,*,#2280,.T.);
#3068=ORIENTED_EDGE('',*,*,#2282,.F.);
#3069=ORIENTED_EDGE('',*,*,#2266,.F.);
#3070=ORIENTED_EDGE('',*,*,#2282,.T.);
#3071=ORIENTED_EDGE('',*,*,#2279,.T.);
#3072=ORIENTED_EDGE('',*,*,#2276,.T.);
#3073=ORIENTED_EDGE('',*,*,#2273,.T.);
#3074=ORIENTED_EDGE('',*,*,#2270,.T.);
#3075=ORIENTED_EDGE('',*,*,#2267,.T.);
#3076=ORIENTED_EDGE('',*,*,#2264,.T.);
#3077=ORIENTED_EDGE('',*,*,#2259,.T.);
#3078=ORIENTED_EDGE('',*,*,#2257,.T.);
#3079=ORIENTED_EDGE('',*,*,#2254,.T.);
#3080=ORIENTED_EDGE('',*,*,#2281,.F.);
#3081=ORIENTED_EDGE('',*,*,#2265,.F.);
#3082=ORIENTED_EDGE('',*,*,#2269,.F.);
#3083=ORIENTED_EDGE('',*,*,#2272,.F.);
#3084=ORIENTED_EDGE('',*,*,#2275,.F.);
#3085=ORIENTED_EDGE('',*,*,#2278,.F.);
#3086=ORIENTED_EDGE('',*,*,#2261,.T.);
#3087=ORIENTED_EDGE('',*,*,#2263,.F.);
#3088=ORIENTED_EDGE('',*,*,#2252,.F.);
#3089=ORIENTED_EDGE('',*,*,#2256,.F.);
#3090=ORIENTED_EDGE('',*,*,#2262,.T.);
#3091=ORIENTED_EDGE('',*,*,#2241,.T.);
#3092=ORIENTED_EDGE('',*,*,#2245,.T.);
#3093=ORIENTED_EDGE('',*,*,#2248,.T.);
#3094=ORIENTED_EDGE('',*,*,#2283,.T.);
#3095=ORIENTED_EDGE('',*,*,#2284,.T.);
#3096=ORIENTED_EDGE('',*,*,#2285,.T.);
#3097=ORIENTED_EDGE('',*,*,#2286,.T.);
#3098=ORIENTED_EDGE('',*,*,#2284,.F.);
#3099=ORIENTED_EDGE('',*,*,#2286,.F.);
#3100=ORIENTED_EDGE('',*,*,#2287,.T.);
#3101=ORIENTED_EDGE('',*,*,#2288,.T.);
#3102=ORIENTED_EDGE('',*,*,#2287,.F.);
#3103=ORIENTED_EDGE('',*,*,#2285,.F.);
#3104=ORIENTED_EDGE('',*,*,#2283,.F.);
#3105=ORIENTED_EDGE('',*,*,#2288,.F.);
#3106=ORIENTED_EDGE('',*,*,#2289,.F.);
#3107=ORIENTED_EDGE('',*,*,#2290,.T.);
#3108=ORIENTED_EDGE('',*,*,#2291,.T.);
#3109=ORIENTED_EDGE('',*,*,#2292,.F.);
#3110=ORIENTED_EDGE('',*,*,#2293,.F.);
#3111=ORIENTED_EDGE('',*,*,#2294,.T.);
#3112=ORIENTED_EDGE('',*,*,#2295,.T.);
#3113=ORIENTED_EDGE('',*,*,#2290,.F.);
#3114=ORIENTED_EDGE('',*,*,#2296,.F.);
#3115=ORIENTED_EDGE('',*,*,#2297,.T.);
#3116=ORIENTED_EDGE('',*,*,#2298,.T.);
#3117=ORIENTED_EDGE('',*,*,#2294,.F.);
#3118=ORIENTED_EDGE('',*,*,#2299,.F.);
#3119=ORIENTED_EDGE('',*,*,#2292,.T.);
#3120=ORIENTED_EDGE('',*,*,#2300,.T.);
#3121=ORIENTED_EDGE('',*,*,#2297,.F.);
#3122=ORIENTED_EDGE('',*,*,#2300,.F.);
#3123=ORIENTED_EDGE('',*,*,#2291,.F.);
#3124=ORIENTED_EDGE('',*,*,#2295,.F.);
#3125=ORIENTED_EDGE('',*,*,#2298,.F.);
#3126=ORIENTED_EDGE('',*,*,#2301,.T.);
#3127=ORIENTED_EDGE('',*,*,#2302,.T.);
#3128=ORIENTED_EDGE('',*,*,#2303,.F.);
#3129=ORIENTED_EDGE('',*,*,#2304,.F.);
#3130=ORIENTED_EDGE('',*,*,#2305,.T.);
#3131=ORIENTED_EDGE('',*,*,#2306,.F.);
#3132=ORIENTED_EDGE('',*,*,#2307,.F.);
#3133=ORIENTED_EDGE('',*,*,#2308,.F.);
#3134=ORIENTED_EDGE('',*,*,#2309,.F.);
#3135=ORIENTED_EDGE('',*,*,#2310,.F.);
#3136=ORIENTED_EDGE('',*,*,#2307,.T.);
#3137=ORIENTED_EDGE('',*,*,#2311,.F.);
#3138=ORIENTED_EDGE('',*,*,#2312,.F.);
#3139=ORIENTED_EDGE('',*,*,#2313,.F.);
#3140=ORIENTED_EDGE('',*,*,#2302,.F.);
#3141=ORIENTED_EDGE('',*,*,#2314,.F.);
#3142=ORIENTED_EDGE('',*,*,#2315,.T.);
#3143=ORIENTED_EDGE('',*,*,#2316,.F.);
#3144=ORIENTED_EDGE('',*,*,#2317,.F.);
#3145=ORIENTED_EDGE('',*,*,#2318,.F.);
#3146=ORIENTED_EDGE('',*,*,#2317,.T.);
#3147=ORIENTED_EDGE('',*,*,#2319,.F.);
#3148=ORIENTED_EDGE('',*,*,#2320,.F.);
#3149=ORIENTED_EDGE('',*,*,#2319,.T.);
#3150=ORIENTED_EDGE('',*,*,#2316,.T.);
#3151=ORIENTED_EDGE('',*,*,#2321,.T.);
#3152=ORIENTED_EDGE('',*,*,#2311,.T.);
#3153=ORIENTED_EDGE('',*,*,#2306,.T.);
#3154=ORIENTED_EDGE('',*,*,#2322,.T.);
#3155=ORIENTED_EDGE('',*,*,#2323,.F.);
#3156=ORIENTED_EDGE('',*,*,#2309,.T.);
#3157=ORIENTED_EDGE('',*,*,#2324,.F.);
#3158=ORIENTED_EDGE('',*,*,#2308,.T.);
#3159=ORIENTED_EDGE('',*,*,#2325,.T.);
#3160=ORIENTED_EDGE('',*,*,#2326,.F.);
#3161=ORIENTED_EDGE('',*,*,#2313,.T.);
#3162=ORIENTED_EDGE('',*,*,#2327,.T.);
#3163=ORIENTED_EDGE('',*,*,#2328,.F.);
#3164=ORIENTED_EDGE('',*,*,#2310,.T.);
#3165=ORIENTED_EDGE('',*,*,#2329,.T.);
#3166=ORIENTED_EDGE('',*,*,#2330,.T.);
#3167=ORIENTED_EDGE('',*,*,#2318,.T.);
#3168=ORIENTED_EDGE('',*,*,#2331,.F.);
#3169=ORIENTED_EDGE('',*,*,#2332,.F.);
#3170=ORIENTED_EDGE('',*,*,#2333,.T.);
#3171=ORIENTED_EDGE('',*,*,#2314,.T.);
#3172=ORIENTED_EDGE('',*,*,#2331,.T.);
#3173=ORIENTED_EDGE('',*,*,#2334,.T.);
#3174=ORIENTED_EDGE('',*,*,#2335,.F.);
#3175=ORIENTED_EDGE('',*,*,#2336,.F.);
#3176=ORIENTED_EDGE('',*,*,#2332,.T.);
#3177=ORIENTED_EDGE('',*,*,#2336,.T.);
#3178=ORIENTED_EDGE('',*,*,#2337,.F.);
#3179=ORIENTED_EDGE('',*,*,#2338,.F.);
#3180=ORIENTED_EDGE('',*,*,#2289,.T.);
#3181=ORIENTED_EDGE('',*,*,#2299,.T.);
#3182=ORIENTED_EDGE('',*,*,#2296,.T.);
#3183=ORIENTED_EDGE('',*,*,#2293,.T.);
#3184=ORIENTED_EDGE('',*,*,#2333,.F.);
#3185=ORIENTED_EDGE('',*,*,#2338,.T.);
#3186=ORIENTED_EDGE('',*,*,#2339,.F.);
#3187=ORIENTED_EDGE('',*,*,#2340,.F.);
#3188=ORIENTED_EDGE('',*,*,#2340,.T.);
#3189=ORIENTED_EDGE('',*,*,#2341,.F.);
#3190=ORIENTED_EDGE('',*,*,#2342,.F.);
#3191=ORIENTED_EDGE('',*,*,#2312,.T.);
#3192=ORIENTED_EDGE('',*,*,#2321,.F.);
#3193=ORIENTED_EDGE('',*,*,#2315,.F.);
#3194=ORIENTED_EDGE('',*,*,#2327,.F.);
#3195=ORIENTED_EDGE('',*,*,#2342,.T.);
#3196=ORIENTED_EDGE('',*,*,#2343,.F.);
#3197=ORIENTED_EDGE('',*,*,#2344,.F.);
#3198=ORIENTED_EDGE('',*,*,#2303,.T.);
#3199=ORIENTED_EDGE('',*,*,#2328,.T.);
#3200=ORIENTED_EDGE('',*,*,#2344,.T.);
#3201=ORIENTED_EDGE('',*,*,#2345,.F.);
#3202=ORIENTED_EDGE('',*,*,#2346,.F.);
#3203=ORIENTED_EDGE('',*,*,#2301,.F.);
#3204=ORIENTED_EDGE('',*,*,#2346,.T.);
#3205=ORIENTED_EDGE('',*,*,#2347,.F.);
#3206=ORIENTED_EDGE('',*,*,#2348,.F.);
#3207=ORIENTED_EDGE('',*,*,#2329,.F.);
#3208=ORIENTED_EDGE('',*,*,#2330,.F.);
#3209=ORIENTED_EDGE('',*,*,#2348,.T.);
#3210=ORIENTED_EDGE('',*,*,#2349,.F.);
#3211=ORIENTED_EDGE('',*,*,#2350,.F.);
#3212=ORIENTED_EDGE('',*,*,#2325,.F.);
#3213=ORIENTED_EDGE('',*,*,#2324,.T.);
#3214=ORIENTED_EDGE('',*,*,#2326,.T.);
#3215=ORIENTED_EDGE('',*,*,#2350,.T.);
#3216=ORIENTED_EDGE('',*,*,#2351,.F.);
#3217=ORIENTED_EDGE('',*,*,#2352,.F.);
#3218=ORIENTED_EDGE('',*,*,#2353,.T.);
#3219=ORIENTED_EDGE('',*,*,#2323,.T.);
#3220=ORIENTED_EDGE('',*,*,#2352,.T.);
#3221=ORIENTED_EDGE('',*,*,#2354,.F.);
#3222=ORIENTED_EDGE('',*,*,#2355,.F.);
#3223=ORIENTED_EDGE('',*,*,#2356,.T.);
#3224=ORIENTED_EDGE('',*,*,#2355,.T.);
#3225=ORIENTED_EDGE('',*,*,#2357,.F.);
#3226=ORIENTED_EDGE('',*,*,#2358,.F.);
#3227=ORIENTED_EDGE('',*,*,#2358,.T.);
#3228=ORIENTED_EDGE('',*,*,#2359,.F.);
#3229=ORIENTED_EDGE('',*,*,#2334,.F.);
#3230=ORIENTED_EDGE('',*,*,#2320,.T.);
#3231=ORIENTED_EDGE('',*,*,#2322,.F.);
#3232=ORIENTED_EDGE('',*,*,#2305,.F.);
#3233=ORIENTED_EDGE('',*,*,#2304,.T.);
#3234=ORIENTED_EDGE('',*,*,#2353,.F.);
#3235=ORIENTED_EDGE('',*,*,#2356,.F.);
#3236=ORIENTED_EDGE('',*,*,#2359,.T.);
#3237=ORIENTED_EDGE('',*,*,#2357,.T.);
#3238=ORIENTED_EDGE('',*,*,#2354,.T.);
#3239=ORIENTED_EDGE('',*,*,#2351,.T.);
#3240=ORIENTED_EDGE('',*,*,#2349,.T.);
#3241=ORIENTED_EDGE('',*,*,#2347,.T.);
#3242=ORIENTED_EDGE('',*,*,#2345,.T.);
#3243=ORIENTED_EDGE('',*,*,#2343,.T.);
#3244=ORIENTED_EDGE('',*,*,#2341,.T.);
#3245=ORIENTED_EDGE('',*,*,#2339,.T.);
#3246=ORIENTED_EDGE('',*,*,#2337,.T.);
#3247=ORIENTED_EDGE('',*,*,#2335,.T.);
#3248=ORIENTED_EDGE('',*,*,#2360,.F.);
#3249=ORIENTED_EDGE('',*,*,#2361,.T.);
#3250=ORIENTED_EDGE('',*,*,#2362,.F.);
#3251=ORIENTED_EDGE('',*,*,#2363,.F.);
#3252=ORIENTED_EDGE('',*,*,#2364,.F.);
#3253=ORIENTED_EDGE('',*,*,#2365,.F.);
#3254=ORIENTED_EDGE('',*,*,#2366,.F.);
#3255=ORIENTED_EDGE('',*,*,#2367,.T.);
#3256=ORIENTED_EDGE('',*,*,#2368,.T.);
#3257=ORIENTED_EDGE('',*,*,#2369,.F.);
#3258=ORIENTED_EDGE('',*,*,#2370,.T.);
#3259=ORIENTED_EDGE('',*,*,#2371,.T.);
#3260=ORIENTED_EDGE('',*,*,#2372,.T.);
#3261=ORIENTED_EDGE('',*,*,#2373,.F.);
#3262=ORIENTED_EDGE('',*,*,#2374,.F.);
#3263=ORIENTED_EDGE('',*,*,#2375,.T.);
#3264=ORIENTED_EDGE('',*,*,#2376,.F.);
#3265=ORIENTED_EDGE('',*,*,#2377,.F.);
#3266=ORIENTED_EDGE('',*,*,#2378,.F.);
#3267=ORIENTED_EDGE('',*,*,#2379,.F.);
#3268=ORIENTED_EDGE('',*,*,#2380,.F.);
#3269=ORIENTED_EDGE('',*,*,#2381,.F.);
#3270=ORIENTED_EDGE('',*,*,#2382,.T.);
#3271=ORIENTED_EDGE('',*,*,#2383,.T.);
#3272=ORIENTED_EDGE('',*,*,#2384,.F.);
#3273=ORIENTED_EDGE('',*,*,#2385,.F.);
#3274=ORIENTED_EDGE('',*,*,#2386,.F.);
#3275=ORIENTED_EDGE('',*,*,#2387,.F.);
#3276=ORIENTED_EDGE('',*,*,#2366,.T.);
#3277=ORIENTED_EDGE('',*,*,#2388,.F.);
#3278=ORIENTED_EDGE('',*,*,#2389,.F.);
#3279=ORIENTED_EDGE('',*,*,#2379,.T.);
#3280=ORIENTED_EDGE('',*,*,#2390,.T.);
#3281=ORIENTED_EDGE('',*,*,#2391,.F.);
#3282=ORIENTED_EDGE('',*,*,#2392,.F.);
#3283=ORIENTED_EDGE('',*,*,#2393,.F.);
#3284=ORIENTED_EDGE('',*,*,#2394,.F.);
#3285=ORIENTED_EDGE('',*,*,#2395,.F.);
#3286=ORIENTED_EDGE('',*,*,#2396,.F.);
#3287=ORIENTED_EDGE('',*,*,#2397,.F.);
#3288=ORIENTED_EDGE('',*,*,#2398,.F.);
#3289=ORIENTED_EDGE('',*,*,#2368,.F.);
#3290=ORIENTED_EDGE('',*,*,#2399,.T.);
#3291=ORIENTED_EDGE('',*,*,#2400,.F.);
#3292=ORIENTED_EDGE('',*,*,#2401,.F.);
#3293=ORIENTED_EDGE('',*,*,#2369,.T.);
#3294=ORIENTED_EDGE('',*,*,#2401,.T.);
#3295=ORIENTED_EDGE('',*,*,#2402,.F.);
#3296=ORIENTED_EDGE('',*,*,#2403,.F.);
#3297=ORIENTED_EDGE('',*,*,#2370,.F.);
#3298=ORIENTED_EDGE('',*,*,#2403,.T.);
#3299=ORIENTED_EDGE('',*,*,#2404,.F.);
#3300=ORIENTED_EDGE('',*,*,#2405,.F.);
#3301=ORIENTED_EDGE('',*,*,#2371,.F.);
#3302=ORIENTED_EDGE('',*,*,#2405,.T.);
#3303=ORIENTED_EDGE('',*,*,#2406,.F.);
#3304=ORIENTED_EDGE('',*,*,#2407,.F.);
#3305=ORIENTED_EDGE('',*,*,#2372,.F.);
#3306=ORIENTED_EDGE('',*,*,#2407,.T.);
#3307=ORIENTED_EDGE('',*,*,#2408,.F.);
#3308=ORIENTED_EDGE('',*,*,#2409,.F.);
#3309=ORIENTED_EDGE('',*,*,#2373,.T.);
#3310=ORIENTED_EDGE('',*,*,#2409,.T.);
#3311=ORIENTED_EDGE('',*,*,#2410,.F.);
#3312=ORIENTED_EDGE('',*,*,#2411,.F.);
#3313=ORIENTED_EDGE('',*,*,#2374,.T.);
#3314=ORIENTED_EDGE('',*,*,#2411,.T.);
#3315=ORIENTED_EDGE('',*,*,#2412,.F.);
#3316=ORIENTED_EDGE('',*,*,#2413,.F.);
#3317=ORIENTED_EDGE('',*,*,#2375,.F.);
#3318=ORIENTED_EDGE('',*,*,#2413,.T.);
#3319=ORIENTED_EDGE('',*,*,#2414,.F.);
#3320=ORIENTED_EDGE('',*,*,#2415,.F.);
#3321=ORIENTED_EDGE('',*,*,#2376,.T.);
#3322=ORIENTED_EDGE('',*,*,#2415,.T.);
#3323=ORIENTED_EDGE('',*,*,#2416,.F.);
#3324=ORIENTED_EDGE('',*,*,#2417,.F.);
#3325=ORIENTED_EDGE('',*,*,#2377,.T.);
#3326=ORIENTED_EDGE('',*,*,#2417,.T.);
#3327=ORIENTED_EDGE('',*,*,#2418,.F.);
#3328=ORIENTED_EDGE('',*,*,#2419,.F.);
#3329=ORIENTED_EDGE('',*,*,#2378,.T.);
#3330=ORIENTED_EDGE('',*,*,#2419,.T.);
#3331=ORIENTED_EDGE('',*,*,#2420,.F.);
#3332=ORIENTED_EDGE('',*,*,#2390,.F.);
#3333=ORIENTED_EDGE('',*,*,#2421,.F.);
#3334=ORIENTED_EDGE('',*,*,#2422,.F.);
#3335=ORIENTED_EDGE('',*,*,#2381,.T.);
#3336=ORIENTED_EDGE('',*,*,#2423,.T.);
#3337=ORIENTED_EDGE('',*,*,#2383,.F.);
#3338=ORIENTED_EDGE('',*,*,#2424,.T.);
#3339=ORIENTED_EDGE('',*,*,#2425,.F.);
#3340=ORIENTED_EDGE('',*,*,#2426,.F.);
#3341=ORIENTED_EDGE('',*,*,#2384,.T.);
#3342=ORIENTED_EDGE('',*,*,#2426,.T.);
#3343=ORIENTED_EDGE('',*,*,#2427,.F.);
#3344=ORIENTED_EDGE('',*,*,#2428,.F.);
#3345=ORIENTED_EDGE('',*,*,#2367,.F.);
#3346=ORIENTED_EDGE('',*,*,#2387,.T.);
#3347=ORIENTED_EDGE('',*,*,#2429,.F.);
#3348=ORIENTED_EDGE('',*,*,#2399,.F.);
#3349=ORIENTED_EDGE('',*,*,#2430,.F.);
#3350=ORIENTED_EDGE('',*,*,#2427,.T.);
#3351=ORIENTED_EDGE('',*,*,#2425,.T.);
#3352=ORIENTED_EDGE('',*,*,#2431,.T.);
#3353=ORIENTED_EDGE('',*,*,#2362,.T.);
#3354=ORIENTED_EDGE('',*,*,#2432,.T.);
#3355=ORIENTED_EDGE('',*,*,#2391,.T.);
#3356=ORIENTED_EDGE('',*,*,#2420,.T.);
#3357=ORIENTED_EDGE('',*,*,#2418,.T.);
#3358=ORIENTED_EDGE('',*,*,#2416,.T.);
#3359=ORIENTED_EDGE('',*,*,#2414,.T.);
#3360=ORIENTED_EDGE('',*,*,#2412,.T.);
#3361=ORIENTED_EDGE('',*,*,#2410,.T.);
#3362=ORIENTED_EDGE('',*,*,#2408,.T.);
#3363=ORIENTED_EDGE('',*,*,#2406,.T.);
#3364=ORIENTED_EDGE('',*,*,#2404,.T.);
#3365=ORIENTED_EDGE('',*,*,#2402,.T.);
#3366=ORIENTED_EDGE('',*,*,#2400,.T.);
#3367=ORIENTED_EDGE('',*,*,#2429,.T.);
#3368=ORIENTED_EDGE('',*,*,#2386,.T.);
#3369=ORIENTED_EDGE('',*,*,#2433,.F.);
#3370=ORIENTED_EDGE('',*,*,#2396,.T.);
#3371=ORIENTED_EDGE('',*,*,#2434,.T.);
#3372=ORIENTED_EDGE('',*,*,#2435,.T.);
#3373=ORIENTED_EDGE('',*,*,#2397,.T.);
#3374=ORIENTED_EDGE('',*,*,#2434,.F.);
#3375=ORIENTED_EDGE('',*,*,#2395,.T.);
#3376=ORIENTED_EDGE('',*,*,#2436,.F.);
#3377=ORIENTED_EDGE('',*,*,#2435,.F.);
#3378=ORIENTED_EDGE('',*,*,#2437,.T.);
#3379=ORIENTED_EDGE('',*,*,#2438,.F.);
#3380=ORIENTED_EDGE('',*,*,#2437,.F.);
#3381=ORIENTED_EDGE('',*,*,#2398,.T.);
#3382=ORIENTED_EDGE('',*,*,#2436,.T.);
#3383=ORIENTED_EDGE('',*,*,#2438,.T.);
#3384=ORIENTED_EDGE('',*,*,#2421,.T.);
#3385=ORIENTED_EDGE('',*,*,#2439,.T.);
#3386=ORIENTED_EDGE('',*,*,#2360,.T.);
#3387=ORIENTED_EDGE('',*,*,#2440,.F.);
#3388=ORIENTED_EDGE('',*,*,#2433,.T.);
#3389=ORIENTED_EDGE('',*,*,#2385,.T.);
#3390=ORIENTED_EDGE('',*,*,#2365,.T.);
#3391=ORIENTED_EDGE('',*,*,#2441,.F.);
#3392=ORIENTED_EDGE('',*,*,#2442,.F.);
#3393=ORIENTED_EDGE('',*,*,#2443,.T.);
#3394=ORIENTED_EDGE('',*,*,#2444,.T.);
#3395=ORIENTED_EDGE('',*,*,#2443,.F.);
#3396=ORIENTED_EDGE('',*,*,#2441,.T.);
#3397=ORIENTED_EDGE('',*,*,#2364,.T.);
#3398=ORIENTED_EDGE('',*,*,#2428,.T.);
#3399=ORIENTED_EDGE('',*,*,#2430,.T.);
#3400=ORIENTED_EDGE('',*,*,#2440,.T.);
#3401=ORIENTED_EDGE('',*,*,#2363,.T.);
#3402=ORIENTED_EDGE('',*,*,#2431,.F.);
#3403=ORIENTED_EDGE('',*,*,#2424,.F.);
#3404=ORIENTED_EDGE('',*,*,#2382,.F.);
#3405=ORIENTED_EDGE('',*,*,#2422,.T.);
#3406=ORIENTED_EDGE('',*,*,#2442,.T.);
#3407=ORIENTED_EDGE('',*,*,#2394,.T.);
#3408=ORIENTED_EDGE('',*,*,#2445,.T.);
#3409=ORIENTED_EDGE('',*,*,#2446,.T.);
#3410=ORIENTED_EDGE('',*,*,#2388,.T.);
#3411=ORIENTED_EDGE('',*,*,#2445,.F.);
#3412=ORIENTED_EDGE('',*,*,#2393,.T.);
#3413=ORIENTED_EDGE('',*,*,#2447,.T.);
#3414=ORIENTED_EDGE('',*,*,#2446,.F.);
#3415=ORIENTED_EDGE('',*,*,#2448,.T.);
#3416=ORIENTED_EDGE('',*,*,#2449,.T.);
#3417=ORIENTED_EDGE('',*,*,#2448,.F.);
#3418=ORIENTED_EDGE('',*,*,#2447,.F.);
#3419=ORIENTED_EDGE('',*,*,#2392,.T.);
#3420=ORIENTED_EDGE('',*,*,#2432,.F.);
#3421=ORIENTED_EDGE('',*,*,#2361,.F.);
#3422=ORIENTED_EDGE('',*,*,#2439,.F.);
#3423=ORIENTED_EDGE('',*,*,#2423,.F.);
#3424=ORIENTED_EDGE('',*,*,#2380,.T.);
#3425=ORIENTED_EDGE('',*,*,#2389,.T.);
#3426=ORIENTED_EDGE('',*,*,#2444,.F.);
#3427=ORIENTED_EDGE('',*,*,#2449,.F.);
#3428=ORIENTED_EDGE('',*,*,#2450,.F.);
#3429=ORIENTED_EDGE('',*,*,#2451,.T.);
#3430=ORIENTED_EDGE('',*,*,#2452,.F.);
#3431=ORIENTED_EDGE('',*,*,#2453,.F.);
#3432=ORIENTED_EDGE('',*,*,#2454,.F.);
#3433=ORIENTED_EDGE('',*,*,#2453,.T.);
#3434=ORIENTED_EDGE('',*,*,#2455,.F.);
#3435=ORIENTED_EDGE('',*,*,#2456,.F.);
#3436=ORIENTED_EDGE('',*,*,#2457,.F.);
#3437=ORIENTED_EDGE('',*,*,#2456,.T.);
#3438=ORIENTED_EDGE('',*,*,#2458,.F.);
#3439=ORIENTED_EDGE('',*,*,#2459,.F.);
#3440=ORIENTED_EDGE('',*,*,#2460,.F.);
#3441=ORIENTED_EDGE('',*,*,#2459,.T.);
#3442=ORIENTED_EDGE('',*,*,#2461,.F.);
#3443=ORIENTED_EDGE('',*,*,#2462,.F.);
#3444=ORIENTED_EDGE('',*,*,#2463,.F.);
#3445=ORIENTED_EDGE('',*,*,#2462,.T.);
#3446=ORIENTED_EDGE('',*,*,#2464,.F.);
#3447=ORIENTED_EDGE('',*,*,#2465,.F.);
#3448=ORIENTED_EDGE('',*,*,#2466,.T.);
#3449=ORIENTED_EDGE('',*,*,#2465,.T.);
#3450=ORIENTED_EDGE('',*,*,#2467,.F.);
#3451=ORIENTED_EDGE('',*,*,#2468,.F.);
#3452=ORIENTED_EDGE('',*,*,#2469,.F.);
#3453=ORIENTED_EDGE('',*,*,#2468,.T.);
#3454=ORIENTED_EDGE('',*,*,#2470,.F.);
#3455=ORIENTED_EDGE('',*,*,#2471,.F.);
#3456=ORIENTED_EDGE('',*,*,#2472,.T.);
#3457=ORIENTED_EDGE('',*,*,#2471,.T.);
#3458=ORIENTED_EDGE('',*,*,#2473,.F.);
#3459=ORIENTED_EDGE('',*,*,#2451,.F.);
#3460=ORIENTED_EDGE('',*,*,#2473,.T.);
#3461=ORIENTED_EDGE('',*,*,#2470,.T.);
#3462=ORIENTED_EDGE('',*,*,#2467,.T.);
#3463=ORIENTED_EDGE('',*,*,#2464,.T.);
#3464=ORIENTED_EDGE('',*,*,#2461,.T.);
#3465=ORIENTED_EDGE('',*,*,#2458,.T.);
#3466=ORIENTED_EDGE('',*,*,#2455,.T.);
#3467=ORIENTED_EDGE('',*,*,#2452,.T.);
#3468=ORIENTED_EDGE('',*,*,#2472,.F.);
#3469=ORIENTED_EDGE('',*,*,#2450,.T.);
#3470=ORIENTED_EDGE('',*,*,#2454,.T.);
#3471=ORIENTED_EDGE('',*,*,#2457,.T.);
#3472=ORIENTED_EDGE('',*,*,#2460,.T.);
#3473=ORIENTED_EDGE('',*,*,#2463,.T.);
#3474=ORIENTED_EDGE('',*,*,#2466,.F.);
#3475=ORIENTED_EDGE('',*,*,#2469,.T.);
#3476=ORIENTED_EDGE('',*,*,#2474,.T.);
#3477=ORIENTED_EDGE('',*,*,#2475,.T.);
#3478=ORIENTED_EDGE('',*,*,#2476,.T.);
#3479=ORIENTED_EDGE('',*,*,#2477,.F.);
#3480=ORIENTED_EDGE('',*,*,#2478,.T.);
#3481=ORIENTED_EDGE('',*,*,#2479,.T.);
#3482=ORIENTED_EDGE('',*,*,#2480,.F.);
#3483=ORIENTED_EDGE('',*,*,#2481,.F.);
#3484=ORIENTED_EDGE('',*,*,#2482,.T.);
#3485=ORIENTED_EDGE('',*,*,#2483,.T.);
#3486=ORIENTED_EDGE('',*,*,#2484,.T.);
#3487=ORIENTED_EDGE('',*,*,#2485,.T.);
#3488=ORIENTED_EDGE('',*,*,#2486,.T.);
#3489=ORIENTED_EDGE('',*,*,#2487,.T.);
#3490=ORIENTED_EDGE('',*,*,#2488,.F.);
#3491=ORIENTED_EDGE('',*,*,#2489,.T.);
#3492=ORIENTED_EDGE('',*,*,#2490,.T.);
#3493=ORIENTED_EDGE('',*,*,#2491,.F.);
#3494=ORIENTED_EDGE('',*,*,#2492,.F.);
#3495=ORIENTED_EDGE('',*,*,#2493,.F.);
#3496=ORIENTED_EDGE('',*,*,#2494,.T.);
#3497=ORIENTED_EDGE('',*,*,#2495,.F.);
#3498=ORIENTED_EDGE('',*,*,#2496,.F.);
#3499=ORIENTED_EDGE('',*,*,#2497,.T.);
#3500=ORIENTED_EDGE('',*,*,#2498,.T.);
#3501=ORIENTED_EDGE('',*,*,#2499,.T.);
#3502=ORIENTED_EDGE('',*,*,#2497,.F.);
#3503=ORIENTED_EDGE('',*,*,#2500,.T.);
#3504=ORIENTED_EDGE('',*,*,#2501,.T.);
#3505=ORIENTED_EDGE('',*,*,#2502,.T.);
#3506=ORIENTED_EDGE('',*,*,#2503,.T.);
#3507=ORIENTED_EDGE('',*,*,#2504,.T.);
#3508=ORIENTED_EDGE('',*,*,#2505,.T.);
#3509=ORIENTED_EDGE('',*,*,#2506,.T.);
#3510=ORIENTED_EDGE('',*,*,#2507,.F.);
#3511=ORIENTED_EDGE('',*,*,#2484,.F.);
#3512=ORIENTED_EDGE('',*,*,#2508,.T.);
#3513=ORIENTED_EDGE('',*,*,#2509,.T.);
#3514=ORIENTED_EDGE('',*,*,#2510,.T.);
#3515=ORIENTED_EDGE('',*,*,#2511,.T.);
#3516=ORIENTED_EDGE('',*,*,#2512,.T.);
#3517=ORIENTED_EDGE('',*,*,#2495,.T.);
#3518=ORIENTED_EDGE('',*,*,#2513,.T.);
#3519=ORIENTED_EDGE('',*,*,#2514,.T.);
#3520=ORIENTED_EDGE('',*,*,#2515,.F.);
#3521=ORIENTED_EDGE('',*,*,#2494,.F.);
#3522=ORIENTED_EDGE('',*,*,#2516,.T.);
#3523=ORIENTED_EDGE('',*,*,#2517,.T.);
#3524=ORIENTED_EDGE('',*,*,#2513,.F.);
#3525=ORIENTED_EDGE('',*,*,#2493,.T.);
#3526=ORIENTED_EDGE('',*,*,#2518,.T.);
#3527=ORIENTED_EDGE('',*,*,#2519,.T.);
#3528=ORIENTED_EDGE('',*,*,#2516,.F.);
#3529=ORIENTED_EDGE('',*,*,#2492,.T.);
#3530=ORIENTED_EDGE('',*,*,#2520,.T.);
#3531=ORIENTED_EDGE('',*,*,#2521,.T.);
#3532=ORIENTED_EDGE('',*,*,#2518,.F.);
#3533=ORIENTED_EDGE('',*,*,#2491,.T.);
#3534=ORIENTED_EDGE('',*,*,#2522,.T.);
#3535=ORIENTED_EDGE('',*,*,#2523,.T.);
#3536=ORIENTED_EDGE('',*,*,#2520,.F.);
#3537=ORIENTED_EDGE('',*,*,#2490,.F.);
#3538=ORIENTED_EDGE('',*,*,#2524,.T.);
#3539=ORIENTED_EDGE('',*,*,#2525,.T.);
#3540=ORIENTED_EDGE('',*,*,#2522,.F.);
#3541=ORIENTED_EDGE('',*,*,#2489,.F.);
#3542=ORIENTED_EDGE('',*,*,#2526,.T.);
#3543=ORIENTED_EDGE('',*,*,#2527,.T.);
#3544=ORIENTED_EDGE('',*,*,#2524,.F.);
#3545=ORIENTED_EDGE('',*,*,#2488,.T.);
#3546=ORIENTED_EDGE('',*,*,#2528,.T.);
#3547=ORIENTED_EDGE('',*,*,#2529,.T.);
#3548=ORIENTED_EDGE('',*,*,#2526,.F.);
#3549=ORIENTED_EDGE('',*,*,#2487,.F.);
#3550=ORIENTED_EDGE('',*,*,#2530,.T.);
#3551=ORIENTED_EDGE('',*,*,#2531,.T.);
#3552=ORIENTED_EDGE('',*,*,#2528,.F.);
#3553=ORIENTED_EDGE('',*,*,#2486,.F.);
#3554=ORIENTED_EDGE('',*,*,#2532,.T.);
#3555=ORIENTED_EDGE('',*,*,#2533,.T.);
#3556=ORIENTED_EDGE('',*,*,#2530,.F.);
#3557=ORIENTED_EDGE('',*,*,#2485,.F.);
#3558=ORIENTED_EDGE('',*,*,#2507,.T.);
#3559=ORIENTED_EDGE('',*,*,#2534,.T.);
#3560=ORIENTED_EDGE('',*,*,#2532,.F.);
#3561=ORIENTED_EDGE('',*,*,#2535,.T.);
#3562=ORIENTED_EDGE('',*,*,#2536,.F.);
#3563=ORIENTED_EDGE('',*,*,#2482,.F.);
#3564=ORIENTED_EDGE('',*,*,#2537,.T.);
#3565=ORIENTED_EDGE('',*,*,#2480,.T.);
#3566=ORIENTED_EDGE('',*,*,#2538,.T.);
#3567=ORIENTED_EDGE('',*,*,#2539,.T.);
#3568=ORIENTED_EDGE('',*,*,#2540,.F.);
#3569=ORIENTED_EDGE('',*,*,#2479,.F.);
#3570=ORIENTED_EDGE('',*,*,#2541,.T.);
#3571=ORIENTED_EDGE('',*,*,#2542,.T.);
#3572=ORIENTED_EDGE('',*,*,#2538,.F.);
#3573=ORIENTED_EDGE('',*,*,#2496,.T.);
#3574=ORIENTED_EDGE('',*,*,#2515,.T.);
#3575=ORIENTED_EDGE('',*,*,#2543,.T.);
#3576=ORIENTED_EDGE('',*,*,#2500,.F.);
#3577=ORIENTED_EDGE('',*,*,#2544,.T.);
#3578=ORIENTED_EDGE('',*,*,#2545,.T.);
#3579=ORIENTED_EDGE('',*,*,#2501,.F.);
#3580=ORIENTED_EDGE('',*,*,#2543,.F.);
#3581=ORIENTED_EDGE('',*,*,#2514,.F.);
#3582=ORIENTED_EDGE('',*,*,#2517,.F.);
#3583=ORIENTED_EDGE('',*,*,#2519,.F.);
#3584=ORIENTED_EDGE('',*,*,#2521,.F.);
#3585=ORIENTED_EDGE('',*,*,#2523,.F.);
#3586=ORIENTED_EDGE('',*,*,#2525,.F.);
#3587=ORIENTED_EDGE('',*,*,#2527,.F.);
#3588=ORIENTED_EDGE('',*,*,#2529,.F.);
#3589=ORIENTED_EDGE('',*,*,#2531,.F.);
#3590=ORIENTED_EDGE('',*,*,#2533,.F.);
#3591=ORIENTED_EDGE('',*,*,#2534,.F.);
#3592=ORIENTED_EDGE('',*,*,#2506,.F.);
#3593=ORIENTED_EDGE('',*,*,#2546,.F.);
#3594=ORIENTED_EDGE('',*,*,#2476,.F.);
#3595=ORIENTED_EDGE('',*,*,#2547,.F.);
#3596=ORIENTED_EDGE('',*,*,#2539,.F.);
#3597=ORIENTED_EDGE('',*,*,#2542,.F.);
#3598=ORIENTED_EDGE('',*,*,#2512,.F.);
#3599=ORIENTED_EDGE('',*,*,#2548,.F.);
#3600=ORIENTED_EDGE('',*,*,#2549,.F.);
#3601=ORIENTED_EDGE('',*,*,#2511,.F.);
#3602=ORIENTED_EDGE('',*,*,#2550,.T.);
#3603=ORIENTED_EDGE('',*,*,#2509,.F.);
#3604=ORIENTED_EDGE('',*,*,#2548,.T.);
#3605=ORIENTED_EDGE('',*,*,#2549,.T.);
#3606=ORIENTED_EDGE('',*,*,#2551,.T.);
#3607=ORIENTED_EDGE('',*,*,#2552,.T.);
#3608=ORIENTED_EDGE('',*,*,#2551,.F.);
#3609=ORIENTED_EDGE('',*,*,#2510,.F.);
#3610=ORIENTED_EDGE('',*,*,#2550,.F.);
#3611=ORIENTED_EDGE('',*,*,#2552,.F.);
#3612=ORIENTED_EDGE('',*,*,#2535,.F.);
#3613=ORIENTED_EDGE('',*,*,#2553,.T.);
#3614=ORIENTED_EDGE('',*,*,#2498,.F.);
#3615=ORIENTED_EDGE('',*,*,#2499,.F.);
#3616=ORIENTED_EDGE('',*,*,#2545,.F.);
#3617=ORIENTED_EDGE('',*,*,#2554,.T.);
#3618=ORIENTED_EDGE('',*,*,#2474,.F.);
#3619=ORIENTED_EDGE('',*,*,#2555,.F.);
#3620=ORIENTED_EDGE('',*,*,#2556,.T.);
#3621=ORIENTED_EDGE('',*,*,#2557,.T.);
#3622=ORIENTED_EDGE('',*,*,#2558,.F.);
#3623=ORIENTED_EDGE('',*,*,#2557,.F.);
#3624=ORIENTED_EDGE('',*,*,#2553,.F.);
#3625=ORIENTED_EDGE('',*,*,#2537,.F.);
#3626=ORIENTED_EDGE('',*,*,#2481,.T.);
#3627=ORIENTED_EDGE('',*,*,#2540,.T.);
#3628=ORIENTED_EDGE('',*,*,#2547,.T.);
#3629=ORIENTED_EDGE('',*,*,#2475,.F.);
#3630=ORIENTED_EDGE('',*,*,#2554,.F.);
#3631=ORIENTED_EDGE('',*,*,#2544,.F.);
#3632=ORIENTED_EDGE('',*,*,#2541,.F.);
#3633=ORIENTED_EDGE('',*,*,#2478,.F.);
#3634=ORIENTED_EDGE('',*,*,#2556,.F.);
#3635=ORIENTED_EDGE('',*,*,#2503,.F.);
#3636=ORIENTED_EDGE('',*,*,#2559,.F.);
#3637=ORIENTED_EDGE('',*,*,#2560,.F.);
#3638=ORIENTED_EDGE('',*,*,#2502,.F.);
#3639=ORIENTED_EDGE('',*,*,#2561,.F.);
#3640=ORIENTED_EDGE('',*,*,#2504,.F.);
#3641=ORIENTED_EDGE('',*,*,#2559,.T.);
#3642=ORIENTED_EDGE('',*,*,#2560,.T.);
#3643=ORIENTED_EDGE('',*,*,#2562,.T.);
#3644=ORIENTED_EDGE('',*,*,#2563,.F.);
#3645=ORIENTED_EDGE('',*,*,#2562,.F.);
#3646=ORIENTED_EDGE('',*,*,#2561,.T.);
#3647=ORIENTED_EDGE('',*,*,#2508,.F.);
#3648=ORIENTED_EDGE('',*,*,#2483,.F.);
#3649=ORIENTED_EDGE('',*,*,#2536,.T.);
#3650=ORIENTED_EDGE('',*,*,#2555,.T.);
#3651=ORIENTED_EDGE('',*,*,#2477,.T.);
#3652=ORIENTED_EDGE('',*,*,#2546,.T.);
#3653=ORIENTED_EDGE('',*,*,#2505,.F.);
#3654=ORIENTED_EDGE('',*,*,#2558,.T.);
#3655=ORIENTED_EDGE('',*,*,#2563,.T.);
#3656=ORIENTED_EDGE('',*,*,#2564,.T.);
#3657=ORIENTED_EDGE('',*,*,#2565,.T.);
#3658=ORIENTED_EDGE('',*,*,#2566,.T.);
#3659=ORIENTED_EDGE('',*,*,#2567,.F.);
#3660=ORIENTED_EDGE('',*,*,#2568,.T.);
#3661=ORIENTED_EDGE('',*,*,#2569,.T.);
#3662=ORIENTED_EDGE('',*,*,#2570,.T.);
#3663=ORIENTED_EDGE('',*,*,#2565,.F.);
#3664=ORIENTED_EDGE('',*,*,#2571,.T.);
#3665=ORIENTED_EDGE('',*,*,#2572,.T.);
#3666=ORIENTED_EDGE('',*,*,#2573,.T.);
#3667=ORIENTED_EDGE('',*,*,#2569,.F.);
#3668=ORIENTED_EDGE('',*,*,#2574,.T.);
#3669=ORIENTED_EDGE('',*,*,#2575,.T.);
#3670=ORIENTED_EDGE('',*,*,#2576,.T.);
#3671=ORIENTED_EDGE('',*,*,#2572,.F.);
#3672=ORIENTED_EDGE('',*,*,#2577,.T.);
#3673=ORIENTED_EDGE('',*,*,#2578,.T.);
#3674=ORIENTED_EDGE('',*,*,#2579,.T.);
#3675=ORIENTED_EDGE('',*,*,#2575,.F.);
#3676=ORIENTED_EDGE('',*,*,#2580,.F.);
#3677=ORIENTED_EDGE('',*,*,#2581,.T.);
#3678=ORIENTED_EDGE('',*,*,#2582,.T.);
#3679=ORIENTED_EDGE('',*,*,#2578,.F.);
#3680=ORIENTED_EDGE('',*,*,#2583,.T.);
#3681=ORIENTED_EDGE('',*,*,#2584,.T.);
#3682=ORIENTED_EDGE('',*,*,#2585,.T.);
#3683=ORIENTED_EDGE('',*,*,#2581,.F.);
#3684=ORIENTED_EDGE('',*,*,#2586,.F.);
#3685=ORIENTED_EDGE('',*,*,#2567,.T.);
#3686=ORIENTED_EDGE('',*,*,#2587,.T.);
#3687=ORIENTED_EDGE('',*,*,#2584,.F.);
#3688=ORIENTED_EDGE('',*,*,#2587,.F.);
#3689=ORIENTED_EDGE('',*,*,#2566,.F.);
#3690=ORIENTED_EDGE('',*,*,#2570,.F.);
#3691=ORIENTED_EDGE('',*,*,#2573,.F.);
#3692=ORIENTED_EDGE('',*,*,#2576,.F.);
#3693=ORIENTED_EDGE('',*,*,#2579,.F.);
#3694=ORIENTED_EDGE('',*,*,#2582,.F.);
#3695=ORIENTED_EDGE('',*,*,#2585,.F.);
#3696=ORIENTED_EDGE('',*,*,#2586,.T.);
#3697=ORIENTED_EDGE('',*,*,#2583,.F.);
#3698=ORIENTED_EDGE('',*,*,#2580,.T.);
#3699=ORIENTED_EDGE('',*,*,#2577,.F.);
#3700=ORIENTED_EDGE('',*,*,#2574,.F.);
#3701=ORIENTED_EDGE('',*,*,#2571,.F.);
#3702=ORIENTED_EDGE('',*,*,#2568,.F.);
#3703=ORIENTED_EDGE('',*,*,#2564,.F.);
#3704=PLANE('',#4223);
#3705=PLANE('',#4224);
#3706=PLANE('',#4225);
#3707=PLANE('',#4226);
#3708=PLANE('',#4227);
#3709=PLANE('',#4228);
#3710=PLANE('',#4229);
#3711=PLANE('',#4230);
#3712=PLANE('',#4231);
#3713=PLANE('',#4232);
#3714=PLANE('',#4241);
#3715=PLANE('',#4242);
#3716=PLANE('',#4243);
#3717=PLANE('',#4244);
#3718=PLANE('',#4245);
#3719=PLANE('',#4246);
#3720=PLANE('',#4247);
#3721=PLANE('',#4251);
#3722=PLANE('',#4253);
#3723=PLANE('',#4255);
#3724=PLANE('',#4261);
#3725=PLANE('',#4264);
#3726=PLANE('',#4269);
#3727=PLANE('',#4273);
#3728=PLANE('',#4277);
#3729=PLANE('',#4281);
#3730=PLANE('',#4285);
#3731=PLANE('',#4286);
#3732=PLANE('',#4294);
#3733=PLANE('',#4298);
#3734=PLANE('',#4302);
#3735=PLANE('',#4303);
#3736=PLANE('',#4311);
#3737=PLANE('',#4315);
#3738=PLANE('',#4319);
#3739=PLANE('',#4320);
#3740=PLANE('',#4328);
#3741=PLANE('',#4329);
#3742=PLANE('',#4330);
#3743=PLANE('',#4331);
#3744=PLANE('',#4335);
#3745=PLANE('',#4339);
#3746=PLANE('',#4343);
#3747=PLANE('',#4344);
#3748=PLANE('',#4352);
#3749=PLANE('',#4353);
#3750=PLANE('',#4354);
#3751=PLANE('',#4355);
#3752=PLANE('',#4359);
#3753=PLANE('',#4363);
#3754=PLANE('',#4367);
#3755=PLANE('',#4368);
#3756=PLANE('',#4373);
#3757=PLANE('',#4377);
#3758=PLANE('',#4381);
#3759=PLANE('',#4385);
#3760=PLANE('',#4386);
#3761=PLANE('',#4397);
#3762=PLANE('',#4399);
#3763=PLANE('',#4401);
#3764=PLANE('',#4402);
#3765=PLANE('',#4403);
#3766=PLANE('',#4404);
#3767=PLANE('',#4405);
#3768=PLANE('',#4406);
#3769=PLANE('',#4407);
#3770=PLANE('',#4408);
#3771=PLANE('',#4409);
#3772=PLANE('',#4413);
#3773=PLANE('',#4414);
#3774=PLANE('',#4415);
#3775=PLANE('',#4416);
#3776=PLANE('',#4417);
#3777=PLANE('',#4418);
#3778=PLANE('',#4427);
#3779=PLANE('',#4428);
#3780=PLANE('',#4430);
#3781=PLANE('',#4431);
#3782=PLANE('',#4432);
#3783=PLANE('',#4433);
#3784=PLANE('',#4434);
#3785=PLANE('',#4435);
#3786=PLANE('',#4447);
#3787=PLANE('',#4448);
#3788=PLANE('',#4449);
#3789=PLANE('',#4452);
#3790=PLANE('',#4454);
#3791=PLANE('',#4455);
#3792=PLANE('',#4457);
#3793=PLANE('',#4458);
#3794=PLANE('',#4459);
#3795=PLANE('',#4460);
#3796=PLANE('',#4461);
#3797=PLANE('',#4464);
#3798=PLANE('',#4467);
#3799=PLANE('',#4468);
#3800=PLANE('',#4469);
#3801=PLANE('',#4473);
#3802=PLANE('',#4476);
#3803=PLANE('',#4477);
#3804=PLANE('',#4479);
#3805=PLANE('',#4480);
#3806=PLANE('',#4491);
#3807=PLANE('',#4492);
#3808=PLANE('',#4499);
#3809=PLANE('',#4502);
#3810=PLANE('',#4505);
#3811=PLANE('',#4508);
#3812=PLANE('',#4509);
#3813=PLANE('',#4510);
#3814=PLANE('',#4511);
#3815=PLANE('',#4514);
#3816=PLANE('',#4515);
#3817=PLANE('',#4522);
#3818=PLANE('',#4530);
#3819=PLANE('',#4531);
#3820=PLANE('',#4538);
#3821=PLANE('',#4548);
#3822=PLANE('',#4549);
#3823=PLANE('',#4550);
#3824=PLANE('',#4557);
#3825=PLANE('',#4558);
#3826=PLANE('',#4560);
#3827=PLANE('',#4561);
#3828=PLANE('',#4572);
#3829=PLANE('',#4573);
#3830=PLANE('',#4580);
#3831=PLANE('',#4583);
#3832=PLANE('',#4586);
#3833=PLANE('',#4589);
#3834=PLANE('',#4590);
#3835=PLANE('',#4591);
#3836=PLANE('',#4592);
#3837=PLANE('',#4595);
#3838=PLANE('',#4596);
#3839=PLANE('',#4603);
#3840=PLANE('',#4611);
#3841=PLANE('',#4612);
#3842=PLANE('',#4619);
#3843=PLANE('',#4629);
#3844=PLANE('',#4630);
#3845=PLANE('',#4631);
#3846=PLANE('',#4638);
#3847=PLANE('',#4639);
#3848=ADVANCED_FACE('',(#420),#3704,.T.);
#3849=ADVANCED_FACE('',(#421),#3705,.T.);
#3850=ADVANCED_FACE('',(#422),#3706,.F.);
#3851=ADVANCED_FACE('',(#423),#3707,.T.);
#3852=ADVANCED_FACE('',(#424),#3708,.T.);
#3853=ADVANCED_FACE('',(#425),#3709,.T.);
#3854=ADVANCED_FACE('',(#426),#3710,.T.);
#3855=ADVANCED_FACE('',(#427),#3711,.T.);
#3856=ADVANCED_FACE('',(#428),#3712,.T.);
#3857=ADVANCED_FACE('',(#429),#3713,.F.);
#3858=ADVANCED_FACE('',(#430),#159,.T.);
#3859=ADVANCED_FACE('',(#431),#160,.F.);
#3860=ADVANCED_FACE('',(#432),#3714,.T.);
#3861=ADVANCED_FACE('',(#433),#3715,.T.);
#3862=ADVANCED_FACE('',(#434),#3716,.T.);
#3863=ADVANCED_FACE('',(#435),#3717,.T.);
#3864=ADVANCED_FACE('',(#436),#3718,.T.);
#3865=ADVANCED_FACE('',(#437,#116),#3719,.T.);
#3866=ADVANCED_FACE('',(#438),#3720,.F.);
#3867=ADVANCED_FACE('',(#439),#3721,.F.);
#3868=ADVANCED_FACE('',(#440),#3722,.F.);
#3869=ADVANCED_FACE('',(#441),#3723,.T.);
#3870=ADVANCED_FACE('',(#442),#161,.F.);
#3871=ADVANCED_FACE('',(#443),#162,.T.);
#3872=ADVANCED_FACE('',(#444),#3724,.T.);
#3873=ADVANCED_FACE('',(#445),#163,.T.);
#3874=ADVANCED_FACE('',(#446,#117),#3725,.T.);
#3875=ADVANCED_FACE('',(#447),#62,.F.);
#3876=ADVANCED_FACE('',(#448),#3726,.F.);
#3877=ADVANCED_FACE('',(#449),#63,.T.);
#3878=ADVANCED_FACE('',(#450),#3727,.T.);
#3879=ADVANCED_FACE('',(#451),#164,.T.);
#3880=ADVANCED_FACE('',(#452),#3728,.T.);
#3881=ADVANCED_FACE('',(#453),#165,.T.);
#3882=ADVANCED_FACE('',(#454,#118),#3729,.T.);
#3883=ADVANCED_FACE('',(#455),#166,.T.);
#3884=ADVANCED_FACE('',(#456,#119),#3730,.T.);
#3885=ADVANCED_FACE('',(#457,#120,#121),#3731,.F.);
#3886=ADVANCED_FACE('',(#458),#167,.F.);
#3887=ADVANCED_FACE('',(#459),#168,.F.);
#3888=ADVANCED_FACE('',(#460),#3732,.T.);
#3889=ADVANCED_FACE('',(#461),#169,.T.);
#3890=ADVANCED_FACE('',(#462),#3733,.T.);
#3891=ADVANCED_FACE('',(#463),#170,.T.);
#3892=ADVANCED_FACE('',(#464,#122,#123),#3734,.T.);
#3893=ADVANCED_FACE('',(#465,#124,#125),#3735,.F.);
#3894=ADVANCED_FACE('',(#466),#171,.F.);
#3895=ADVANCED_FACE('',(#467),#172,.F.);
#3896=ADVANCED_FACE('',(#468),#3736,.T.);
#3897=ADVANCED_FACE('',(#469),#173,.T.);
#3898=ADVANCED_FACE('',(#470),#3737,.T.);
#3899=ADVANCED_FACE('',(#471),#174,.T.);
#3900=ADVANCED_FACE('',(#472,#126,#127),#3738,.T.);
#3901=ADVANCED_FACE('',(#473,#128,#129),#3739,.F.);
#3902=ADVANCED_FACE('',(#474),#175,.T.);
#3903=ADVANCED_FACE('',(#475),#176,.T.);
#3904=ADVANCED_FACE('',(#476),#3740,.F.);
#3905=ADVANCED_FACE('',(#477),#3741,.T.);
#3906=ADVANCED_FACE('',(#478),#3742,.T.);
#3907=ADVANCED_FACE('',(#479),#3743,.T.);
#3908=ADVANCED_FACE('',(#480),#177,.F.);
#3909=ADVANCED_FACE('',(#481),#3744,.T.);
#3910=ADVANCED_FACE('',(#482),#178,.T.);
#3911=ADVANCED_FACE('',(#483),#3745,.T.);
#3912=ADVANCED_FACE('',(#484),#179,.T.);
#3913=ADVANCED_FACE('',(#485,#130,#131),#3746,.T.);
#3914=ADVANCED_FACE('',(#486,#132,#133),#3747,.F.);
#3915=ADVANCED_FACE('',(#487),#180,.T.);
#3916=ADVANCED_FACE('',(#488),#181,.T.);
#3917=ADVANCED_FACE('',(#489),#3748,.T.);
#3918=ADVANCED_FACE('',(#490),#3749,.F.);
#3919=ADVANCED_FACE('',(#491),#3750,.F.);
#3920=ADVANCED_FACE('',(#492),#3751,.F.);
#3921=ADVANCED_FACE('',(#493),#182,.F.);
#3922=ADVANCED_FACE('',(#494),#3752,.F.);
#3923=ADVANCED_FACE('',(#495),#183,.T.);
#3924=ADVANCED_FACE('',(#496),#3753,.F.);
#3925=ADVANCED_FACE('',(#497),#184,.T.);
#3926=ADVANCED_FACE('',(#498,#134,#135),#3754,.F.);
#3927=ADVANCED_FACE('',(#499,#136,#137),#3755,.T.);
#3928=ADVANCED_FACE('',(#500),#185,.T.);
#3929=ADVANCED_FACE('',(#501),#3756,.T.);
#3930=ADVANCED_FACE('',(#502),#186,.F.);
#3931=ADVANCED_FACE('',(#503),#3757,.T.);
#3932=ADVANCED_FACE('',(#504),#187,.T.);
#3933=ADVANCED_FACE('',(#505),#3758,.T.);
#3934=ADVANCED_FACE('',(#506),#188,.T.);
#3935=ADVANCED_FACE('',(#507,#138),#3759,.T.);
#3936=ADVANCED_FACE('',(#508,#139,#140),#3760,.F.);
#3937=ADVANCED_FACE('',(#509),#189,.T.);
#3938=ADVANCED_FACE('',(#510),#190,.F.);
#3939=ADVANCED_FACE('',(#511),#191,.T.);
#3940=ADVANCED_FACE('',(#512),#3761,.F.);
#3941=ADVANCED_FACE('',(#513),#3762,.T.);
#3942=ADVANCED_FACE('',(#514),#3763,.T.);
#3943=ADVANCED_FACE('',(#515),#3764,.T.);
#3944=ADVANCED_FACE('',(#516),#3765,.T.);
#3945=ADVANCED_FACE('',(#517),#3766,.T.);
#3946=ADVANCED_FACE('',(#518),#3767,.T.);
#3947=ADVANCED_FACE('',(#519),#3768,.T.);
#3948=ADVANCED_FACE('',(#520),#3769,.T.);
#3949=ADVANCED_FACE('',(#521),#3770,.T.);
#3950=ADVANCED_FACE('',(#522),#3771,.T.);
#3951=ADVANCED_FACE('',(#523,#141),#192,.T.);
#3952=ADVANCED_FACE('',(#524),#3772,.T.);
#3953=ADVANCED_FACE('',(#525),#3773,.T.);
#3954=ADVANCED_FACE('',(#526),#3774,.T.);
#3955=ADVANCED_FACE('',(#527),#3775,.T.);
#3956=ADVANCED_FACE('',(#528,#142),#3776,.T.);
#3957=ADVANCED_FACE('',(#529,#143),#3777,.F.);
#3958=ADVANCED_FACE('',(#530),#61,.T.);
#3959=ADVANCED_FACE('',(#531),#193,.T.);
#3960=ADVANCED_FACE('',(#532),#3778,.T.);
#3961=ADVANCED_FACE('',(#533),#3779,.F.);
#3962=ADVANCED_FACE('',(#534),#3780,.F.);
#3963=ADVANCED_FACE('',(#535),#3781,.F.);
#3964=ADVANCED_FACE('',(#536),#3782,.F.);
#3965=ADVANCED_FACE('',(#537),#3783,.F.);
#3966=ADVANCED_FACE('',(#538),#3784,.F.);
#3967=ADVANCED_FACE('',(#539),#3785,.F.);
#3968=ADVANCED_FACE('',(#540),#194,.F.);
#3969=ADVANCED_FACE('',(#541),#195,.F.);
#3970=ADVANCED_FACE('',(#542),#3786,.T.);
#3971=ADVANCED_FACE('',(#543),#3787,.T.);
#3972=ADVANCED_FACE('',(#544),#3788,.T.);
#3973=ADVANCED_FACE('',(#545),#3789,.F.);
#3974=ADVANCED_FACE('',(#546),#3790,.T.);
#3975=ADVANCED_FACE('',(#547),#3791,.T.);
#3976=ADVANCED_FACE('',(#548),#3792,.T.);
#3977=ADVANCED_FACE('',(#549),#3793,.T.);
#3978=ADVANCED_FACE('',(#550),#3794,.T.);
#3979=ADVANCED_FACE('',(#551,#144),#3795,.T.);
#3980=ADVANCED_FACE('',(#552),#3796,.T.);
#3981=ADVANCED_FACE('',(#553),#196,.T.);
#3982=ADVANCED_FACE('',(#554),#3797,.T.);
#3983=ADVANCED_FACE('',(#555),#197,.F.);
#3984=ADVANCED_FACE('',(#556),#3798,.T.);
#3985=ADVANCED_FACE('',(#557),#3799,.T.);
#3986=ADVANCED_FACE('',(#558),#3800,.T.);
#3987=ADVANCED_FACE('',(#559),#198,.F.);
#3988=ADVANCED_FACE('',(#560),#3801,.T.);
#3989=ADVANCED_FACE('',(#561),#199,.T.);
#3990=ADVANCED_FACE('',(#562),#3802,.T.);
#3991=ADVANCED_FACE('',(#563),#3803,.F.);
#3992=ADVANCED_FACE('',(#564),#3804,.T.);
#3993=ADVANCED_FACE('',(#565),#3805,.T.);
#3994=ADVANCED_FACE('',(#566),#200,.F.);
#3995=ADVANCED_FACE('',(#567,#145),#3806,.T.);
#3996=ADVANCED_FACE('',(#568),#3807,.T.);
#3997=ADVANCED_FACE('',(#569),#201,.F.);
#3998=ADVANCED_FACE('',(#570),#202,.T.);
#3999=ADVANCED_FACE('',(#571),#203,.T.);
#4000=ADVANCED_FACE('',(#572),#3808,.T.);
#4001=ADVANCED_FACE('',(#573),#204,.F.);
#4002=ADVANCED_FACE('',(#574),#3809,.T.);
#4003=ADVANCED_FACE('',(#575),#205,.T.);
#4004=ADVANCED_FACE('',(#576),#3810,.T.);
#4005=ADVANCED_FACE('',(#577),#206,.F.);
#4006=ADVANCED_FACE('',(#578),#3811,.T.);
#4007=ADVANCED_FACE('',(#579),#3812,.T.);
#4008=ADVANCED_FACE('',(#580),#3813,.T.);
#4009=ADVANCED_FACE('',(#581),#3814,.T.);
#4010=ADVANCED_FACE('',(#582),#207,.T.);
#4011=ADVANCED_FACE('',(#583),#3815,.F.);
#4012=ADVANCED_FACE('',(#584,#146),#3816,.F.);
#4013=ADVANCED_FACE('',(#585),#208,.T.);
#4014=ADVANCED_FACE('',(#586),#209,.F.);
#4015=ADVANCED_FACE('',(#587,#147),#3817,.T.);
#4016=ADVANCED_FACE('',(#588),#210,.T.);
#4017=ADVANCED_FACE('',(#589),#211,.F.);
#4018=ADVANCED_FACE('',(#590,#148),#3818,.T.);
#4019=ADVANCED_FACE('',(#591,#149),#3819,.T.);
#4020=ADVANCED_FACE('',(#592),#212,.T.);
#4021=ADVANCED_FACE('',(#593),#213,.F.);
#4022=ADVANCED_FACE('',(#594,#150,#151),#3820,.F.);
#4023=ADVANCED_FACE('',(#595),#214,.F.);
#4024=ADVANCED_FACE('',(#596),#215,.F.);
#4025=ADVANCED_FACE('',(#597),#216,.F.);
#4026=ADVANCED_FACE('',(#598),#3821,.T.);
#4027=ADVANCED_FACE('',(#599),#3822,.T.);
#4028=ADVANCED_FACE('',(#600),#3823,.T.);
#4029=ADVANCED_FACE('',(#601),#217,.F.);
#4030=ADVANCED_FACE('',(#602),#218,.T.);
#4031=ADVANCED_FACE('',(#603),#3824,.T.);
#4032=ADVANCED_FACE('',(#604),#3825,.F.);
#4033=ADVANCED_FACE('',(#605),#3826,.F.);
#4034=ADVANCED_FACE('',(#606),#3827,.F.);
#4035=ADVANCED_FACE('',(#607),#219,.F.);
#4036=ADVANCED_FACE('',(#608,#152),#3828,.F.);
#4037=ADVANCED_FACE('',(#609),#3829,.F.);
#4038=ADVANCED_FACE('',(#610),#220,.F.);
#4039=ADVANCED_FACE('',(#611),#221,.T.);
#4040=ADVANCED_FACE('',(#612),#222,.T.);
#4041=ADVANCED_FACE('',(#613),#3830,.F.);
#4042=ADVANCED_FACE('',(#614),#223,.F.);
#4043=ADVANCED_FACE('',(#615),#3831,.F.);
#4044=ADVANCED_FACE('',(#616),#224,.T.);
#4045=ADVANCED_FACE('',(#617),#3832,.F.);
#4046=ADVANCED_FACE('',(#618),#225,.F.);
#4047=ADVANCED_FACE('',(#619),#3833,.F.);
#4048=ADVANCED_FACE('',(#620),#3834,.F.);
#4049=ADVANCED_FACE('',(#621),#3835,.F.);
#4050=ADVANCED_FACE('',(#622),#3836,.F.);
#4051=ADVANCED_FACE('',(#623),#226,.T.);
#4052=ADVANCED_FACE('',(#624),#3837,.T.);
#4053=ADVANCED_FACE('',(#625,#153),#3838,.T.);
#4054=ADVANCED_FACE('',(#626),#227,.T.);
#4055=ADVANCED_FACE('',(#627),#228,.F.);
#4056=ADVANCED_FACE('',(#628,#154),#3839,.F.);
#4057=ADVANCED_FACE('',(#629),#229,.T.);
#4058=ADVANCED_FACE('',(#630),#230,.F.);
#4059=ADVANCED_FACE('',(#631,#155),#3840,.F.);
#4060=ADVANCED_FACE('',(#632,#156),#3841,.F.);
#4061=ADVANCED_FACE('',(#633),#231,.T.);
#4062=ADVANCED_FACE('',(#634),#232,.F.);
#4063=ADVANCED_FACE('',(#635,#157,#158),#3842,.T.);
#4064=ADVANCED_FACE('',(#636),#233,.F.);
#4065=ADVANCED_FACE('',(#637),#234,.F.);
#4066=ADVANCED_FACE('',(#638),#235,.F.);
#4067=ADVANCED_FACE('',(#639),#3843,.F.);
#4068=ADVANCED_FACE('',(#640),#3844,.F.);
#4069=ADVANCED_FACE('',(#641),#3845,.F.);
#4070=ADVANCED_FACE('',(#642),#236,.F.);
#4071=ADVANCED_FACE('',(#643),#237,.T.);
#4072=ADVANCED_FACE('',(#644),#3846,.F.);
#4073=ADVANCED_FACE('',(#645),#3847,.T.);
#4074=CLOSED_SHELL('',(#3848,#3849,#3850,#3851,#3852,#3853,#3854,#3855,
#3856,#3857,#3858,#3859,#3860,#3861,#3862,#3863,#3864,#3865,#3866,#3867,
#3868,#3869,#3870,#3871,#3872,#3873,#3874));
#4075=CLOSED_SHELL('',(#3875,#3876,#3877,#3878,#3879,#3880,#3881,#3882,
#3883,#3884,#3885));
#4076=CLOSED_SHELL('',(#3886,#3887,#3888,#3889,#3890,#3891,#3892,#3893));
#4077=CLOSED_SHELL('',(#3894,#3895,#3896,#3897,#3898,#3899,#3900,#3901));
#4078=CLOSED_SHELL('',(#3902,#3903,#3904,#3905,#3906,#3907,#3908,#3909,
#3910,#3911,#3912,#3913,#3914));
#4079=CLOSED_SHELL('',(#3915,#3916,#3917,#3918,#3919,#3920,#3921,#3922,
#3923,#3924,#3925,#3926,#3927));
#4080=CLOSED_SHELL('',(#3928,#3929,#3930,#3931,#3932,#3933,#3934,#3935,
#3936));
#4081=CLOSED_SHELL('',(#3937,#3938,#3939,#3940,#3941,#3942,#3943,#3944,
#3945,#3946,#3947,#3948,#3949,#3950,#3951,#3952,#3953,#3954,#3955,#3956,
#3957));
#4082=CLOSED_SHELL('',(#3958,#3959,#3960,#3961));
#4083=CLOSED_SHELL('',(#3962,#3963,#3964,#3965,#3966,#3967,#3968,#3969,
#3970,#3971,#3972,#3973,#3974,#3975,#3976,#3977,#3978,#3979,#3980,#3981,
#3982,#3983,#3984,#3985,#3986,#3987,#3988,#3989,#3990,#3991));
#4084=CLOSED_SHELL('',(#3992,#3993,#3994,#3995,#3996,#3997,#3998,#3999,
#4000,#4001,#4002,#4003,#4004,#4005,#4006,#4007,#4008,#4009,#4010,#4011,
#4012,#4013,#4014,#4015,#4016,#4017,#4018,#4019,#4020,#4021,#4022));
#4085=CLOSED_SHELL('',(#4023,#4024,#4025,#4026,#4027,#4028,#4029,#4030,
#4031,#4032));
#4086=CLOSED_SHELL('',(#4033,#4034,#4035,#4036,#4037,#4038,#4039,#4040,
#4041,#4042,#4043,#4044,#4045,#4046,#4047,#4048,#4049,#4050,#4051,#4052,
#4053,#4054,#4055,#4056,#4057,#4058,#4059,#4060,#4061,#4062,#4063));
#4087=CLOSED_SHELL('',(#4064,#4065,#4066,#4067,#4068,#4069,#4070,#4071,
#4072,#4073));
#4088=DERIVED_UNIT_ELEMENT(#4112,1.);
#4089=DERIVED_UNIT_ELEMENT(#7165,-3.);
#4090=DERIVED_UNIT_ELEMENT(#4112,1.);
#4091=DERIVED_UNIT_ELEMENT(#7165,-3.);
#4092=DERIVED_UNIT_ELEMENT(#4112,1.);
#4093=DERIVED_UNIT_ELEMENT(#7165,-3.);
#4094=DERIVED_UNIT_ELEMENT(#4112,1.);
#4095=DERIVED_UNIT_ELEMENT(#7165,-3.);
#4096=DERIVED_UNIT_ELEMENT(#4112,1.);
#4097=DERIVED_UNIT_ELEMENT(#7165,-3.);
#4098=DERIVED_UNIT_ELEMENT(#4112,1.);
#4099=DERIVED_UNIT_ELEMENT(#7165,-3.);
#4100=DERIVED_UNIT_ELEMENT(#4112,1.);
#4101=DERIVED_UNIT_ELEMENT(#7165,-3.);
#4102=DERIVED_UNIT_ELEMENT(#4112,1.);
#4103=DERIVED_UNIT_ELEMENT(#7165,-3.);
#4104=DERIVED_UNIT_ELEMENT(#4112,1.);
#4105=DERIVED_UNIT_ELEMENT(#7165,-3.);
#4106=DERIVED_UNIT_ELEMENT(#4112,1.);
#4107=DERIVED_UNIT_ELEMENT(#7165,-3.);
#4108=DERIVED_UNIT_ELEMENT(#4112,1.);
#4109=DERIVED_UNIT_ELEMENT(#7165,-3.);
#4110=DERIVED_UNIT_ELEMENT(#4112,1.);
#4111=DERIVED_UNIT_ELEMENT(#7165,-3.);
#4112=(
MASS_UNIT()
NAMED_UNIT(*)
SI_UNIT(.KILO.,.GRAM.)
);
#4113=DERIVED_UNIT((#4088,#4089));
#4114=DERIVED_UNIT((#4090,#4091));
#4115=DERIVED_UNIT((#4092,#4093));
#4116=DERIVED_UNIT((#4094,#4095));
#4117=DERIVED_UNIT((#4096,#4097));
#4118=DERIVED_UNIT((#4098,#4099));
#4119=DERIVED_UNIT((#4100,#4101));
#4120=DERIVED_UNIT((#4102,#4103));
#4121=DERIVED_UNIT((#4104,#4105));
#4122=DERIVED_UNIT((#4106,#4107));
#4123=DERIVED_UNIT((#4108,#4109));
#4124=DERIVED_UNIT((#4110,#4111));
#4125=MEASURE_REPRESENTATION_ITEM('density measure',
POSITIVE_RATIO_MEASURE(7850.),#4113);
#4126=MEASURE_REPRESENTATION_ITEM('density measure',
POSITIVE_RATIO_MEASURE(7850.),#4114);
#4127=MEASURE_REPRESENTATION_ITEM('density measure',
POSITIVE_RATIO_MEASURE(7850.),#4115);
#4128=MEASURE_REPRESENTATION_ITEM('density measure',
POSITIVE_RATIO_MEASURE(7850.),#4116);
#4129=MEASURE_REPRESENTATION_ITEM('density measure',
POSITIVE_RATIO_MEASURE(7850.),#4117);
#4130=MEASURE_REPRESENTATION_ITEM('density measure',
POSITIVE_RATIO_MEASURE(7850.),#4118);
#4131=MEASURE_REPRESENTATION_ITEM('density measure',
POSITIVE_RATIO_MEASURE(7850.),#4119);
#4132=MEASURE_REPRESENTATION_ITEM('density measure',
POSITIVE_RATIO_MEASURE(7850.),#4120);
#4133=MEASURE_REPRESENTATION_ITEM('density measure',
POSITIVE_RATIO_MEASURE(7850.),#4121);
#4134=MEASURE_REPRESENTATION_ITEM('density measure',
POSITIVE_RATIO_MEASURE(7850.),#4122);
#4135=MEASURE_REPRESENTATION_ITEM('density measure',
POSITIVE_RATIO_MEASURE(7850.),#4123);
#4136=MEASURE_REPRESENTATION_ITEM('density measure',
POSITIVE_RATIO_MEASURE(7850.),#4124);
#4137=PROPERTY_DEFINITION_REPRESENTATION(#4197,#4161);
#4138=PROPERTY_DEFINITION_REPRESENTATION(#4198,#4162);
#4139=PROPERTY_DEFINITION_REPRESENTATION(#4199,#4163);
#4140=PROPERTY_DEFINITION_REPRESENTATION(#4200,#4164);
#4141=PROPERTY_DEFINITION_REPRESENTATION(#4201,#4165);
#4142=PROPERTY_DEFINITION_REPRESENTATION(#4202,#4166);
#4143=PROPERTY_DEFINITION_REPRESENTATION(#4203,#4167);
#4144=PROPERTY_DEFINITION_REPRESENTATION(#4204,#4168);
#4145=PROPERTY_DEFINITION_REPRESENTATION(#4205,#4169);
#4146=PROPERTY_DEFINITION_REPRESENTATION(#4206,#4170);
#4147=PROPERTY_DEFINITION_REPRESENTATION(#4207,#4171);
#4148=PROPERTY_DEFINITION_REPRESENTATION(#4208,#4172);
#4149=PROPERTY_DEFINITION_REPRESENTATION(#4209,#4173);
#4150=PROPERTY_DEFINITION_REPRESENTATION(#4210,#4174);
#4151=PROPERTY_DEFINITION_REPRESENTATION(#4211,#4175);
#4152=PROPERTY_DEFINITION_REPRESENTATION(#4212,#4176);
#4153=PROPERTY_DEFINITION_REPRESENTATION(#4213,#4177);
#4154=PROPERTY_DEFINITION_REPRESENTATION(#4214,#4178);
#4155=PROPERTY_DEFINITION_REPRESENTATION(#4215,#4179);
#4156=PROPERTY_DEFINITION_REPRESENTATION(#4216,#4180);
#4157=PROPERTY_DEFINITION_REPRESENTATION(#4217,#4181);
#4158=PROPERTY_DEFINITION_REPRESENTATION(#4218,#4182);
#4159=PROPERTY_DEFINITION_REPRESENTATION(#4219,#4183);
#4160=PROPERTY_DEFINITION_REPRESENTATION(#4220,#4184);
#4161=REPRESENTATION('material name',(#4185),#7151);
#4162=REPRESENTATION('density',(#4125),#7151);
#4163=REPRESENTATION('material name',(#4186),#7152);
#4164=REPRESENTATION('density',(#4126),#7152);
#4165=REPRESENTATION('material name',(#4187),#7153);
#4166=REPRESENTATION('density',(#4127),#7153);
#4167=REPRESENTATION('material name',(#4188),#7154);
#4168=REPRESENTATION('density',(#4128),#7154);
#4169=REPRESENTATION('material name',(#4189),#7155);
#4170=REPRESENTATION('density',(#4129),#7155);
#4171=REPRESENTATION('material name',(#4190),#7156);
#4172=REPRESENTATION('density',(#4130),#7156);
#4173=REPRESENTATION('material name',(#4191),#7157);
#4174=REPRESENTATION('density',(#4131),#7157);
#4175=REPRESENTATION('material name',(#4192),#7158);
#4176=REPRESENTATION('density',(#4132),#7158);
#4177=REPRESENTATION('material name',(#4193),#7159);
#4178=REPRESENTATION('density',(#4133),#7159);
#4179=REPRESENTATION('material name',(#4194),#7160);
#4180=REPRESENTATION('density',(#4134),#7160);
#4181=REPRESENTATION('material name',(#4195),#7161);
#4182=REPRESENTATION('density',(#4135),#7161);
#4183=REPRESENTATION('material name',(#4196),#7162);
#4184=REPRESENTATION('density',(#4136),#7162);
#4185=DESCRIPTIVE_REPRESENTATION_ITEM('Steel','Steel');
#4186=DESCRIPTIVE_REPRESENTATION_ITEM('Steel','Steel');
#4187=DESCRIPTIVE_REPRESENTATION_ITEM('Steel','Steel');
#4188=DESCRIPTIVE_REPRESENTATION_ITEM('Steel','Steel');
#4189=DESCRIPTIVE_REPRESENTATION_ITEM('Steel','Steel');
#4190=DESCRIPTIVE_REPRESENTATION_ITEM('Steel','Steel');
#4191=DESCRIPTIVE_REPRESENTATION_ITEM('Steel','Steel');
#4192=DESCRIPTIVE_REPRESENTATION_ITEM('Steel','Steel');
#4193=DESCRIPTIVE_REPRESENTATION_ITEM('Steel','Steel');
#4194=DESCRIPTIVE_REPRESENTATION_ITEM('Steel','Steel');
#4195=DESCRIPTIVE_REPRESENTATION_ITEM('Steel','Steel');
#4196=DESCRIPTIVE_REPRESENTATION_ITEM('Steel','Steel');
#4197=PROPERTY_DEFINITION('material property','material name',#7221);
#4198=PROPERTY_DEFINITION('material property','density of part',#7221);
#4199=PROPERTY_DEFINITION('material property','material name',#7222);
#4200=PROPERTY_DEFINITION('material property','density of part',#7222);
#4201=PROPERTY_DEFINITION('material property','material name',#7223);
#4202=PROPERTY_DEFINITION('material property','density of part',#7223);
#4203=PROPERTY_DEFINITION('material property','material name',#7224);
#4204=PROPERTY_DEFINITION('material property','density of part',#7224);
#4205=PROPERTY_DEFINITION('material property','material name',#7225);
#4206=PROPERTY_DEFINITION('material property','density of part',#7225);
#4207=PROPERTY_DEFINITION('material property','material name',#7226);
#4208=PROPERTY_DEFINITION('material property','density of part',#7226);
#4209=PROPERTY_DEFINITION('material property','material name',#7227);
#4210=PROPERTY_DEFINITION('material property','density of part',#7227);
#4211=PROPERTY_DEFINITION('material property','material name',#7228);
#4212=PROPERTY_DEFINITION('material property','density of part',#7228);
#4213=PROPERTY_DEFINITION('material property','material name',#7229);
#4214=PROPERTY_DEFINITION('material property','density of part',#7229);
#4215=PROPERTY_DEFINITION('material property','material name',#7230);
#4216=PROPERTY_DEFINITION('material property','density of part',#7230);
#4217=PROPERTY_DEFINITION('material property','material name',#7231);
#4218=PROPERTY_DEFINITION('material property','density of part',#7231);
#4219=PROPERTY_DEFINITION('material property','material name',#7232);
#4220=PROPERTY_DEFINITION('material property','density of part',#7232);
#4221=AXIS2_PLACEMENT_3D('',#5888,#4652,#4653);
#4222=AXIS2_PLACEMENT_3D('',#5889,#4654,#4655);
#4223=AXIS2_PLACEMENT_3D('',#5890,#4656,#4657);
#4224=AXIS2_PLACEMENT_3D('',#5899,#4662,#4663);
#4225=AXIS2_PLACEMENT_3D('',#5905,#4667,#4668);
#4226=AXIS2_PLACEMENT_3D('',#5911,#4672,#4673);
#4227=AXIS2_PLACEMENT_3D('',#5917,#4677,#4678);
#4228=AXIS2_PLACEMENT_3D('',#5926,#4683,#4684);
#4229=AXIS2_PLACEMENT_3D('',#5932,#4688,#4689);
#4230=AXIS2_PLACEMENT_3D('',#5938,#4693,#4694);
#4231=AXIS2_PLACEMENT_3D('',#5941,#4697,#4698);
#4232=AXIS2_PLACEMENT_3D('',#5942,#4699,#4700);
#4233=AXIS2_PLACEMENT_3D('',#5949,#4703,#4704);
#4234=AXIS2_PLACEMENT_3D('',#5950,#4705,#4706);
#4235=AXIS2_PLACEMENT_3D('',#5955,#4709,#4710);
#4236=AXIS2_PLACEMENT_3D('',#5956,#4711,#4712);
#4237=AXIS2_PLACEMENT_3D('',#5961,#4715,#4716);
#4238=AXIS2_PLACEMENT_3D('',#5962,#4717,#4718);
#4239=AXIS2_PLACEMENT_3D('',#5966,#4720,#4721);
#4240=AXIS2_PLACEMENT_3D('',#5967,#4722,#4723);
#4241=AXIS2_PLACEMENT_3D('',#5968,#4724,#4725);
#4242=AXIS2_PLACEMENT_3D('',#5975,#4730,#4731);
#4243=AXIS2_PLACEMENT_3D('',#5992,#4741,#4742);
#4244=AXIS2_PLACEMENT_3D('',#5998,#4746,#4747);
#4245=AXIS2_PLACEMENT_3D('',#6002,#4750,#4751);
#4246=AXIS2_PLACEMENT_3D('',#6006,#4754,#4755);
#4247=AXIS2_PLACEMENT_3D('',#6008,#4757,#4758);
#4248=AXIS2_PLACEMENT_3D('',#6011,#4760,#4761);
#4249=AXIS2_PLACEMENT_3D('',#6013,#4762,#4763);
#4250=AXIS2_PLACEMENT_3D('',#6014,#4764,#4765);
#4251=AXIS2_PLACEMENT_3D('',#6015,#4766,#4767);
#4252=AXIS2_PLACEMENT_3D('',#6017,#4768,#4769);
#4253=AXIS2_PLACEMENT_3D('',#6019,#4771,#4772);
#4254=AXIS2_PLACEMENT_3D('',#6021,#4773,#4774);
#4255=AXIS2_PLACEMENT_3D('',#6022,#4775,#4776);
#4256=AXIS2_PLACEMENT_3D('',#6024,#4777,#4778);
#4257=AXIS2_PLACEMENT_3D('',#6025,#4779,#4780);
#4258=AXIS2_PLACEMENT_3D('',#6028,#4782,#4783);
#4259=AXIS2_PLACEMENT_3D('',#6029,#4784,#4785);
#4260=AXIS2_PLACEMENT_3D('',#6031,#4786,#4787);
#4261=AXIS2_PLACEMENT_3D('',#6033,#4789,#4790);
#4262=AXIS2_PLACEMENT_3D('',#6037,#4793,#4794);
#4263=AXIS2_PLACEMENT_3D('',#6040,#4797,#4798);
#4264=AXIS2_PLACEMENT_3D('',#6041,#4799,#4800);
#4265=AXIS2_PLACEMENT_3D('',#6042,#4801,#4802);
#4266=AXIS2_PLACEMENT_3D('',#6071,#4803,#4804);
#4267=AXIS2_PLACEMENT_3D('',#6073,#4805,#4806);
#4268=AXIS2_PLACEMENT_3D('',#6074,#4807,#4808);
#4269=AXIS2_PLACEMENT_3D('',#6075,#4809,#4810);
#4270=AXIS2_PLACEMENT_3D('',#6104,#4811,#4812);
#4271=AXIS2_PLACEMENT_3D('',#6106,#4813,#4814);
#4272=AXIS2_PLACEMENT_3D('',#6107,#4815,#4816);
#4273=AXIS2_PLACEMENT_3D('',#6108,#4817,#4818);
#4274=AXIS2_PLACEMENT_3D('',#6109,#4819,#4820);
#4275=AXIS2_PLACEMENT_3D('',#6111,#4821,#4822);
#4276=AXIS2_PLACEMENT_3D('',#6114,#4824,#4825);
#4277=AXIS2_PLACEMENT_3D('',#6115,#4826,#4827);
#4278=AXIS2_PLACEMENT_3D('',#6116,#4828,#4829);
#4279=AXIS2_PLACEMENT_3D('',#6118,#4830,#4831);
#4280=AXIS2_PLACEMENT_3D('',#6121,#4833,#4834);
#4281=AXIS2_PLACEMENT_3D('',#6122,#4835,#4836);
#4282=AXIS2_PLACEMENT_3D('',#6123,#4837,#4838);
#4283=AXIS2_PLACEMENT_3D('',#6125,#4839,#4840);
#4284=AXIS2_PLACEMENT_3D('',#6128,#4842,#4843);
#4285=AXIS2_PLACEMENT_3D('',#6129,#4844,#4845);
#4286=AXIS2_PLACEMENT_3D('',#6130,#4846,#4847);
#4287=AXIS2_PLACEMENT_3D('',#6131,#4848,#4849);
#4288=AXIS2_PLACEMENT_3D('',#6132,#4850,#4851);
#4289=AXIS2_PLACEMENT_3D('',#6134,#4852,#4853);
#4290=AXIS2_PLACEMENT_3D('',#6137,#4855,#4856);
#4291=AXIS2_PLACEMENT_3D('',#6138,#4857,#4858);
#4292=AXIS2_PLACEMENT_3D('',#6140,#4859,#4860);
#4293=AXIS2_PLACEMENT_3D('',#6143,#4862,#4863);
#4294=AXIS2_PLACEMENT_3D('',#6144,#4864,#4865);
#4295=AXIS2_PLACEMENT_3D('',#6153,#4870,#4871);
#4296=AXIS2_PLACEMENT_3D('',#6155,#4872,#4873);
#4297=AXIS2_PLACEMENT_3D('',#6157,#4874,#4875);
#4298=AXIS2_PLACEMENT_3D('',#6159,#4877,#4878);
#4299=AXIS2_PLACEMENT_3D('',#6165,#4882,#4883);
#4300=AXIS2_PLACEMENT_3D('',#6166,#4884,#4885);
#4301=AXIS2_PLACEMENT_3D('',#6167,#4886,#4887);
#4302=AXIS2_PLACEMENT_3D('',#6168,#4888,#4889);
#4303=AXIS2_PLACEMENT_3D('',#6169,#4890,#4891);
#4304=AXIS2_PLACEMENT_3D('',#6170,#4892,#4893);
#4305=AXIS2_PLACEMENT_3D('',#6171,#4894,#4895);
#4306=AXIS2_PLACEMENT_3D('',#6173,#4896,#4897);
#4307=AXIS2_PLACEMENT_3D('',#6176,#4899,#4900);
#4308=AXIS2_PLACEMENT_3D('',#6177,#4901,#4902);
#4309=AXIS2_PLACEMENT_3D('',#6179,#4903,#4904);
#4310=AXIS2_PLACEMENT_3D('',#6182,#4906,#4907);
#4311=AXIS2_PLACEMENT_3D('',#6183,#4908,#4909);
#4312=AXIS2_PLACEMENT_3D('',#6192,#4914,#4915);
#4313=AXIS2_PLACEMENT_3D('',#6194,#4916,#4917);
#4314=AXIS2_PLACEMENT_3D('',#6196,#4918,#4919);
#4315=AXIS2_PLACEMENT_3D('',#6198,#4921,#4922);
#4316=AXIS2_PLACEMENT_3D('',#6204,#4926,#4927);
#4317=AXIS2_PLACEMENT_3D('',#6205,#4928,#4929);
#4318=AXIS2_PLACEMENT_3D('',#6206,#4930,#4931);
#4319=AXIS2_PLACEMENT_3D('',#6207,#4932,#4933);
#4320=AXIS2_PLACEMENT_3D('',#6208,#4934,#4935);
#4321=AXIS2_PLACEMENT_3D('',#6209,#4936,#4937);
#4322=AXIS2_PLACEMENT_3D('',#6210,#4938,#4939);
#4323=AXIS2_PLACEMENT_3D('',#6212,#4940,#4941);
#4324=AXIS2_PLACEMENT_3D('',#6215,#4943,#4944);
#4325=AXIS2_PLACEMENT_3D('',#6216,#4945,#4946);
#4326=AXIS2_PLACEMENT_3D('',#6218,#4947,#4948);
#4327=AXIS2_PLACEMENT_3D('',#6221,#4950,#4951);
#4328=AXIS2_PLACEMENT_3D('',#6222,#4952,#4953);
#4329=AXIS2_PLACEMENT_3D('',#6223,#4954,#4955);
#4330=AXIS2_PLACEMENT_3D('',#6224,#4956,#4957);
#4331=AXIS2_PLACEMENT_3D('',#6233,#4962,#4963);
#4332=AXIS2_PLACEMENT_3D('',#6239,#4967,#4968);
#4333=AXIS2_PLACEMENT_3D('',#6240,#4969,#4970);
#4334=AXIS2_PLACEMENT_3D('',#6241,#4971,#4972);
#4335=AXIS2_PLACEMENT_3D('',#6242,#4973,#4974);
#4336=AXIS2_PLACEMENT_3D('',#6251,#4979,#4980);
#4337=AXIS2_PLACEMENT_3D('',#6253,#4981,#4982);
#4338=AXIS2_PLACEMENT_3D('',#6255,#4983,#4984);
#4339=AXIS2_PLACEMENT_3D('',#6257,#4986,#4987);
#4340=AXIS2_PLACEMENT_3D('',#6263,#4991,#4992);
#4341=AXIS2_PLACEMENT_3D('',#6264,#4993,#4994);
#4342=AXIS2_PLACEMENT_3D('',#6265,#4995,#4996);
#4343=AXIS2_PLACEMENT_3D('',#6266,#4997,#4998);
#4344=AXIS2_PLACEMENT_3D('',#6267,#4999,#5000);
#4345=AXIS2_PLACEMENT_3D('',#6268,#5001,#5002);
#4346=AXIS2_PLACEMENT_3D('',#6269,#5003,#5004);
#4347=AXIS2_PLACEMENT_3D('',#6271,#5005,#5006);
#4348=AXIS2_PLACEMENT_3D('',#6274,#5008,#5009);
#4349=AXIS2_PLACEMENT_3D('',#6275,#5010,#5011);
#4350=AXIS2_PLACEMENT_3D('',#6277,#5012,#5013);
#4351=AXIS2_PLACEMENT_3D('',#6280,#5015,#5016);
#4352=AXIS2_PLACEMENT_3D('',#6281,#5017,#5018);
#4353=AXIS2_PLACEMENT_3D('',#6282,#5019,#5020);
#4354=AXIS2_PLACEMENT_3D('',#6283,#5021,#5022);
#4355=AXIS2_PLACEMENT_3D('',#6292,#5027,#5028);
#4356=AXIS2_PLACEMENT_3D('',#6298,#5032,#5033);
#4357=AXIS2_PLACEMENT_3D('',#6299,#5034,#5035);
#4358=AXIS2_PLACEMENT_3D('',#6300,#5036,#5037);
#4359=AXIS2_PLACEMENT_3D('',#6301,#5038,#5039);
#4360=AXIS2_PLACEMENT_3D('',#6310,#5044,#5045);
#4361=AXIS2_PLACEMENT_3D('',#6312,#5046,#5047);
#4362=AXIS2_PLACEMENT_3D('',#6315,#5049,#5050);
#4363=AXIS2_PLACEMENT_3D('',#6316,#5051,#5052);
#4364=AXIS2_PLACEMENT_3D('',#6322,#5056,#5057);
#4365=AXIS2_PLACEMENT_3D('',#6323,#5058,#5059);
#4366=AXIS2_PLACEMENT_3D('',#6324,#5060,#5061);
#4367=AXIS2_PLACEMENT_3D('',#6325,#5062,#5063);
#4368=AXIS2_PLACEMENT_3D('',#6326,#5064,#5065);
#4369=AXIS2_PLACEMENT_3D('',#6327,#5066,#5067);
#4370=AXIS2_PLACEMENT_3D('',#6328,#5068,#5069);
#4371=AXIS2_PLACEMENT_3D('',#6330,#5070,#5071);
#4372=AXIS2_PLACEMENT_3D('',#6333,#5073,#5074);
#4373=AXIS2_PLACEMENT_3D('',#6334,#5075,#5076);
#4374=AXIS2_PLACEMENT_3D('',#6335,#5077,#5078);
#4375=AXIS2_PLACEMENT_3D('',#6337,#5079,#5080);
#4376=AXIS2_PLACEMENT_3D('',#6340,#5082,#5083);
#4377=AXIS2_PLACEMENT_3D('',#6341,#5084,#5085);
#4378=AXIS2_PLACEMENT_3D('',#6350,#5090,#5091);
#4379=AXIS2_PLACEMENT_3D('',#6352,#5092,#5093);
#4380=AXIS2_PLACEMENT_3D('',#6354,#5094,#5095);
#4381=AXIS2_PLACEMENT_3D('',#6356,#5097,#5098);
#4382=AXIS2_PLACEMENT_3D('',#6362,#5102,#5103);
#4383=AXIS2_PLACEMENT_3D('',#6363,#5104,#5105);
#4384=AXIS2_PLACEMENT_3D('',#6364,#5106,#5107);
#4385=AXIS2_PLACEMENT_3D('',#6365,#5108,#5109);
#4386=AXIS2_PLACEMENT_3D('',#6366,#5110,#5111);
#4387=AXIS2_PLACEMENT_3D('',#6367,#5112,#5113);
#4388=AXIS2_PLACEMENT_3D('',#6368,#5114,#5115);
#4389=AXIS2_PLACEMENT_3D('',#6371,#5116,#5117);
#4390=AXIS2_PLACEMENT_3D('',#6375,#5119,#5120);
#4391=AXIS2_PLACEMENT_3D('',#6377,#5122,#5123);
#4392=AXIS2_PLACEMENT_3D('',#6379,#5124,#5125);
#4393=AXIS2_PLACEMENT_3D('',#6382,#5127,#5128);
#4394=AXIS2_PLACEMENT_3D('',#6383,#5129,#5130);
#4395=AXIS2_PLACEMENT_3D('',#6385,#5131,#5132);
#4396=AXIS2_PLACEMENT_3D('',#6388,#5134,#5135);
#4397=AXIS2_PLACEMENT_3D('',#6389,#5136,#5137);
#4398=AXIS2_PLACEMENT_3D('',#6390,#5138,#5139);
#4399=AXIS2_PLACEMENT_3D('',#6391,#5140,#5141);
#4400=AXIS2_PLACEMENT_3D('',#6392,#5142,#5143);
#4401=AXIS2_PLACEMENT_3D('',#6393,#5144,#5145);
#4402=AXIS2_PLACEMENT_3D('',#6402,#5150,#5151);
#4403=AXIS2_PLACEMENT_3D('',#6408,#5155,#5156);
#4404=AXIS2_PLACEMENT_3D('',#6414,#5160,#5161);
#4405=AXIS2_PLACEMENT_3D('',#6416,#5163,#5164);
#4406=AXIS2_PLACEMENT_3D('',#6425,#5169,#5170);
#4407=AXIS2_PLACEMENT_3D('',#6431,#5174,#5175);
#4408=AXIS2_PLACEMENT_3D('',#6438,#5180,#5181);
#4409=AXIS2_PLACEMENT_3D('',#6441,#5184,#5185);
#4410=AXIS2_PLACEMENT_3D('',#6450,#5190,#5191);
#4411=AXIS2_PLACEMENT_3D('',#6452,#5192,#5193);
#4412=AXIS2_PLACEMENT_3D('',#6454,#5194,#5195);
#4413=AXIS2_PLACEMENT_3D('',#6456,#5197,#5198);
#4414=AXIS2_PLACEMENT_3D('',#6462,#5202,#5203);
#4415=AXIS2_PLACEMENT_3D('',#6468,#5207,#5208);
#4416=AXIS2_PLACEMENT_3D('',#6474,#5212,#5213);
#4417=AXIS2_PLACEMENT_3D('',#6477,#5216,#5217);
#4418=AXIS2_PLACEMENT_3D('',#6478,#5218,#5219);
#4419=AXIS2_PLACEMENT_3D('',#6479,#5220,#5221);
#4420=AXIS2_PLACEMENT_3D('',#6480,#5222,#5223);
#4421=AXIS2_PLACEMENT_3D('',#6482,#5224,#5225);
#4422=AXIS2_PLACEMENT_3D('',#6484,#5226,#5227);
#4423=AXIS2_PLACEMENT_3D('',#6486,#5228,#5229);
#4424=AXIS2_PLACEMENT_3D('',#6487,#5230,#5231);
#4425=AXIS2_PLACEMENT_3D('',#6488,#5232,#5233);
#4426=AXIS2_PLACEMENT_3D('',#6491,#5235,#5236);
#4427=AXIS2_PLACEMENT_3D('',#6492,#5237,#5238);
#4428=AXIS2_PLACEMENT_3D('',#6493,#5239,#5240);
#4429=AXIS2_PLACEMENT_3D('',#6494,#5241,#5242);
#4430=AXIS2_PLACEMENT_3D('',#6495,#5243,#5244);
#4431=AXIS2_PLACEMENT_3D('',#6504,#5249,#5250);
#4432=AXIS2_PLACEMENT_3D('',#6510,#5254,#5255);
#4433=AXIS2_PLACEMENT_3D('',#6516,#5259,#5260);
#4434=AXIS2_PLACEMENT_3D('',#6519,#5263,#5264);
#4435=AXIS2_PLACEMENT_3D('',#6520,#5265,#5266);
#4436=AXIS2_PLACEMENT_3D('',#6525,#5268,#5269);
#4437=AXIS2_PLACEMENT_3D('',#6526,#5270,#5271);
#4438=AXIS2_PLACEMENT_3D('',#6527,#5272,#5273);
#4439=AXIS2_PLACEMENT_3D('',#6530,#5274,#5275);
#4440=AXIS2_PLACEMENT_3D('',#6534,#5277,#5278);
#4441=AXIS2_PLACEMENT_3D('',#6538,#5280,#5281);
#4442=AXIS2_PLACEMENT_3D('',#6539,#5282,#5283);
#4443=AXIS2_PLACEMENT_3D('',#6540,#5284,#5285);
#4444=AXIS2_PLACEMENT_3D('',#6541,#5286,#5287);
#4445=AXIS2_PLACEMENT_3D('',#6543,#5288,#5289);
#4446=AXIS2_PLACEMENT_3D('',#6546,#5291,#5292);
#4447=AXIS2_PLACEMENT_3D('',#6547,#5293,#5294);
#4448=AXIS2_PLACEMENT_3D('',#6556,#5299,#5300);
#4449=AXIS2_PLACEMENT_3D('',#6562,#5304,#5305);
#4450=AXIS2_PLACEMENT_3D('',#6563,#5306,#5307);
#4451=AXIS2_PLACEMENT_3D('',#6564,#5308,#5309);
#4452=AXIS2_PLACEMENT_3D('',#6565,#5310,#5311);
#4453=AXIS2_PLACEMENT_3D('',#6567,#5312,#5313);
#4454=AXIS2_PLACEMENT_3D('',#6569,#5315,#5316);
#4455=AXIS2_PLACEMENT_3D('',#6573,#5319,#5320);
#4456=AXIS2_PLACEMENT_3D('',#6576,#5322,#5323);
#4457=AXIS2_PLACEMENT_3D('',#6577,#5324,#5325);
#4458=AXIS2_PLACEMENT_3D('',#6581,#5328,#5329);
#4459=AXIS2_PLACEMENT_3D('',#6587,#5333,#5334);
#4460=AXIS2_PLACEMENT_3D('',#6593,#5338,#5339);
#4461=AXIS2_PLACEMENT_3D('',#6597,#5342,#5343);
#4462=AXIS2_PLACEMENT_3D('',#6601,#5346,#5347);
#4463=AXIS2_PLACEMENT_3D('',#6603,#5348,#5349);
#4464=AXIS2_PLACEMENT_3D('',#6605,#5351,#5352);
#4465=AXIS2_PLACEMENT_3D('',#6609,#5355,#5356);
#4466=AXIS2_PLACEMENT_3D('',#6611,#5357,#5358);
#4467=AXIS2_PLACEMENT_3D('',#6613,#5360,#5361);
#4468=AXIS2_PLACEMENT_3D('',#6617,#5364,#5365);
#4469=AXIS2_PLACEMENT_3D('',#6621,#5368,#5369);
#4470=AXIS2_PLACEMENT_3D('',#6625,#5372,#5373);
#4471=AXIS2_PLACEMENT_3D('',#6627,#5374,#5375);
#4472=AXIS2_PLACEMENT_3D('',#6629,#5376,#5377);
#4473=AXIS2_PLACEMENT_3D('',#6631,#5379,#5380);
#4474=AXIS2_PLACEMENT_3D('',#6636,#5384,#5385);
#4475=AXIS2_PLACEMENT_3D('',#6637,#5386,#5387);
#4476=AXIS2_PLACEMENT_3D('',#6638,#5388,#5389);
#4477=AXIS2_PLACEMENT_3D('',#6639,#5390,#5391);
#4478=AXIS2_PLACEMENT_3D('',#6640,#5392,#5393);
#4479=AXIS2_PLACEMENT_3D('',#6641,#5394,#5395);
#4480=AXIS2_PLACEMENT_3D('',#6650,#5400,#5401);
#4481=AXIS2_PLACEMENT_3D('',#6657,#5404,#5405);
#4482=AXIS2_PLACEMENT_3D('',#6659,#5406,#5407);
#4483=AXIS2_PLACEMENT_3D('',#6663,#5409,#5410);
#4484=AXIS2_PLACEMENT_3D('',#6665,#5411,#5412);
#4485=AXIS2_PLACEMENT_3D('',#6667,#5413,#5414);
#4486=AXIS2_PLACEMENT_3D('',#6671,#5416,#5417);
#4487=AXIS2_PLACEMENT_3D('',#6675,#5419,#5420);
#4488=AXIS2_PLACEMENT_3D('',#6679,#5422,#5423);
#4489=AXIS2_PLACEMENT_3D('',#6693,#5431,#5432);
#4490=AXIS2_PLACEMENT_3D('',#6707,#5433,#5434);
#4491=AXIS2_PLACEMENT_3D('',#6709,#5436,#5437);
#4492=AXIS2_PLACEMENT_3D('',#6731,#5449,#5450);
#4493=AXIS2_PLACEMENT_3D('',#6737,#5454,#5455);
#4494=AXIS2_PLACEMENT_3D('',#6739,#5456,#5457);
#4495=AXIS2_PLACEMENT_3D('',#6741,#5459,#5460);
#4496=AXIS2_PLACEMENT_3D('',#6743,#5461,#5462);
#4497=AXIS2_PLACEMENT_3D('',#6745,#5464,#5465);
#4498=AXIS2_PLACEMENT_3D('',#6747,#5466,#5467);
#4499=AXIS2_PLACEMENT_3D('',#6749,#5469,#5470);
#4500=AXIS2_PLACEMENT_3D('',#6753,#5473,#5474);
#4501=AXIS2_PLACEMENT_3D('',#6755,#5475,#5476);
#4502=AXIS2_PLACEMENT_3D('',#6757,#5478,#5479);
#4503=AXIS2_PLACEMENT_3D('',#6761,#5482,#5483);
#4504=AXIS2_PLACEMENT_3D('',#6763,#5484,#5485);
#4505=AXIS2_PLACEMENT_3D('',#6765,#5487,#5488);
#4506=AXIS2_PLACEMENT_3D('',#6769,#5491,#5492);
#4507=AXIS2_PLACEMENT_3D('',#6771,#5493,#5494);
#4508=AXIS2_PLACEMENT_3D('',#6773,#5496,#5497);
#4509=AXIS2_PLACEMENT_3D('',#6775,#5499,#5500);
#4510=AXIS2_PLACEMENT_3D('',#6781,#5504,#5505);
#4511=AXIS2_PLACEMENT_3D('',#6787,#5509,#5510);
#4512=AXIS2_PLACEMENT_3D('',#6791,#5513,#5514);
#4513=AXIS2_PLACEMENT_3D('',#6792,#5515,#5516);
#4514=AXIS2_PLACEMENT_3D('',#6793,#5517,#5518);
#4515=AXIS2_PLACEMENT_3D('',#6799,#5523,#5524);
#4516=AXIS2_PLACEMENT_3D('',#6800,#5525,#5526);
#4517=AXIS2_PLACEMENT_3D('',#6802,#5527,#5528);
#4518=AXIS2_PLACEMENT_3D('',#6803,#5529,#5530);
#4519=AXIS2_PLACEMENT_3D('',#6804,#5531,#5532);
#4520=AXIS2_PLACEMENT_3D('',#6805,#5533,#5534);
#4521=AXIS2_PLACEMENT_3D('',#6808,#5536,#5537);
#4522=AXIS2_PLACEMENT_3D('',#6809,#5538,#5539);
#4523=AXIS2_PLACEMENT_3D('',#6810,#5540,#5541);
#4524=AXIS2_PLACEMENT_3D('',#6811,#5542,#5543);
#4525=AXIS2_PLACEMENT_3D('',#6812,#5544,#5545);
#4526=AXIS2_PLACEMENT_3D('',#6813,#5546,#5547);
#4527=AXIS2_PLACEMENT_3D('',#6814,#5548,#5549);
#4528=AXIS2_PLACEMENT_3D('',#6816,#5550,#5551);
#4529=AXIS2_PLACEMENT_3D('',#6819,#5553,#5554);
#4530=AXIS2_PLACEMENT_3D('',#6820,#5555,#5556);
#4531=AXIS2_PLACEMENT_3D('',#6821,#5557,#5558);
#4532=AXIS2_PLACEMENT_3D('',#6822,#5559,#5560);
#4533=AXIS2_PLACEMENT_3D('',#6824,#5561,#5562);
#4534=AXIS2_PLACEMENT_3D('',#6825,#5563,#5564);
#4535=AXIS2_PLACEMENT_3D('',#6826,#5565,#5566);
#4536=AXIS2_PLACEMENT_3D('',#6827,#5567,#5568);
#4537=AXIS2_PLACEMENT_3D('',#6830,#5570,#5571);
#4538=AXIS2_PLACEMENT_3D('',#6831,#5572,#5573);
#4539=AXIS2_PLACEMENT_3D('',#6832,#5574,#5575);
#4540=AXIS2_PLACEMENT_3D('',#6835,#5576,#5577);
#4541=AXIS2_PLACEMENT_3D('',#6839,#5579,#5580);
#4542=AXIS2_PLACEMENT_3D('',#6841,#5582,#5583);
#4543=AXIS2_PLACEMENT_3D('',#6843,#5584,#5585);
#4544=AXIS2_PLACEMENT_3D('',#6845,#5586,#5587);
#4545=AXIS2_PLACEMENT_3D('',#6847,#5589,#5590);
#4546=AXIS2_PLACEMENT_3D('',#6849,#5591,#5592);
#4547=AXIS2_PLACEMENT_3D('',#6851,#5593,#5594);
#4548=AXIS2_PLACEMENT_3D('',#6853,#5596,#5597);
#4549=AXIS2_PLACEMENT_3D('',#6859,#5601,#5602);
#4550=AXIS2_PLACEMENT_3D('',#6865,#5606,#5607);
#4551=AXIS2_PLACEMENT_3D('',#6871,#5611,#5612);
#4552=AXIS2_PLACEMENT_3D('',#6873,#5613,#5614);
#4553=AXIS2_PLACEMENT_3D('',#6875,#5615,#5616);
#4554=AXIS2_PLACEMENT_3D('',#6877,#5618,#5619);
#4555=AXIS2_PLACEMENT_3D('',#6878,#5620,#5621);
#4556=AXIS2_PLACEMENT_3D('',#6879,#5622,#5623);
#4557=AXIS2_PLACEMENT_3D('',#6880,#5624,#5625);
#4558=AXIS2_PLACEMENT_3D('',#6881,#5626,#5627);
#4559=AXIS2_PLACEMENT_3D('',#6882,#5628,#5629);
#4560=AXIS2_PLACEMENT_3D('',#6883,#5630,#5631);
#4561=AXIS2_PLACEMENT_3D('',#6892,#5636,#5637);
#4562=AXIS2_PLACEMENT_3D('',#6911,#5646,#5647);
#4563=AXIS2_PLACEMENT_3D('',#6915,#5649,#5650);
#4564=AXIS2_PLACEMENT_3D('',#6919,#5652,#5653);
#4565=AXIS2_PLACEMENT_3D('',#6923,#5655,#5656);
#4566=AXIS2_PLACEMENT_3D('',#6925,#5657,#5658);
#4567=AXIS2_PLACEMENT_3D('',#6927,#5659,#5660);
#4568=AXIS2_PLACEMENT_3D('',#6931,#5662,#5663);
#4569=AXIS2_PLACEMENT_3D('',#6933,#5664,#5665);
#4570=AXIS2_PLACEMENT_3D('',#6935,#5667,#5668);
#4571=AXIS2_PLACEMENT_3D('',#6950,#5670,#5671);
#4572=AXIS2_PLACEMENT_3D('',#6951,#5672,#5673);
#4573=AXIS2_PLACEMENT_3D('',#6973,#5685,#5686);
#4574=AXIS2_PLACEMENT_3D('',#6979,#5690,#5691);
#4575=AXIS2_PLACEMENT_3D('',#6982,#5693,#5694);
#4576=AXIS2_PLACEMENT_3D('',#6983,#5695,#5696);
#4577=AXIS2_PLACEMENT_3D('',#6986,#5698,#5699);
#4578=AXIS2_PLACEMENT_3D('',#6987,#5700,#5701);
#4579=AXIS2_PLACEMENT_3D('',#6990,#5703,#5704);
#4580=AXIS2_PLACEMENT_3D('',#6991,#5705,#5706);
#4581=AXIS2_PLACEMENT_3D('',#6995,#5709,#5710);
#4582=AXIS2_PLACEMENT_3D('',#6998,#5712,#5713);
#4583=AXIS2_PLACEMENT_3D('',#6999,#5714,#5715);
#4584=AXIS2_PLACEMENT_3D('',#7003,#5718,#5719);
#4585=AXIS2_PLACEMENT_3D('',#7006,#5721,#5722);
#4586=AXIS2_PLACEMENT_3D('',#7007,#5723,#5724);
#4587=AXIS2_PLACEMENT_3D('',#7011,#5727,#5728);
#4588=AXIS2_PLACEMENT_3D('',#7014,#5730,#5731);
#4589=AXIS2_PLACEMENT_3D('',#7015,#5732,#5733);
#4590=AXIS2_PLACEMENT_3D('',#7017,#5735,#5736);
#4591=AXIS2_PLACEMENT_3D('',#7023,#5740,#5741);
#4592=AXIS2_PLACEMENT_3D('',#7029,#5745,#5746);
#4593=AXIS2_PLACEMENT_3D('',#7033,#5749,#5750);
#4594=AXIS2_PLACEMENT_3D('',#7034,#5751,#5752);
#4595=AXIS2_PLACEMENT_3D('',#7035,#5753,#5754);
#4596=AXIS2_PLACEMENT_3D('',#7041,#5759,#5760);
#4597=AXIS2_PLACEMENT_3D('',#7042,#5761,#5762);
#4598=AXIS2_PLACEMENT_3D('',#7044,#5763,#5764);
#4599=AXIS2_PLACEMENT_3D('',#7045,#5765,#5766);
#4600=AXIS2_PLACEMENT_3D('',#7046,#5767,#5768);
#4601=AXIS2_PLACEMENT_3D('',#7047,#5769,#5770);
#4602=AXIS2_PLACEMENT_3D('',#7050,#5772,#5773);
#4603=AXIS2_PLACEMENT_3D('',#7051,#5774,#5775);
#4604=AXIS2_PLACEMENT_3D('',#7052,#5776,#5777);
#4605=AXIS2_PLACEMENT_3D('',#7053,#5778,#5779);
#4606=AXIS2_PLACEMENT_3D('',#7054,#5780,#5781);
#4607=AXIS2_PLACEMENT_3D('',#7055,#5782,#5783);
#4608=AXIS2_PLACEMENT_3D('',#7056,#5784,#5785);
#4609=AXIS2_PLACEMENT_3D('',#7058,#5786,#5787);
#4610=AXIS2_PLACEMENT_3D('',#7061,#5789,#5790);
#4611=AXIS2_PLACEMENT_3D('',#7062,#5791,#5792);
#4612=AXIS2_PLACEMENT_3D('',#7063,#5793,#5794);
#4613=AXIS2_PLACEMENT_3D('',#7064,#5795,#5796);
#4614=AXIS2_PLACEMENT_3D('',#7066,#5797,#5798);
#4615=AXIS2_PLACEMENT_3D('',#7067,#5799,#5800);
#4616=AXIS2_PLACEMENT_3D('',#7068,#5801,#5802);
#4617=AXIS2_PLACEMENT_3D('',#7069,#5803,#5804);
#4618=AXIS2_PLACEMENT_3D('',#7072,#5806,#5807);
#4619=AXIS2_PLACEMENT_3D('',#7073,#5808,#5809);
#4620=AXIS2_PLACEMENT_3D('',#7074,#5810,#5811);
#4621=AXIS2_PLACEMENT_3D('',#7077,#5812,#5813);
#4622=AXIS2_PLACEMENT_3D('',#7081,#5815,#5816);
#4623=AXIS2_PLACEMENT_3D('',#7083,#5818,#5819);
#4624=AXIS2_PLACEMENT_3D('',#7085,#5820,#5821);
#4625=AXIS2_PLACEMENT_3D('',#7088,#5823,#5824);
#4626=AXIS2_PLACEMENT_3D('',#7089,#5825,#5826);
#4627=AXIS2_PLACEMENT_3D('',#7091,#5827,#5828);
#4628=AXIS2_PLACEMENT_3D('',#7094,#5830,#5831);
#4629=AXIS2_PLACEMENT_3D('',#7095,#5832,#5833);
#4630=AXIS2_PLACEMENT_3D('',#7101,#5837,#5838);
#4631=AXIS2_PLACEMENT_3D('',#7107,#5842,#5843);
#4632=AXIS2_PLACEMENT_3D('',#7113,#5847,#5848);
#4633=AXIS2_PLACEMENT_3D('',#7115,#5849,#5850);
#4634=AXIS2_PLACEMENT_3D('',#7118,#5852,#5853);
#4635=AXIS2_PLACEMENT_3D('',#7119,#5854,#5855);
#4636=AXIS2_PLACEMENT_3D('',#7120,#5856,#5857);
#4637=AXIS2_PLACEMENT_3D('',#7121,#5858,#5859);
#4638=AXIS2_PLACEMENT_3D('',#7122,#5860,#5861);
#4639=AXIS2_PLACEMENT_3D('',#7123,#5862,#5863);
#4640=AXIS2_PLACEMENT_3D('',#7124,#5864,#5865);
#4641=AXIS2_PLACEMENT_3D('',#7125,#5866,#5867);
#4642=AXIS2_PLACEMENT_3D('',#7126,#5868,#5869);
#4643=AXIS2_PLACEMENT_3D('',#7127,#5870,#5871);
#4644=AXIS2_PLACEMENT_3D('',#7128,#5872,#5873);
#4645=AXIS2_PLACEMENT_3D('',#7129,#5874,#5875);
#4646=AXIS2_PLACEMENT_3D('',#7130,#5876,#5877);
#4647=AXIS2_PLACEMENT_3D('',#7131,#5878,#5879);
#4648=AXIS2_PLACEMENT_3D('',#7132,#5880,#5881);
#4649=AXIS2_PLACEMENT_3D('',#7133,#5882,#5883);
#4650=AXIS2_PLACEMENT_3D('',#7134,#5884,#5885);
#4651=AXIS2_PLACEMENT_3D('',#7135,#5886,#5887);
#4652=DIRECTION('axis',(0.,0.,1.));
#4653=DIRECTION('refdir',(1.,0.,0.));
#4654=DIRECTION('axis',(0.,0.,1.));
#4655=DIRECTION('refdir',(1.,0.,0.));
#4656=DIRECTION('center_axis',(0.,0.,1.));
#4657=DIRECTION('ref_axis',(0.,1.,0.));
#4658=DIRECTION('',(0.,1.,0.));
#4659=DIRECTION('',(-1.,0.,0.));
#4660=DIRECTION('',(0.,1.,0.));
#4661=DIRECTION('',(-1.,0.,0.));
#4662=DIRECTION('center_axis',(-1.,0.,0.));
#4663=DIRECTION('ref_axis',(0.,0.,1.));
#4664=DIRECTION('',(0.,1.,0.));
#4665=DIRECTION('',(0.,0.,1.));
#4666=DIRECTION('',(0.,0.,-1.));
#4667=DIRECTION('center_axis',(-1.,0.,0.));
#4668=DIRECTION('ref_axis',(0.,-1.,0.));
#4669=DIRECTION('',(0.,-1.,0.));
#4670=DIRECTION('',(0.,0.,-1.));
#4671=DIRECTION('',(0.,0.,1.));
#4672=DIRECTION('center_axis',(0.,0.,1.));
#4673=DIRECTION('ref_axis',(0.,1.,0.));
#4674=DIRECTION('',(-1.,0.,0.));
#4675=DIRECTION('',(0.,-1.,0.));
#4676=DIRECTION('',(-1.,0.,0.));
#4677=DIRECTION('center_axis',(0.,0.,-1.));
#4678=DIRECTION('ref_axis',(0.,-1.,0.));
#4679=DIRECTION('',(0.,1.,0.));
#4680=DIRECTION('',(-1.,0.,0.));
#4681=DIRECTION('',(0.,-1.,0.));
#4682=DIRECTION('',(-1.,0.,0.));
#4683=DIRECTION('center_axis',(0.,1.,6.93889390390723E-17));
#4684=DIRECTION('ref_axis',(0.,6.93889390390723E-17,-1.));
#4685=DIRECTION('',(0.,-6.93889390390723E-17,1.));
#4686=DIRECTION('',(0.,6.93889390390723E-17,-1.));
#4687=DIRECTION('',(-1.,0.,0.));
#4688=DIRECTION('center_axis',(0.,0.,1.));
#4689=DIRECTION('ref_axis',(0.,1.,0.));
#4690=DIRECTION('',(0.,-1.,0.));
#4691=DIRECTION('',(0.,1.,0.));
#4692=DIRECTION('',(-1.,0.,0.));
#4693=DIRECTION('center_axis',(0.,-1.,0.));
#4694=DIRECTION('ref_axis',(0.,0.,1.));
#4695=DIRECTION('',(0.,0.,-1.));
#4696=DIRECTION('',(0.,0.,1.));
#4697=DIRECTION('center_axis',(-1.,0.,0.));
#4698=DIRECTION('ref_axis',(0.,0.,1.));
#4699=DIRECTION('center_axis',(1.,0.,0.));
#4700=DIRECTION('ref_axis',(0.,1.,0.));
#4701=DIRECTION('',(0.,0.,1.));
#4702=DIRECTION('',(0.,-1.,0.));
#4703=DIRECTION('center_axis',(1.,0.,0.));
#4704=DIRECTION('ref_axis',(0.,1.,0.));
#4705=DIRECTION('center_axis',(1.,0.,0.));
#4706=DIRECTION('ref_axis',(0.,1.,0.));
#4707=DIRECTION('',(0.,-1.,0.));
#4708=DIRECTION('',(0.,-1.53585033061153E-17,-1.));
#4709=DIRECTION('center_axis',(-1.,0.,0.));
#4710=DIRECTION('ref_axis',(0.,1.,0.));
#4711=DIRECTION('center_axis',(-1.,0.,0.));
#4712=DIRECTION('ref_axis',(0.,-1.83697019872103E-16,-1.));
#4713=DIRECTION('',(1.,0.,0.));
#4714=DIRECTION('',(-1.,0.,0.));
#4715=DIRECTION('center_axis',(1.,0.,0.));
#4716=DIRECTION('ref_axis',(0.,1.,0.));
#4717=DIRECTION('center_axis',(-1.,0.,0.));
#4718=DIRECTION('ref_axis',(0.,1.,0.));
#4719=DIRECTION('',(1.,0.,0.));
#4720=DIRECTION('center_axis',(-1.,0.,0.));
#4721=DIRECTION('ref_axis',(0.,1.,0.));
#4722=DIRECTION('center_axis',(-1.,0.,0.));
#4723=DIRECTION('ref_axis',(0.,1.,0.));
#4724=DIRECTION('center_axis',(1.,0.,0.));
#4725=DIRECTION('ref_axis',(0.,1.,0.));
#4726=DIRECTION('',(0.,0.,-1.));
#4727=DIRECTION('',(0.,1.53585033061153E-17,1.));
#4728=DIRECTION('',(0.,1.,0.));
#4729=DIRECTION('',(0.,1.,0.));
#4730=DIRECTION('center_axis',(0.,-1.,0.));
#4731=DIRECTION('ref_axis',(0.,0.,1.));
#4732=DIRECTION('',(-1.,0.,0.));
#4733=DIRECTION('',(0.,0.,-1.));
#4734=DIRECTION('',(-1.,0.,0.));
#4735=DIRECTION('',(0.,0.,1.));
#4736=DIRECTION('',(-1.,0.,0.));
#4737=DIRECTION('',(0.,0.,1.));
#4738=DIRECTION('',(-1.,0.,0.));
#4739=DIRECTION('',(0.,0.,1.));
#4740=DIRECTION('',(-1.,0.,0.));
#4741=DIRECTION('center_axis',(0.,0.,-1.));
#4742=DIRECTION('ref_axis',(0.,-1.,0.));
#4743=DIRECTION('',(-1.,0.,0.));
#4744=DIRECTION('',(0.,1.,0.));
#4745=DIRECTION('',(0.,1.,0.));
#4746=DIRECTION('center_axis',(0.,0.,-1.));
#4747=DIRECTION('ref_axis',(0.,-1.,0.));
#4748=DIRECTION('',(0.,-1.,0.));
#4749=DIRECTION('',(-1.,0.,0.));
#4750=DIRECTION('center_axis',(0.,0.,1.));
#4751=DIRECTION('ref_axis',(0.,1.,0.));
#4752=DIRECTION('',(-1.,0.,0.));
#4753=DIRECTION('',(0.,1.,0.));
#4754=DIRECTION('center_axis',(-1.,0.,0.));
#4755=DIRECTION('ref_axis',(0.,0.,1.));
#4756=DIRECTION('',(0.,-9.21510217361299E-17,-1.));
#4757=DIRECTION('center_axis',(1.,0.,0.));
#4758=DIRECTION('ref_axis',(0.,1.,0.));
#4759=DIRECTION('',(0.,9.21510217361299E-17,1.));
#4760=DIRECTION('center_axis',(-1.,0.,0.));
#4761=DIRECTION('ref_axis',(0.,-0.142857142857128,0.989743318610789));
#4762=DIRECTION('center_axis',(1.,0.,0.));
#4763=DIRECTION('ref_axis',(0.,1.,0.));
#4764=DIRECTION('center_axis',(1.,0.,0.));
#4765=DIRECTION('ref_axis',(0.,1.,0.));
#4766=DIRECTION('center_axis',(1.,0.,0.));
#4767=DIRECTION('ref_axis',(0.,1.,0.));
#4768=DIRECTION('center_axis',(1.,0.,0.));
#4769=DIRECTION('ref_axis',(0.,1.,0.));
#4770=DIRECTION('',(0.,-1.53585033061153E-17,-1.));
#4771=DIRECTION('center_axis',(1.,0.,0.));
#4772=DIRECTION('ref_axis',(0.,1.,0.));
#4773=DIRECTION('center_axis',(-1.,0.,0.));
#4774=DIRECTION('ref_axis',(0.,1.,0.));
#4775=DIRECTION('center_axis',(1.,0.,0.));
#4776=DIRECTION('ref_axis',(0.,1.,0.));
#4777=DIRECTION('center_axis',(1.,0.,0.));
#4778=DIRECTION('ref_axis',(0.,1.,0.));
#4779=DIRECTION('center_axis',(-1.,0.,0.));
#4780=DIRECTION('ref_axis',(0.,1.,0.));
#4781=DIRECTION('',(1.,0.,0.));
#4782=DIRECTION('center_axis',(-1.,0.,0.));
#4783=DIRECTION('ref_axis',(0.,1.,0.));
#4784=DIRECTION('center_axis',(-1.,0.,0.));
#4785=DIRECTION('ref_axis',(0.,4.1633363423439E-16,-1.));
#4786=DIRECTION('center_axis',(1.,0.,0.));
#4787=DIRECTION('ref_axis',(0.,-0.142857142857128,0.989743318610789));
#4788=DIRECTION('',(-1.,0.,0.));
#4789=DIRECTION('center_axis',(0.,1.,-1.53585033061153E-17));
#4790=DIRECTION('ref_axis',(0.,-1.53585033061153E-17,-1.));
#4791=DIRECTION('',(-1.,0.,0.));
#4792=DIRECTION('',(0.,-1.53585033061153E-17,-1.));
#4793=DIRECTION('center_axis',(-1.,0.,0.));
#4794=DIRECTION('ref_axis',(0.,1.,0.));
#4795=DIRECTION('',(1.,0.,0.));
#4796=DIRECTION('',(1.,0.,0.));
#4797=DIRECTION('center_axis',(-1.,0.,0.));
#4798=DIRECTION('ref_axis',(0.,1.,0.));
#4799=DIRECTION('center_axis',(1.,0.,0.));
#4800=DIRECTION('ref_axis',(0.,1.,0.));
#4801=DIRECTION('axis',(0.,0.,1.));
#4802=DIRECTION('refdir',(1.,0.,0.));
#4803=DIRECTION('center_axis',(1.,0.,0.));
#4804=DIRECTION('ref_axis',(0.,1.,0.));
#4805=DIRECTION('center_axis',(1.73472347597664E-18,-1.,-1.56105835752408E-16));
#4806=DIRECTION('ref_axis',(0.0222222222222269,-1.56048014016788E-16,0.999753055929066));
#4807=DIRECTION('center_axis',(0.999012345679012,0.,0.0444334691524036));
#4808=DIRECTION('ref_axis',(0.,1.,0.));
#4809=DIRECTION('center_axis',(0.999012345679012,0.,0.0444334691524036));
#4810=DIRECTION('ref_axis',(0.,1.,0.));
#4811=DIRECTION('center_axis',(1.,0.,0.));
#4812=DIRECTION('ref_axis',(0.,-1.,0.));
#4813=DIRECTION('center_axis',(-1.73472347597664E-18,-1.,1.56105835752408E-16));
#4814=DIRECTION('ref_axis',(0.0222222222222269,1.56048014016788E-16,0.999753055929066));
#4815=DIRECTION('center_axis',(-0.999012345679012,0.,-0.0444334691524036));
#4816=DIRECTION('ref_axis',(0.,-1.,0.));
#4817=DIRECTION('center_axis',(-0.999012345679012,0.,-0.0444334691524036));
#4818=DIRECTION('ref_axis',(0.,-1.,0.));
#4819=DIRECTION('center_axis',(1.,0.,0.));
#4820=DIRECTION('ref_axis',(0.,1.,0.));
#4821=DIRECTION('center_axis',(1.,0.,0.));
#4822=DIRECTION('ref_axis',(0.,1.,0.));
#4823=DIRECTION('',(-1.,0.,0.));
#4824=DIRECTION('center_axis',(-1.,0.,0.));
#4825=DIRECTION('ref_axis',(0.,1.,0.));
#4826=DIRECTION('center_axis',(1.,0.,0.));
#4827=DIRECTION('ref_axis',(0.,1.,0.));
#4828=DIRECTION('center_axis',(1.,0.,0.));
#4829=DIRECTION('ref_axis',(0.,1.,0.));
#4830=DIRECTION('center_axis',(1.,0.,0.));
#4831=DIRECTION('ref_axis',(0.,1.,0.));
#4832=DIRECTION('',(-1.,0.,0.));
#4833=DIRECTION('center_axis',(-1.,0.,0.));
#4834=DIRECTION('ref_axis',(0.,1.,0.));
#4835=DIRECTION('center_axis',(1.,0.,0.));
#4836=DIRECTION('ref_axis',(0.,1.,0.));
#4837=DIRECTION('center_axis',(-1.,0.,0.));
#4838=DIRECTION('ref_axis',(0.,1.,0.));
#4839=DIRECTION('center_axis',(-1.,0.,0.));
#4840=DIRECTION('ref_axis',(0.,1.,0.));
#4841=DIRECTION('',(1.,0.,0.));
#4842=DIRECTION('center_axis',(1.,0.,0.));
#4843=DIRECTION('ref_axis',(0.,1.,0.));
#4844=DIRECTION('center_axis',(1.,0.,0.));
#4845=DIRECTION('ref_axis',(0.,1.,0.));
#4846=DIRECTION('center_axis',(1.,0.,0.));
#4847=DIRECTION('ref_axis',(0.,1.,0.));
#4848=DIRECTION('axis',(0.,0.,1.));
#4849=DIRECTION('refdir',(1.,0.,0.));
#4850=DIRECTION('center_axis',(1.,0.,0.));
#4851=DIRECTION('ref_axis',(0.,1.,0.));
#4852=DIRECTION('center_axis',(-1.,0.,0.));
#4853=DIRECTION('ref_axis',(0.,1.,0.));
#4854=DIRECTION('',(-1.,0.,0.));
#4855=DIRECTION('center_axis',(-1.,0.,0.));
#4856=DIRECTION('ref_axis',(0.,1.,0.));
#4857=DIRECTION('center_axis',(1.,0.,0.));
#4858=DIRECTION('ref_axis',(0.,1.,0.));
#4859=DIRECTION('center_axis',(-1.,0.,0.));
#4860=DIRECTION('ref_axis',(0.,1.,0.));
#4861=DIRECTION('',(-1.,0.,0.));
#4862=DIRECTION('center_axis',(-1.,0.,0.));
#4863=DIRECTION('ref_axis',(0.,1.,0.));
#4864=DIRECTION('center_axis',(0.,0.866025403784439,0.5));
#4865=DIRECTION('ref_axis',(0.,-0.5,0.866025403784439));
#4866=DIRECTION('',(0.,0.5,-0.866025403784439));
#4867=DIRECTION('',(1.,0.,0.));
#4868=DIRECTION('',(0.,-0.5,0.866025403784439));
#4869=DIRECTION('',(1.,0.,0.));
#4870=DIRECTION('center_axis',(1.,0.,0.));
#4871=DIRECTION('ref_axis',(0.,0.5,-0.866025403784439));
#4872=DIRECTION('center_axis',(1.,0.,0.));
#4873=DIRECTION('ref_axis',(0.,-0.866025403784439,0.5));
#4874=DIRECTION('center_axis',(1.,0.,0.));
#4875=DIRECTION('ref_axis',(0.,-0.866025403784439,0.5));
#4876=DIRECTION('',(1.,0.,0.));
#4877=DIRECTION('center_axis',(0.,-0.866025403784439,-0.5));
#4878=DIRECTION('ref_axis',(0.,0.5,-0.866025403784439));
#4879=DIRECTION('',(0.,0.5,-0.866025403784439));
#4880=DIRECTION('',(0.,0.5,-0.866025403784439));
#4881=DIRECTION('',(1.,0.,0.));
#4882=DIRECTION('center_axis',(1.,0.,0.));
#4883=DIRECTION('ref_axis',(0.,-0.5,0.866025403784439));
#4884=DIRECTION('center_axis',(1.,0.,0.));
#4885=DIRECTION('ref_axis',(0.,0.866025403784439,-0.5));
#4886=DIRECTION('center_axis',(1.,0.,0.));
#4887=DIRECTION('ref_axis',(0.,0.866025403784439,-0.5));
#4888=DIRECTION('center_axis',(1.,0.,0.));
#4889=DIRECTION('ref_axis',(0.,1.,0.));
#4890=DIRECTION('center_axis',(1.,0.,0.));
#4891=DIRECTION('ref_axis',(0.,1.,0.));
#4892=DIRECTION('axis',(0.,0.,1.));
#4893=DIRECTION('refdir',(1.,0.,0.));
#4894=DIRECTION('center_axis',(1.,0.,0.));
#4895=DIRECTION('ref_axis',(0.,1.,0.));
#4896=DIRECTION('center_axis',(-1.,0.,0.));
#4897=DIRECTION('ref_axis',(0.,1.,0.));
#4898=DIRECTION('',(-1.,0.,0.));
#4899=DIRECTION('center_axis',(-1.,0.,0.));
#4900=DIRECTION('ref_axis',(0.,1.,0.));
#4901=DIRECTION('center_axis',(1.,0.,0.));
#4902=DIRECTION('ref_axis',(0.,1.,0.));
#4903=DIRECTION('center_axis',(-1.,0.,0.));
#4904=DIRECTION('ref_axis',(0.,1.,0.));
#4905=DIRECTION('',(-1.,0.,0.));
#4906=DIRECTION('center_axis',(-1.,0.,0.));
#4907=DIRECTION('ref_axis',(0.,1.,0.));
#4908=DIRECTION('center_axis',(0.,-0.809016994374948,0.587785252292472));
#4909=DIRECTION('ref_axis',(0.,-0.587785252292472,-0.809016994374949));
#4910=DIRECTION('',(0.,0.587785252292472,0.809016994374949));
#4911=DIRECTION('',(1.,0.,0.));
#4912=DIRECTION('',(0.,-0.587785252292472,-0.809016994374949));
#4913=DIRECTION('',(1.,0.,0.));
#4914=DIRECTION('center_axis',(1.,0.,0.));
#4915=DIRECTION('ref_axis',(0.,0.587785252292478,0.809016994374944));
#4916=DIRECTION('center_axis',(1.,0.,0.));
#4917=DIRECTION('ref_axis',(0.,-0.104528463267633,-0.994521895368276));
#4918=DIRECTION('center_axis',(1.,0.,0.));
#4919=DIRECTION('ref_axis',(0.,-0.104528463267633,-0.994521895368276));
#4920=DIRECTION('',(1.,0.,0.));
#4921=DIRECTION('center_axis',(0.,0.809016994374947,-0.587785252292474));
#4922=DIRECTION('ref_axis',(0.,0.587785252292474,0.809016994374947));
#4923=DIRECTION('',(0.,0.587785252292474,0.809016994374947));
#4924=DIRECTION('',(0.,0.587785252292474,0.809016994374947));
#4925=DIRECTION('',(1.,0.,0.));
#4926=DIRECTION('center_axis',(1.,0.,0.));
#4927=DIRECTION('ref_axis',(0.,-0.587785252292474,-0.809016994374947));
#4928=DIRECTION('center_axis',(1.,0.,0.));
#4929=DIRECTION('ref_axis',(0.,0.104528463267654,0.994521895368273));
#4930=DIRECTION('center_axis',(1.,0.,0.));
#4931=DIRECTION('ref_axis',(0.,0.104528463267654,0.994521895368273));
#4932=DIRECTION('center_axis',(1.,0.,0.));
#4933=DIRECTION('ref_axis',(0.,1.,0.));
#4934=DIRECTION('center_axis',(1.,0.,0.));
#4935=DIRECTION('ref_axis',(0.,1.,0.));
#4936=DIRECTION('axis',(0.,0.,1.));
#4937=DIRECTION('refdir',(1.,0.,0.));
#4938=DIRECTION('center_axis',(1.,0.,0.));
#4939=DIRECTION('ref_axis',(0.,1.,0.));
#4940=DIRECTION('center_axis',(1.,0.,0.));
#4941=DIRECTION('ref_axis',(0.,1.,0.));
#4942=DIRECTION('',(-1.,0.,0.));
#4943=DIRECTION('center_axis',(-1.,0.,0.));
#4944=DIRECTION('ref_axis',(0.,1.,0.));
#4945=DIRECTION('center_axis',(1.,0.,0.));
#4946=DIRECTION('ref_axis',(0.,1.,0.));
#4947=DIRECTION('center_axis',(1.,0.,0.));
#4948=DIRECTION('ref_axis',(0.,1.,0.));
#4949=DIRECTION('',(-1.,0.,0.));
#4950=DIRECTION('center_axis',(-1.,0.,0.));
#4951=DIRECTION('ref_axis',(0.,1.,0.));
#4952=DIRECTION('center_axis',(1.,0.,0.));
#4953=DIRECTION('ref_axis',(0.,1.,0.));
#4954=DIRECTION('center_axis',(1.,0.,0.));
#4955=DIRECTION('ref_axis',(0.,1.,0.));
#4956=DIRECTION('center_axis',(0.,-0.389625752973191,0.920973274650288));
#4957=DIRECTION('ref_axis',(0.,-0.920973274650288,-0.389625752973191));
#4958=DIRECTION('',(0.,-0.920973274650288,-0.389625752973191));
#4959=DIRECTION('',(1.,0.,0.));
#4960=DIRECTION('',(0.,-0.920973274650288,-0.389625752973191));
#4961=DIRECTION('',(1.,0.,0.));
#4962=DIRECTION('center_axis',(0.,-1.,1.38226529755038E-16));
#4963=DIRECTION('ref_axis',(0.,-1.38226529755038E-16,-1.));
#4964=DIRECTION('',(0.,-1.38226529755038E-16,-1.));
#4965=DIRECTION('',(0.,-1.38226529755038E-16,-1.));
#4966=DIRECTION('',(1.,0.,0.));
#4967=DIRECTION('center_axis',(1.,0.,0.));
#4968=DIRECTION('ref_axis',(0.,-0.83355436324609,0.552437438551557));
#4969=DIRECTION('center_axis',(-1.,0.,0.));
#4970=DIRECTION('ref_axis',(0.,1.,0.));
#4971=DIRECTION('center_axis',(-1.,0.,0.));
#4972=DIRECTION('ref_axis',(0.,1.,0.));
#4973=DIRECTION('center_axis',(0.,0.38962575297319,-0.920973274650288));
#4974=DIRECTION('ref_axis',(0.,0.920973274650288,0.38962575297319));
#4975=DIRECTION('',(0.,-0.920973274650288,-0.38962575297319));
#4976=DIRECTION('',(1.,0.,0.));
#4977=DIRECTION('',(0.,0.920973274650288,0.38962575297319));
#4978=DIRECTION('',(1.,0.,0.));
#4979=DIRECTION('center_axis',(1.,0.,0.));
#4980=DIRECTION('ref_axis',(0.,-0.920973274650288,-0.38962575297319));
#4981=DIRECTION('center_axis',(1.,0.,0.));
#4982=DIRECTION('ref_axis',(0.,0.602773375567098,0.797912437368567));
#4983=DIRECTION('center_axis',(1.,0.,0.));
#4984=DIRECTION('ref_axis',(0.,0.602773375567098,0.797912437368567));
#4985=DIRECTION('',(1.,0.,0.));
#4986=DIRECTION('center_axis',(0.,-0.38962575297319,0.920973274650288));
#4987=DIRECTION('ref_axis',(0.,-0.920973274650288,-0.38962575297319));
#4988=DIRECTION('',(0.,-0.920973274650288,-0.38962575297319));
#4989=DIRECTION('',(0.,-0.920973274650288,-0.38962575297319));
#4990=DIRECTION('',(1.,0.,0.));
#4991=DIRECTION('center_axis',(1.,0.,0.));
#4992=DIRECTION('ref_axis',(0.,0.920973274650288,0.38962575297319));
#4993=DIRECTION('center_axis',(1.,0.,0.));
#4994=DIRECTION('ref_axis',(0.,-0.602773375567098,-0.797912437368566));
#4995=DIRECTION('center_axis',(1.,0.,0.));
#4996=DIRECTION('ref_axis',(0.,-0.602773375567098,-0.797912437368566));
#4997=DIRECTION('center_axis',(1.,0.,0.));
#4998=DIRECTION('ref_axis',(0.,1.,0.));
#4999=DIRECTION('center_axis',(1.,0.,0.));
#5000=DIRECTION('ref_axis',(0.,1.,0.));
#5001=DIRECTION('axis',(0.,0.,1.));
#5002=DIRECTION('refdir',(1.,0.,0.));
#5003=DIRECTION('center_axis',(-1.,0.,0.));
#5004=DIRECTION('ref_axis',(0.,1.,0.));
#5005=DIRECTION('center_axis',(-1.,0.,0.));
#5006=DIRECTION('ref_axis',(0.,1.,0.));
#5007=DIRECTION('',(-1.,0.,0.));
#5008=DIRECTION('center_axis',(1.,0.,0.));
#5009=DIRECTION('ref_axis',(0.,1.,0.));
#5010=DIRECTION('center_axis',(-1.,0.,0.));
#5011=DIRECTION('ref_axis',(0.,1.,0.));
#5012=DIRECTION('center_axis',(-1.,0.,0.));
#5013=DIRECTION('ref_axis',(0.,1.,0.));
#5014=DIRECTION('',(-1.,0.,0.));
#5015=DIRECTION('center_axis',(1.,0.,0.));
#5016=DIRECTION('ref_axis',(0.,1.,0.));
#5017=DIRECTION('center_axis',(-1.,0.,0.));
#5018=DIRECTION('ref_axis',(0.,1.,0.));
#5019=DIRECTION('center_axis',(-1.,0.,0.));
#5020=DIRECTION('ref_axis',(0.,1.,0.));
#5021=DIRECTION('center_axis',(0.,0.389625752973191,0.920973274650288));
#5022=DIRECTION('ref_axis',(0.,-0.920973274650288,0.389625752973191));
#5023=DIRECTION('',(0.,-0.920973274650288,0.389625752973191));
#5024=DIRECTION('',(1.,0.,0.));
#5025=DIRECTION('',(0.,-0.920973274650288,0.389625752973191));
#5026=DIRECTION('',(1.,0.,0.));
#5027=DIRECTION('center_axis',(0.,1.,1.38226529755038E-16));
#5028=DIRECTION('ref_axis',(0.,-1.38226529755038E-16,1.));
#5029=DIRECTION('',(0.,-1.38226529755038E-16,1.));
#5030=DIRECTION('',(1.,0.,0.));
#5031=DIRECTION('',(0.,-1.38226529755038E-16,1.));
#5032=DIRECTION('center_axis',(-1.,0.,0.));
#5033=DIRECTION('ref_axis',(0.,-0.83355436324609,-0.552437438551557));
#5034=DIRECTION('center_axis',(1.,0.,0.));
#5035=DIRECTION('ref_axis',(0.,1.,0.));
#5036=DIRECTION('center_axis',(1.,0.,0.));
#5037=DIRECTION('ref_axis',(0.,1.,0.));
#5038=DIRECTION('center_axis',(0.,-0.38962575297319,-0.920973274650288));
#5039=DIRECTION('ref_axis',(0.,0.920973274650288,-0.38962575297319));
#5040=DIRECTION('',(0.,-0.920973274650288,0.38962575297319));
#5041=DIRECTION('',(1.,0.,0.));
#5042=DIRECTION('',(0.,0.920973274650288,-0.38962575297319));
#5043=DIRECTION('',(1.,0.,0.));
#5044=DIRECTION('center_axis',(-1.,0.,0.));
#5045=DIRECTION('ref_axis',(0.,-0.920973274650288,0.38962575297319));
#5046=DIRECTION('center_axis',(-1.,0.,0.));
#5047=DIRECTION('ref_axis',(0.,0.602773375567098,-0.797912437368567));
#5048=DIRECTION('',(1.,0.,0.));
#5049=DIRECTION('center_axis',(-1.,0.,0.));
#5050=DIRECTION('ref_axis',(0.,0.602773375567098,-0.797912437368567));
#5051=DIRECTION('center_axis',(0.,0.38962575297319,0.920973274650288));
#5052=DIRECTION('ref_axis',(0.,-0.920973274650288,0.38962575297319));
#5053=DIRECTION('',(0.,-0.920973274650288,0.38962575297319));
#5054=DIRECTION('',(1.,0.,0.));
#5055=DIRECTION('',(0.,-0.920973274650288,0.38962575297319));
#5056=DIRECTION('center_axis',(-1.,0.,0.));
#5057=DIRECTION('ref_axis',(0.,0.920973274650288,-0.38962575297319));
#5058=DIRECTION('center_axis',(-1.,0.,0.));
#5059=DIRECTION('ref_axis',(0.,-0.602773375567098,0.797912437368566));
#5060=DIRECTION('center_axis',(-1.,0.,0.));
#5061=DIRECTION('ref_axis',(0.,-0.602773375567098,0.797912437368566));
#5062=DIRECTION('center_axis',(-1.,0.,0.));
#5063=DIRECTION('ref_axis',(0.,1.,0.));
#5064=DIRECTION('center_axis',(-1.,0.,0.));
#5065=DIRECTION('ref_axis',(0.,1.,0.));
#5066=DIRECTION('axis',(0.,0.,1.));
#5067=DIRECTION('refdir',(1.,0.,0.));
#5068=DIRECTION('center_axis',(-1.,0.,0.));
#5069=DIRECTION('ref_axis',(0.,-1.,0.));
#5070=DIRECTION('center_axis',(-1.,0.,0.));
#5071=DIRECTION('ref_axis',(0.,-1.,0.));
#5072=DIRECTION('',(1.,0.,0.));
#5073=DIRECTION('center_axis',(1.,0.,0.));
#5074=DIRECTION('ref_axis',(0.,-1.,0.));
#5075=DIRECTION('center_axis',(-1.,0.,0.));
#5076=DIRECTION('ref_axis',(0.,-1.,0.));
#5077=DIRECTION('center_axis',(1.,0.,0.));
#5078=DIRECTION('ref_axis',(0.,1.,0.));
#5079=DIRECTION('center_axis',(-1.,0.,0.));
#5080=DIRECTION('ref_axis',(0.,1.,0.));
#5081=DIRECTION('',(-1.,0.,0.));
#5082=DIRECTION('center_axis',(-1.,0.,0.));
#5083=DIRECTION('ref_axis',(0.,1.,0.));
#5084=DIRECTION('center_axis',(0.,-0.876230194645136,-0.481892774372212));
#5085=DIRECTION('ref_axis',(0.,0.481892774372212,-0.876230194645136));
#5086=DIRECTION('',(0.,-0.481892774372212,0.876230194645136));
#5087=DIRECTION('',(1.,0.,0.));
#5088=DIRECTION('',(0.,0.481892774372212,-0.876230194645136));
#5089=DIRECTION('',(1.,0.,0.));
#5090=DIRECTION('center_axis',(1.,0.,0.));
#5091=DIRECTION('ref_axis',(0.,-0.481892774372213,0.876230194645135));
#5092=DIRECTION('center_axis',(1.,0.,0.));
#5093=DIRECTION('ref_axis',(0.,0.855446481829067,-0.517891220939564));
#5094=DIRECTION('center_axis',(1.,0.,0.));
#5095=DIRECTION('ref_axis',(0.,0.855446481829067,-0.517891220939564));
#5096=DIRECTION('',(1.,0.,0.));
#5097=DIRECTION('center_axis',(0.,0.876230194645136,0.481892774372212));
#5098=DIRECTION('ref_axis',(0.,-0.481892774372212,0.876230194645136));
#5099=DIRECTION('',(0.,-0.481892774372212,0.876230194645136));
#5100=DIRECTION('',(0.,-0.481892774372212,0.876230194645136));
#5101=DIRECTION('',(1.,0.,0.));
#5102=DIRECTION('center_axis',(1.,0.,0.));
#5103=DIRECTION('ref_axis',(0.,0.481892774372212,-0.876230194645136));
#5104=DIRECTION('center_axis',(1.,0.,0.));
#5105=DIRECTION('ref_axis',(0.,-0.855446481829066,0.517891220939565));
#5106=DIRECTION('center_axis',(1.,0.,0.));
#5107=DIRECTION('ref_axis',(0.,-0.855446481829066,0.517891220939565));
#5108=DIRECTION('center_axis',(1.,0.,0.));
#5109=DIRECTION('ref_axis',(0.,1.,0.));
#5110=DIRECTION('center_axis',(1.,0.,0.));
#5111=DIRECTION('ref_axis',(0.,1.,0.));
#5112=DIRECTION('axis',(0.,0.,1.));
#5113=DIRECTION('refdir',(1.,0.,0.));
#5114=DIRECTION('center_axis',(1.,0.,0.));
#5115=DIRECTION('ref_axis',(0.,0.992346259291992,-0.12348644326075));
#5116=DIRECTION('center_axis',(-1.,0.,0.));
#5117=DIRECTION('ref_axis',(0.,0.992346259291992,-0.12348644326075));
#5118=DIRECTION('',(1.,0.,0.));
#5119=DIRECTION('center_axis',(-1.,0.,0.));
#5120=DIRECTION('ref_axis',(0.,0.992346259291992,-0.12348644326075));
#5121=DIRECTION('',(1.,0.,0.));
#5122=DIRECTION('center_axis',(1.,0.,0.));
#5123=DIRECTION('ref_axis',(0.,9.25185853854297E-17,1.));
#5124=DIRECTION('center_axis',(-1.,0.,0.));
#5125=DIRECTION('ref_axis',(0.,-0.666666666666667,-0.74535599249993));
#5126=DIRECTION('',(1.,0.,0.));
#5127=DIRECTION('center_axis',(1.,0.,0.));
#5128=DIRECTION('ref_axis',(0.,-0.666666666666667,-0.74535599249993));
#5129=DIRECTION('center_axis',(1.,0.,0.));
#5130=DIRECTION('ref_axis',(0.,0.619049611430625,-0.785351882016967));
#5131=DIRECTION('center_axis',(-1.,0.,0.));
#5132=DIRECTION('ref_axis',(0.,0.619049611430625,-0.785351882016967));
#5133=DIRECTION('',(-1.,0.,0.));
#5134=DIRECTION('center_axis',(-1.,0.,0.));
#5135=DIRECTION('ref_axis',(0.,0.619049611430625,-0.785351882016967));
#5136=DIRECTION('center_axis',(-1.,0.,0.));
#5137=DIRECTION('ref_axis',(0.,-1.,0.));
#5138=DIRECTION('center_axis',(-1.,0.,0.));
#5139=DIRECTION('ref_axis',(0.,1.,1.39938051199039E-16));
#5140=DIRECTION('center_axis',(-1.,0.,0.));
#5141=DIRECTION('ref_axis',(0.,-1.,0.));
#5142=DIRECTION('center_axis',(1.,0.,0.));
#5143=DIRECTION('ref_axis',(0.,1.,1.39938051199039E-16));
#5144=DIRECTION('center_axis',(0.,1.,1.85037170770859E-16));
#5145=DIRECTION('ref_axis',(0.,-1.85037170770859E-16,1.));
#5146=DIRECTION('',(0.,1.85037170770859E-16,-1.));
#5147=DIRECTION('',(1.,0.,0.));
#5148=DIRECTION('',(0.,-1.85037170770859E-16,1.));
#5149=DIRECTION('',(1.,0.,0.));
#5150=DIRECTION('center_axis',(0.,0.,-1.));
#5151=DIRECTION('ref_axis',(0.,1.,0.));
#5152=DIRECTION('',(0.,-1.,0.));
#5153=DIRECTION('',(0.,1.,0.));
#5154=DIRECTION('',(1.,0.,0.));
#5155=DIRECTION('center_axis',(0.,-1.,0.));
#5156=DIRECTION('ref_axis',(0.,0.,-1.));
#5157=DIRECTION('',(0.,0.,1.));
#5158=DIRECTION('',(0.,0.,-1.));
#5159=DIRECTION('',(1.,0.,0.));
#5160=DIRECTION('center_axis',(1.,0.,0.));
#5161=DIRECTION('ref_axis',(0.,0.,-1.));
#5162=DIRECTION('',(0.,-1.,0.));
#5163=DIRECTION('center_axis',(0.,0.,-1.));
#5164=DIRECTION('ref_axis',(0.,-1.,0.));
#5165=DIRECTION('',(0.,-1.,0.));
#5166=DIRECTION('',(-1.,0.,0.));
#5167=DIRECTION('',(0.,-1.,0.));
#5168=DIRECTION('',(-1.,0.,0.));
#5169=DIRECTION('center_axis',(0.,-1.,-9.0205620750794E-16));
#5170=DIRECTION('ref_axis',(0.,-9.0205620750794E-16,1.));
#5171=DIRECTION('',(0.,-9.0205620750794E-16,1.));
#5172=DIRECTION('',(0.,-9.0205620750794E-16,1.));
#5173=DIRECTION('',(-1.,0.,0.));
#5174=DIRECTION('center_axis',(0.,0.,1.));
#5175=DIRECTION('ref_axis',(0.,1.,0.));
#5176=DIRECTION('',(0.,1.,0.));
#5177=DIRECTION('',(-1.,0.,0.));
#5178=DIRECTION('',(0.,1.,0.));
#5179=DIRECTION('',(0.,1.,0.));
#5180=DIRECTION('center_axis',(0.,1.,-4.85722573273506E-16));
#5181=DIRECTION('ref_axis',(0.,-4.85722573273506E-16,-1.));
#5182=DIRECTION('',(0.,-4.85722573273506E-16,-1.));
#5183=DIRECTION('',(0.,-4.85722573273506E-16,-1.));
#5184=DIRECTION('center_axis',(0.,-1.,-1.2335811384724E-16));
#5185=DIRECTION('ref_axis',(0.,-1.2335811384724E-16,1.));
#5186=DIRECTION('',(0.,-1.2335811384724E-16,1.));
#5187=DIRECTION('',(-1.,0.,0.));
#5188=DIRECTION('',(0.,-1.2335811384724E-16,1.));
#5189=DIRECTION('',(-1.,0.,0.));
#5190=DIRECTION('center_axis',(-1.,0.,0.));
#5191=DIRECTION('ref_axis',(0.,1.,1.39938051199039E-16));
#5192=DIRECTION('center_axis',(-1.,0.,0.));
#5193=DIRECTION('ref_axis',(0.,1.,1.39938051199039E-16));
#5194=DIRECTION('center_axis',(-1.,0.,0.));
#5195=DIRECTION('ref_axis',(0.,1.,1.39938051199039E-16));
#5196=DIRECTION('',(-1.,0.,0.));
#5197=DIRECTION('center_axis',(0.,1.,0.));
#5198=DIRECTION('ref_axis',(0.,0.,-1.));
#5199=DIRECTION('',(0.,0.,-1.));
#5200=DIRECTION('',(0.,0.,-1.));
#5201=DIRECTION('',(-1.,0.,0.));
#5202=DIRECTION('center_axis',(0.,0.766044443118978,0.642787609686539));
#5203=DIRECTION('ref_axis',(0.,0.642787609686539,-0.766044443118978));
#5204=DIRECTION('',(0.,0.642787609686539,-0.766044443118978));
#5205=DIRECTION('',(0.,0.642787609686539,-0.766044443118978));
#5206=DIRECTION('',(-1.,0.,0.));
#5207=DIRECTION('center_axis',(0.,0.,1.));
#5208=DIRECTION('ref_axis',(0.,1.,0.));
#5209=DIRECTION('',(0.,1.,0.));
#5210=DIRECTION('',(0.,1.,0.));
#5211=DIRECTION('',(-1.,0.,0.));
#5212=DIRECTION('center_axis',(0.,-0.766044443118979,0.642787609686538));
#5213=DIRECTION('ref_axis',(0.,0.642787609686538,0.766044443118979));
#5214=DIRECTION('',(0.,0.642787609686538,0.766044443118979));
#5215=DIRECTION('',(0.,0.642787609686538,0.766044443118979));
#5216=DIRECTION('center_axis',(-1.,0.,0.));
#5217=DIRECTION('ref_axis',(0.,-1.,0.));
#5218=DIRECTION('center_axis',(-1.,0.,0.));
#5219=DIRECTION('ref_axis',(0.,-1.,0.));
#5220=DIRECTION('axis',(0.,0.,1.));
#5221=DIRECTION('refdir',(1.,0.,0.));
#5222=DIRECTION('center_axis',(1.,0.,0.));
#5223=DIRECTION('ref_axis',(0.,0.,-1.));
#5224=DIRECTION('center_axis',(-1.,0.,0.));
#5225=DIRECTION('ref_axis',(0.,0.666666666666668,0.745355992499929));
#5226=DIRECTION('center_axis',(0.,-1.,-1.22464679914735E-16));
#5227=DIRECTION('ref_axis',(0.,-1.22464679914735E-16,1.));
#5228=DIRECTION('center_axis',(1.,0.,0.));
#5229=DIRECTION('ref_axis',(0.,0.666666666666667,0.745355992499929));
#5230=DIRECTION('center_axis',(1.,0.,0.));
#5231=DIRECTION('ref_axis',(0.,0.666666666666667,0.745355992499929));
#5232=DIRECTION('center_axis',(1.,0.,0.));
#5233=DIRECTION('ref_axis',(0.,1.,0.));
#5234=DIRECTION('',(-1.,0.,0.));
#5235=DIRECTION('center_axis',(1.,0.,0.));
#5236=DIRECTION('ref_axis',(0.,1.,0.));
#5237=DIRECTION('center_axis',(1.,0.,0.));
#5238=DIRECTION('ref_axis',(0.,1.,0.));
#5239=DIRECTION('center_axis',(1.,0.,0.));
#5240=DIRECTION('ref_axis',(0.,1.,0.));
#5241=DIRECTION('axis',(0.,0.,1.));
#5242=DIRECTION('refdir',(1.,0.,0.));
#5243=DIRECTION('center_axis',(0.,1.,-6.93889390390723E-16));
#5244=DIRECTION('ref_axis',(0.,-6.93889390390723E-16,-1.));
#5245=DIRECTION('',(0.,-6.93889390390723E-16,-1.));
#5246=DIRECTION('',(-1.,0.,0.));
#5247=DIRECTION('',(0.,-6.93889390390723E-16,-1.));
#5248=DIRECTION('',(-1.,0.,0.));
#5249=DIRECTION('center_axis',(0.,0.,1.));
#5250=DIRECTION('ref_axis',(0.,1.,0.));
#5251=DIRECTION('',(0.,1.,0.));
#5252=DIRECTION('',(-1.,0.,0.));
#5253=DIRECTION('',(0.,1.,0.));
#5254=DIRECTION('center_axis',(0.,-1.,5.55111512312578E-16));
#5255=DIRECTION('ref_axis',(0.,5.55111512312578E-16,1.));
#5256=DIRECTION('',(0.,5.55111512312578E-16,1.));
#5257=DIRECTION('',(-1.,0.,0.));
#5258=DIRECTION('',(0.,5.55111512312578E-16,1.));
#5259=DIRECTION('center_axis',(0.,0.,-1.));
#5260=DIRECTION('ref_axis',(0.,-1.,0.));
#5261=DIRECTION('',(0.,-1.,0.));
#5262=DIRECTION('',(0.,-1.,0.));
#5263=DIRECTION('center_axis',(-1.,0.,0.));
#5264=DIRECTION('ref_axis',(0.,0.,1.));
#5265=DIRECTION('center_axis',(0.,0.,1.));
#5266=DIRECTION('ref_axis',(-1.,0.,0.));
#5267=DIRECTION('',(-1.,7.57940718734482E-17,0.));
#5268=DIRECTION('center_axis',(0.,0.,1.));
#5269=DIRECTION('ref_axis',(0.677606602334707,-0.735424566133342,0.));
#5270=DIRECTION('center_axis',(0.,0.,1.));
#5271=DIRECTION('ref_axis',(0.817125105924854,0.576460372677339,0.));
#5272=DIRECTION('center_axis',(0.,0.,1.));
#5273=DIRECTION('ref_axis',(0.993107504828796,-0.117207012813749,0.));
#5274=DIRECTION('center_axis',(0.,0.,1.));
#5275=DIRECTION('ref_axis',(0.993107504828796,-0.117207012813749,0.));
#5276=DIRECTION('',(0.,0.,1.));
#5277=DIRECTION('center_axis',(0.,0.,-1.));
#5278=DIRECTION('ref_axis',(0.993107504828796,-0.117207012813749,0.));
#5279=DIRECTION('',(0.,0.,1.));
#5280=DIRECTION('center_axis',(0.,0.,1.));
#5281=DIRECTION('ref_axis',(0.993107504828796,-0.117207012813749,0.));
#5282=DIRECTION('center_axis',(0.,0.,1.));
#5283=DIRECTION('ref_axis',(0.993107504828796,-0.117207012813749,0.));
#5284=DIRECTION('center_axis',(0.,0.,1.));
#5285=DIRECTION('ref_axis',(0.677606602334707,-0.735424566133342,0.));
#5286=DIRECTION('center_axis',(0.,0.,1.));
#5287=DIRECTION('ref_axis',(0.677606602334707,-0.735424566133342,0.));
#5288=DIRECTION('center_axis',(0.,0.,-1.));
#5289=DIRECTION('ref_axis',(0.677606602334707,-0.735424566133342,0.));
#5290=DIRECTION('',(0.,0.,1.));
#5291=DIRECTION('center_axis',(0.,0.,1.));
#5292=DIRECTION('ref_axis',(0.677606602334707,-0.735424566133342,0.));
#5293=DIRECTION('center_axis',(0.820797120400711,0.571219823834836,0.));
#5294=DIRECTION('ref_axis',(-0.571219823834836,0.820797120400711,0.));
#5295=DIRECTION('',(0.571219823834836,-0.820797120400711,0.));
#5296=DIRECTION('',(0.,0.,1.));
#5297=DIRECTION('',(-0.571219823834835,0.820797120400711,0.));
#5298=DIRECTION('',(0.,0.,1.));
#5299=DIRECTION('center_axis',(0.820797120400706,-0.571219823834843,0.));
#5300=DIRECTION('ref_axis',(0.571219823834843,0.820797120400706,0.));
#5301=DIRECTION('',(-0.571219823834843,-0.820797120400706,0.));
#5302=DIRECTION('',(0.571219823834843,0.820797120400706,0.));
#5303=DIRECTION('',(0.,0.,1.));
#5304=DIRECTION('center_axis',(0.,0.,1.));
#5305=DIRECTION('ref_axis',(-1.,0.,0.));
#5306=DIRECTION('center_axis',(0.,0.,1.));
#5307=DIRECTION('ref_axis',(0.820797120400724,0.571219823834818,0.));
#5308=DIRECTION('center_axis',(0.,0.,1.));
#5309=DIRECTION('ref_axis',(0.355026631038923,-0.934856187471181,0.));
#5310=DIRECTION('center_axis',(0.,0.,1.));
#5311=DIRECTION('ref_axis',(-1.,0.,0.));
#5312=DIRECTION('center_axis',(0.,0.,1.));
#5313=DIRECTION('ref_axis',(0.355026631038924,-0.934856187471181,0.));
#5314=DIRECTION('',(-1.,-7.57940718734482E-17,0.));
#5315=DIRECTION('center_axis',(0.,0.,1.));
#5316=DIRECTION('ref_axis',(-1.,0.,0.));
#5317=DIRECTION('',(0.,-1.,0.));
#5318=DIRECTION('',(-1.,-7.57940718734482E-17,0.));
#5319=DIRECTION('center_axis',(0.,0.,1.));
#5320=DIRECTION('ref_axis',(-1.,0.,0.));
#5321=DIRECTION('',(-0.355026631038892,-0.934856187471193,0.));
#5322=DIRECTION('center_axis',(0.,0.,1.));
#5323=DIRECTION('ref_axis',(0.817125105924854,0.576460372677339,0.));
#5324=DIRECTION('center_axis',(0.,0.,1.));
#5325=DIRECTION('ref_axis',(-1.,0.,0.));
#5326=DIRECTION('',(-1.,7.57940718734482E-17,0.));
#5327=DIRECTION('',(0.,-1.,0.));
#5328=DIRECTION('center_axis',(0.,0.,1.));
#5329=DIRECTION('ref_axis',(-1.,0.,0.));
#5330=DIRECTION('',(-1.,1.66533453693773E-16,0.));
#5331=DIRECTION('',(0.,-1.,0.));
#5332=DIRECTION('',(-1.,-1.66533453693773E-16,0.));
#5333=DIRECTION('center_axis',(-1.66533453693773E-16,-1.,0.));
#5334=DIRECTION('ref_axis',(-1.,1.66533453693773E-16,0.));
#5335=DIRECTION('',(0.,0.,-1.));
#5336=DIRECTION('',(-1.,1.66533453693773E-16,0.));
#5337=DIRECTION('',(0.,0.,-1.));
#5338=DIRECTION('center_axis',(1.,0.,0.));
#5339=DIRECTION('ref_axis',(0.,-1.,0.));
#5340=DIRECTION('',(0.,-1.,0.));
#5341=DIRECTION('',(0.,0.,-1.));
#5342=DIRECTION('center_axis',(-1.66533453693773E-16,1.,0.));
#5343=DIRECTION('ref_axis',(1.,1.66533453693773E-16,0.));
#5344=DIRECTION('',(1.,1.66533453693773E-16,0.));
#5345=DIRECTION('',(0.,0.,-1.));
#5346=DIRECTION('center_axis',(0.,0.,-1.));
#5347=DIRECTION('ref_axis',(0.820797120400724,0.571219823834818,0.));
#5348=DIRECTION('center_axis',(0.,0.,-1.));
#5349=DIRECTION('ref_axis',(0.820797120400724,0.571219823834818,0.));
#5350=DIRECTION('',(0.,0.,-1.));
#5351=DIRECTION('center_axis',(-0.934856187471193,0.355026631038892,0.));
#5352=DIRECTION('ref_axis',(0.355026631038892,0.934856187471193,0.));
#5353=DIRECTION('',(0.355026631038892,0.934856187471193,0.));
#5354=DIRECTION('',(0.,0.,-1.));
#5355=DIRECTION('center_axis',(0.,0.,-1.));
#5356=DIRECTION('ref_axis',(0.817125105924854,0.576460372677339,0.));
#5357=DIRECTION('center_axis',(0.,0.,1.));
#5358=DIRECTION('ref_axis',(0.817125105924854,0.576460372677339,0.));
#5359=DIRECTION('',(0.,0.,-1.));
#5360=DIRECTION('center_axis',(7.57940718734482E-17,1.,0.));
#5361=DIRECTION('ref_axis',(1.,-7.57940718734482E-17,0.));
#5362=DIRECTION('',(1.,-7.57940718734482E-17,0.));
#5363=DIRECTION('',(0.,0.,-1.));
#5364=DIRECTION('center_axis',(-1.,0.,0.));
#5365=DIRECTION('ref_axis',(0.,1.,0.));
#5366=DIRECTION('',(0.,1.,0.));
#5367=DIRECTION('',(0.,0.,-1.));
#5368=DIRECTION('center_axis',(7.57940718734482E-17,-1.,0.));
#5369=DIRECTION('ref_axis',(-1.,-7.57940718734482E-17,0.));
#5370=DIRECTION('',(-1.,-7.57940718734482E-17,0.));
#5371=DIRECTION('',(0.,0.,-1.));
#5372=DIRECTION('center_axis',(0.,0.,-1.));
#5373=DIRECTION('ref_axis',(0.355026631038924,-0.934856187471181,0.));
#5374=DIRECTION('center_axis',(0.,0.,1.));
#5375=DIRECTION('ref_axis',(0.355026631038924,-0.934856187471181,0.));
#5376=DIRECTION('center_axis',(0.,0.,1.));
#5377=DIRECTION('ref_axis',(0.355026631038924,-0.934856187471181,0.));
#5378=DIRECTION('',(0.,0.,-1.));
#5379=DIRECTION('center_axis',(-0.934856187471193,-0.355026631038892,0.));
#5380=DIRECTION('ref_axis',(-0.355026631038892,0.934856187471193,0.));
#5381=DIRECTION('',(-0.355026631038892,0.934856187471193,0.));
#5382=DIRECTION('',(-0.355026631038892,0.934856187471193,0.));
#5383=DIRECTION('',(0.,0.,-1.));
#5384=DIRECTION('center_axis',(0.,0.,-1.));
#5385=DIRECTION('ref_axis',(0.355026631038924,-0.934856187471181,0.));
#5386=DIRECTION('center_axis',(0.,0.,-1.));
#5387=DIRECTION('ref_axis',(0.355026631038924,-0.934856187471181,0.));
#5388=DIRECTION('center_axis',(0.,0.,1.));
#5389=DIRECTION('ref_axis',(-1.,0.,0.));
#5390=DIRECTION('center_axis',(0.,0.,1.));
#5391=DIRECTION('ref_axis',(-1.,0.,0.));
#5392=DIRECTION('axis',(0.,0.,1.));
#5393=DIRECTION('refdir',(1.,0.,0.));
#5394=DIRECTION('center_axis',(0.,0.920973274650289,0.389625752973189));
#5395=DIRECTION('ref_axis',(1.,0.,0.));
#5396=DIRECTION('',(-1.,0.,0.));
#5397=DIRECTION('',(0.,0.389625752973189,-0.920973274650289));
#5398=DIRECTION('',(1.,0.,0.));
#5399=DIRECTION('',(0.,0.389625752973189,-0.920973274650289));
#5400=DIRECTION('center_axis',(0.,-0.38962575297319,0.920973274650288));
#5401=DIRECTION('ref_axis',(1.,0.,0.));
#5402=DIRECTION('',(0.,-0.920973274650288,-0.38962575297319));
#5403=DIRECTION('',(-1.,0.,0.));
#5404=DIRECTION('center_axis',(-7.9514610297759E-16,-0.389625752973191,
0.920973274650288));
#5405=DIRECTION('ref_axis',(-0.962233103368542,0.250713648283635,0.106066589207227));
#5406=DIRECTION('center_axis',(0.,-0.38962575297319,0.920973274650288));
#5407=DIRECTION('ref_axis',(0.986624349041375,0.150128231411414,0.0635130538705553));
#5408=DIRECTION('',(-0.0651108039376653,-0.919019006429459,-0.388798982807312));
#5409=DIRECTION('center_axis',(1.08373643182738E-17,-0.38962575297319,0.920973274650288));
#5410=DIRECTION('ref_axis',(0.986097892653025,0.15303390905528,0.0647423260666661));
#5411=DIRECTION('center_axis',(-4.82475510854361E-16,-0.38962575297319,
0.920973274650288));
#5412=DIRECTION('ref_axis',(-0.96413050138192,0.24445270696696,0.10341784353569));
#5413=DIRECTION('center_axis',(7.43389522936279E-17,-0.38962575297319,0.920973274650288));
#5414=DIRECTION('ref_axis',(0.627616897488028,0.716998266556386,0.303332351955145));
#5415=DIRECTION('',(-0.141964000706929,-0.911645492699955,-0.385679553701177));
#5416=DIRECTION('center_axis',(2.05216685716664E-16,-0.38962575297319,0.920973274650288));
#5417=DIRECTION('ref_axis',(0.641480894653109,0.70651452683074,0.298897114693639));
#5418=DIRECTION('',(0.788759565280293,0.566123963581393,0.239503666021497));
#5419=DIRECTION('center_axis',(5.33170129155329E-18,-0.38962575297319,0.920973274650288));
#5420=DIRECTION('ref_axis',(0.702163983996348,0.655747031492046,0.277419484297239));
#5421=DIRECTION('',(0.0182497165556764,0.92081989581182,0.389560864721736));
#5422=DIRECTION('center_axis',(2.55894536513479E-18,-0.38962575297319,0.920973274650288));
#5423=DIRECTION('ref_axis',(0.696649205998621,0.660717218601511,0.279522165176528));
#5424=DIRECTION('',(0.,0.920973274650288,0.38962575297319));
#5425=DIRECTION('',(-1.,1.46069390654454E-16,6.1795925991107E-17));
#5426=DIRECTION('',(-1.04083408558608E-16,-0.920973274650288,-0.38962575297319));
#5427=DIRECTION('',(1.,0.,0.));
#5428=DIRECTION('',(-1.18952466924124E-16,-0.920973274650288,-0.38962575297319));
#5429=DIRECTION('',(-1.,4.08298008899544E-16,-1.87984126063153E-16));
#5430=DIRECTION('',(-0.788759565280293,-0.566123963581393,-0.239503666021497));
#5431=DIRECTION('center_axis',(0.,0.389625752973189,-0.920973274650289));
#5432=DIRECTION('ref_axis',(-0.962233103368542,0.250713648283635,0.106066589207227));
#5433=DIRECTION('center_axis',(-7.9514610297759E-16,-0.389625752973191,
0.920973274650288));
#5434=DIRECTION('ref_axis',(-0.962233103368542,0.250713648283635,0.106066589207227));
#5435=DIRECTION('',(0.,0.389625752973189,-0.920973274650289));
#5436=DIRECTION('center_axis',(-1.58603289232165E-16,-0.920973274650289,
-0.389625752973189));
#5437=DIRECTION('ref_axis',(-1.,1.46069390654454E-16,6.1795925991107E-17));
#5438=DIRECTION('',(-1.,0.,0.));
#5439=DIRECTION('',(0.,0.389625752973189,-0.920973274650289));
#5440=DIRECTION('',(0.,0.389625752973189,-0.920973274650289));
#5441=DIRECTION('',(-1.,1.46069390654454E-16,6.1795925991107E-17));
#5442=DIRECTION('',(0.,0.389625752973189,-0.920973274650289));
#5443=DIRECTION('',(1.,0.,0.));
#5444=DIRECTION('',(0.,0.389625752973189,-0.920973274650289));
#5445=DIRECTION('',(-1.,0.,0.));
#5446=DIRECTION('',(0.,-0.389625752973189,0.920973274650289));
#5447=DIRECTION('',(1.,0.,0.));
#5448=DIRECTION('',(0.,0.389625752973189,-0.920973274650289));
#5449=DIRECTION('center_axis',(-0.997878040248703,0.0599653103175845,0.0253688460109025));
#5450=DIRECTION('ref_axis',(0.0651108039376653,0.919019006429459,0.388798982807312));
#5451=DIRECTION('',(0.,0.389625752973189,-0.920973274650289));
#5452=DIRECTION('',(0.0651108039376652,0.919019006429459,0.388798982807312));
#5453=DIRECTION('',(0.,0.389625752973189,-0.920973274650289));
#5454=DIRECTION('center_axis',(0.,0.389625752973189,-0.920973274650289));
#5455=DIRECTION('ref_axis',(0.986097892653025,0.15303390905528,0.0647423260666659));
#5456=DIRECTION('center_axis',(1.08373643182738E-17,-0.38962575297319,0.920973274650288));
#5457=DIRECTION('ref_axis',(0.986097892653025,0.15303390905528,0.0647423260666661));
#5458=DIRECTION('',(0.,0.389625752973189,-0.920973274650289));
#5459=DIRECTION('center_axis',(0.,0.389625752973189,-0.920973274650289));
#5460=DIRECTION('ref_axis',(-0.96413050138192,0.24445270696696,0.10341784353569));
#5461=DIRECTION('center_axis',(4.82475510854361E-16,0.38962575297319,-0.920973274650288));
#5462=DIRECTION('ref_axis',(-0.96413050138192,0.24445270696696,0.10341784353569));
#5463=DIRECTION('',(0.,0.389625752973189,-0.920973274650289));
#5464=DIRECTION('center_axis',(0.,0.389625752973189,-0.920973274650289));
#5465=DIRECTION('ref_axis',(0.627616897488028,0.716998266556386,0.303332351955144));
#5466=DIRECTION('center_axis',(-7.43389522936279E-17,0.38962575297319,-0.920973274650288));
#5467=DIRECTION('ref_axis',(0.627616897488028,0.716998266556386,0.303332351955145));
#5468=DIRECTION('',(0.,0.389625752973189,-0.920973274650289));
#5469=DIRECTION('center_axis',(-0.989871821249238,0.130745050613516,0.0553128306705235));
#5470=DIRECTION('ref_axis',(0.141964000706929,0.911645492699955,0.385679553701177));
#5471=DIRECTION('',(0.141964000706929,0.911645492699955,0.385679553701177));
#5472=DIRECTION('',(0.,0.389625752973189,-0.920973274650289));
#5473=DIRECTION('center_axis',(0.,0.389625752973189,-0.920973274650289));
#5474=DIRECTION('ref_axis',(0.641480894653109,0.70651452683074,0.298897114693639));
#5475=DIRECTION('center_axis',(2.05216685716664E-16,-0.38962575297319,0.920973274650288));
#5476=DIRECTION('ref_axis',(0.641480894653109,0.70651452683074,0.298897114693639));
#5477=DIRECTION('',(0.,0.389625752973189,-0.920973274650289));
#5478=DIRECTION('center_axis',(-0.614701836811021,0.72642647974793,0.307321039537139));
#5479=DIRECTION('ref_axis',(0.788759565280293,0.566123963581393,0.239503666021497));
#5480=DIRECTION('',(0.788759565280293,0.566123963581393,0.239503666021497));
#5481=DIRECTION('',(0.,0.389625752973189,-0.920973274650289));
#5482=DIRECTION('center_axis',(0.,0.389625752973189,-0.920973274650289));
#5483=DIRECTION('ref_axis',(0.702163983996348,0.655747031492046,0.277419484297238));
#5484=DIRECTION('center_axis',(-5.33170129155329E-18,0.38962575297319,-0.920973274650288));
#5485=DIRECTION('ref_axis',(0.702163983996348,0.655747031492046,0.277419484297239));
#5486=DIRECTION('',(0.,0.389625752973189,-0.920973274650289));
#5487=DIRECTION('center_axis',(-0.999833460055042,0.0168075012177209,0.00711055955455268));
#5488=DIRECTION('ref_axis',(0.0182497165556764,0.92081989581182,0.389560864721736));
#5489=DIRECTION('',(0.0182497165556764,0.92081989581182,0.389560864721736));
#5490=DIRECTION('',(0.,0.389625752973189,-0.920973274650289));
#5491=DIRECTION('center_axis',(0.,0.389625752973189,-0.920973274650289));
#5492=DIRECTION('ref_axis',(0.696649205998621,0.660717218601511,0.279522165176527));
#5493=DIRECTION('center_axis',(2.55894536513478E-18,-0.38962575297319,0.920973274650288));
#5494=DIRECTION('ref_axis',(0.696649205998621,0.660717218601511,0.279522165176528));
#5495=DIRECTION('',(0.,0.389625752973189,-0.920973274650289));
#5496=DIRECTION('center_axis',(-1.,0.,0.));
#5497=DIRECTION('ref_axis',(0.,0.920973274650288,0.38962575297319));
#5498=DIRECTION('',(0.,0.920973274650288,0.38962575297319));
#5499=DIRECTION('center_axis',(0.,0.920973274650289,0.389625752973189));
#5500=DIRECTION('ref_axis',(1.,0.,0.));
#5501=DIRECTION('',(1.,0.,0.));
#5502=DIRECTION('',(0.,0.389625752973189,-0.920973274650289));
#5503=DIRECTION('',(0.,0.389625752973189,-0.920973274650289));
#5504=DIRECTION('center_axis',(3.02788097625043E-16,0.920973274650289,0.389625752973189));
#5505=DIRECTION('ref_axis',(1.,-4.08298008899544E-16,1.87984126063153E-16));
#5506=DIRECTION('',(0.,0.389625752973189,-0.920973274650289));
#5507=DIRECTION('',(1.,-4.08298008899544E-16,1.87984126063153E-16));
#5508=DIRECTION('',(0.,0.389625752973189,-0.920973274650289));
#5509=DIRECTION('center_axis',(0.614701836811021,-0.72642647974793,-0.307321039537139));
#5510=DIRECTION('ref_axis',(-0.788759565280293,-0.566123963581393,-0.239503666021497));
#5511=DIRECTION('',(-0.788759565280293,-0.566123963581393,-0.239503666021497));
#5512=DIRECTION('',(0.,0.389625752973189,-0.920973274650289));
#5513=DIRECTION('center_axis',(0.,0.389625752973189,-0.920973274650289));
#5514=DIRECTION('ref_axis',(0.986624349041375,0.150128231411414,0.0635130538705551));
#5515=DIRECTION('center_axis',(0.,0.38962575297319,-0.920973274650288));
#5516=DIRECTION('ref_axis',(0.986624349041375,0.150128231411414,0.0635130538705553));
#5517=DIRECTION('center_axis',(0.,-0.38962575297319,0.920973274650288));
#5518=DIRECTION('ref_axis',(1.,0.,0.));
#5519=DIRECTION('',(0.,0.920973274650288,0.38962575297319));
#5520=DIRECTION('',(1.18952466924124E-16,0.920973274650288,0.38962575297319));
#5521=DIRECTION('',(-1.04083408558608E-16,-0.920973274650288,-0.38962575297319));
#5522=DIRECTION('',(1.,0.,0.));
#5523=DIRECTION('center_axis',(-1.,0.,0.));
#5524=DIRECTION('ref_axis',(0.,-1.,0.));
#5525=DIRECTION('center_axis',(1.,0.,0.));
#5526=DIRECTION('ref_axis',(0.,-1.,0.));
#5527=DIRECTION('center_axis',(-1.,0.,0.));
#5528=DIRECTION('ref_axis',(0.,-1.,0.));
#5529=DIRECTION('center_axis',(1.,0.,0.));
#5530=DIRECTION('ref_axis',(0.,-1.,0.));
#5531=DIRECTION('center_axis',(-1.,0.,0.));
#5532=DIRECTION('ref_axis',(0.,-1.,0.));
#5533=DIRECTION('center_axis',(1.,0.,0.));
#5534=DIRECTION('ref_axis',(0.,-1.,0.));
#5535=DIRECTION('',(-1.,0.,0.));
#5536=DIRECTION('center_axis',(1.,0.,0.));
#5537=DIRECTION('ref_axis',(0.,-1.,0.));
#5538=DIRECTION('center_axis',(-1.,0.,0.));
#5539=DIRECTION('ref_axis',(0.,-1.,0.));
#5540=DIRECTION('center_axis',(-1.,0.,0.));
#5541=DIRECTION('ref_axis',(0.,0.920973274650289,0.389625752973189));
#5542=DIRECTION('center_axis',(-1.,0.,0.));
#5543=DIRECTION('ref_axis',(0.,-1.,0.));
#5544=DIRECTION('center_axis',(-1.,0.,0.));
#5545=DIRECTION('ref_axis',(0.,-1.,0.));
#5546=DIRECTION('center_axis',(-1.,0.,0.));
#5547=DIRECTION('ref_axis',(0.,-1.,0.));
#5548=DIRECTION('center_axis',(-1.,0.,0.));
#5549=DIRECTION('ref_axis',(0.,-1.,0.));
#5550=DIRECTION('center_axis',(1.,0.,0.));
#5551=DIRECTION('ref_axis',(0.,-1.,0.));
#5552=DIRECTION('',(1.,0.,0.));
#5553=DIRECTION('center_axis',(1.,0.,0.));
#5554=DIRECTION('ref_axis',(0.,-1.,0.));
#5555=DIRECTION('center_axis',(-1.,0.,0.));
#5556=DIRECTION('ref_axis',(0.,-1.,0.));
#5557=DIRECTION('center_axis',(-1.,0.,0.));
#5558=DIRECTION('ref_axis',(0.,-1.,0.));
#5559=DIRECTION('center_axis',(-1.,0.,0.));
#5560=DIRECTION('ref_axis',(0.,-1.,0.));
#5561=DIRECTION('center_axis',(1.,0.,0.));
#5562=DIRECTION('ref_axis',(0.,-1.,0.));
#5563=DIRECTION('center_axis',(-1.,0.,0.));
#5564=DIRECTION('ref_axis',(0.,-1.,0.));
#5565=DIRECTION('center_axis',(-1.,0.,0.));
#5566=DIRECTION('ref_axis',(0.,-1.,0.));
#5567=DIRECTION('center_axis',(-1.,0.,0.));
#5568=DIRECTION('ref_axis',(0.,-1.,0.));
#5569=DIRECTION('',(1.,0.,0.));
#5570=DIRECTION('center_axis',(1.,0.,0.));
#5571=DIRECTION('ref_axis',(0.,-1.,0.));
#5572=DIRECTION('center_axis',(-1.,0.,0.));
#5573=DIRECTION('ref_axis',(0.,-1.,0.));
#5574=DIRECTION('center_axis',(0.,0.38962575297319,-0.920973274650288));
#5575=DIRECTION('ref_axis',(0.538593444752004,0.775980569692084,0.328285328229148));
#5576=DIRECTION('center_axis',(2.18025129817532E-16,0.389625752973191,-0.920973274650288));
#5577=DIRECTION('ref_axis',(0.538593444752004,0.775980569692084,0.328285328229149));
#5578=DIRECTION('',(0.,0.38962575297319,-0.920973274650288));
#5579=DIRECTION('center_axis',(-2.18025129817532E-16,-0.389625752973191,
0.920973274650288));
#5580=DIRECTION('ref_axis',(0.538593444752004,0.775980569692084,0.328285328229149));
#5581=DIRECTION('',(0.,0.38962575297319,-0.920973274650288));
#5582=DIRECTION('center_axis',(0.,0.38962575297319,-0.920973274650288));
#5583=DIRECTION('ref_axis',(0.577119618711673,0.752121690573004,0.318191621931973));
#5584=DIRECTION('center_axis',(7.77488143620108E-17,0.38962575297319,-0.920973274650288));
#5585=DIRECTION('ref_axis',(0.577119618711673,0.752121690573004,0.318191621931973));
#5586=DIRECTION('center_axis',(-7.77488143620108E-17,-0.38962575297319,
0.920973274650288));
#5587=DIRECTION('ref_axis',(0.577119618711673,0.752121690573004,0.318191621931973));
#5588=DIRECTION('',(0.,0.38962575297319,-0.920973274650288));
#5589=DIRECTION('center_axis',(0.,0.38962575297319,-0.920973274650288));
#5590=DIRECTION('ref_axis',(0.0366863813950315,0.920353301348666,0.389363467876417));
#5591=DIRECTION('center_axis',(1.99121811959265E-17,0.389625752973191,-0.920973274650288));
#5592=DIRECTION('ref_axis',(0.0366863813950315,0.920353301348666,0.389363467876417));
#5593=DIRECTION('center_axis',(-1.99121811959265E-17,-0.389625752973191,
0.920973274650288));
#5594=DIRECTION('ref_axis',(0.0366863813950315,0.920353301348666,0.389363467876417));
#5595=DIRECTION('',(0.,0.38962575297319,-0.920973274650288));
#5596=DIRECTION('center_axis',(-4.03717463500057E-16,-0.920973274650288,
-0.38962575297319));
#5597=DIRECTION('ref_axis',(-1.,3.71812994393155E-16,1.57298720704636E-16));
#5598=DIRECTION('',(1.,-3.71812994393155E-16,-1.57298720704636E-16));
#5599=DIRECTION('',(-1.,3.71812994393155E-16,1.57298720704636E-16));
#5600=DIRECTION('',(0.,0.38962575297319,-0.920973274650288));
#5601=DIRECTION('center_axis',(1.,0.,0.));
#5602=DIRECTION('ref_axis',(0.,-0.920973274650288,-0.38962575297319));
#5603=DIRECTION('',(0.,0.920973274650288,0.38962575297319));
#5604=DIRECTION('',(0.,-0.920973274650288,-0.38962575297319));
#5605=DIRECTION('',(0.,0.38962575297319,-0.920973274650288));
#5606=DIRECTION('center_axis',(-3.99787605382114E-14,-0.920973274650288,
-0.38962575297319));
#5607=DIRECTION('ref_axis',(-1.,3.90034985343335E-14,1.04140466569923E-14));
#5608=DIRECTION('',(-1.,3.90034985343335E-14,1.04140466569923E-14));
#5609=DIRECTION('',(-1.,3.90034985343335E-14,1.04140466569923E-14));
#5610=DIRECTION('',(0.,0.38962575297319,-0.920973274650288));
#5611=DIRECTION('center_axis',(0.,0.38962575297319,-0.920973274650288));
#5612=DIRECTION('ref_axis',(-0.806326340945187,-0.544728896577997,-0.230452296866105));
#5613=DIRECTION('center_axis',(-4.35307842787052E-17,0.389625752973191,
-0.920973274650288));
#5614=DIRECTION('ref_axis',(-0.806326340945187,-0.544728896577997,-0.230452296866105));
#5615=DIRECTION('center_axis',(4.35307842787052E-17,-0.389625752973191,
0.920973274650288));
#5616=DIRECTION('ref_axis',(-0.806326340945187,-0.544728896577997,-0.230452296866105));
#5617=DIRECTION('',(0.,0.38962575297319,-0.920973274650288));
#5618=DIRECTION('center_axis',(0.,0.38962575297319,-0.920973274650288));
#5619=DIRECTION('ref_axis',(0.129481491898517,0.91322037326451,0.38634582061977));
#5620=DIRECTION('center_axis',(-3.07185501191159E-19,0.389625752973191,
-0.920973274650288));
#5621=DIRECTION('ref_axis',(0.129481491898517,0.91322037326451,0.38634582061977));
#5622=DIRECTION('center_axis',(-3.07185501191159E-19,0.389625752973191,
-0.920973274650288));
#5623=DIRECTION('ref_axis',(0.129481491898517,0.91322037326451,0.38634582061977));
#5624=DIRECTION('center_axis',(-9.54847123059798E-18,0.38962575297319,-0.920973274650288));
#5625=DIRECTION('ref_axis',(-1.,-3.72033029296459E-18,8.79388681714789E-18));
#5626=DIRECTION('center_axis',(-9.54847123059798E-18,0.38962575297319,-0.920973274650288));
#5627=DIRECTION('ref_axis',(-1.,-3.72033029296459E-18,8.79388681714789E-18));
#5628=DIRECTION('axis',(0.,0.,1.));
#5629=DIRECTION('refdir',(1.,0.,0.));
#5630=DIRECTION('center_axis',(0.,-0.920973274650289,0.389625752973189));
#5631=DIRECTION('ref_axis',(1.,0.,0.));
#5632=DIRECTION('',(-1.,0.,0.));
#5633=DIRECTION('',(0.,0.389625752973189,0.920973274650289));
#5634=DIRECTION('',(1.,0.,0.));
#5635=DIRECTION('',(0.,0.389625752973189,0.920973274650289));
#5636=DIRECTION('center_axis',(0.,0.38962575297319,0.920973274650288));
#5637=DIRECTION('ref_axis',(1.,0.,0.));
#5638=DIRECTION('',(0.,-0.920973274650288,0.38962575297319));
#5639=DIRECTION('',(-0.788759565280293,-0.566123963581393,0.239503666021497));
#5640=DIRECTION('',(-1.,4.08298008899544E-16,1.87984126063153E-16));
#5641=DIRECTION('',(-1.18952466924124E-16,-0.920973274650288,0.38962575297319));
#5642=DIRECTION('',(1.,0.,0.));
#5643=DIRECTION('',(-1.04083408558608E-16,-0.920973274650288,0.38962575297319));
#5644=DIRECTION('',(-1.,1.46069390654454E-16,-6.1795925991107E-17));
#5645=DIRECTION('',(0.,0.920973274650288,-0.38962575297319));
#5646=DIRECTION('center_axis',(-2.55894536513479E-18,0.38962575297319,0.920973274650288));
#5647=DIRECTION('ref_axis',(0.696649205998621,0.660717218601511,-0.279522165176528));
#5648=DIRECTION('',(0.0182497165556764,0.92081989581182,-0.389560864721736));
#5649=DIRECTION('center_axis',(-5.33170129155329E-18,0.38962575297319,0.920973274650288));
#5650=DIRECTION('ref_axis',(0.702163983996348,0.655747031492046,-0.277419484297239));
#5651=DIRECTION('',(0.788759565280293,0.566123963581393,-0.239503666021497));
#5652=DIRECTION('center_axis',(-2.05216685716664E-16,0.38962575297319,0.920973274650288));
#5653=DIRECTION('ref_axis',(0.641480894653109,0.70651452683074,-0.298897114693639));
#5654=DIRECTION('',(-0.141964000706929,-0.911645492699955,0.385679553701177));
#5655=DIRECTION('center_axis',(-7.43389522936279E-17,0.38962575297319,0.920973274650288));
#5656=DIRECTION('ref_axis',(0.627616897488028,0.716998266556386,-0.303332351955145));
#5657=DIRECTION('center_axis',(4.82475510854361E-16,0.38962575297319,0.920973274650288));
#5658=DIRECTION('ref_axis',(-0.96413050138192,0.24445270696696,-0.10341784353569));
#5659=DIRECTION('center_axis',(-1.08373643182738E-17,0.38962575297319,0.920973274650288));
#5660=DIRECTION('ref_axis',(0.986097892653025,0.15303390905528,-0.0647423260666661));
#5661=DIRECTION('',(-0.0651108039376653,-0.919019006429459,0.388798982807312));
#5662=DIRECTION('center_axis',(0.,0.38962575297319,0.920973274650288));
#5663=DIRECTION('ref_axis',(0.986624349041375,0.150128231411414,-0.0635130538705553));
#5664=DIRECTION('center_axis',(7.9514610297759E-16,0.389625752973191,0.920973274650288));
#5665=DIRECTION('ref_axis',(-0.962233103368542,0.250713648283635,-0.106066589207227));
#5666=DIRECTION('',(-1.,0.,0.));
#5667=DIRECTION('center_axis',(0.,-0.389625752973189,-0.920973274650289));
#5668=DIRECTION('ref_axis',(-0.962233103368542,0.250713648283635,-0.106066589207227));
#5669=DIRECTION('',(0.,0.389625752973189,0.920973274650289));
#5670=DIRECTION('center_axis',(7.9514610297759E-16,0.389625752973191,0.920973274650288));
#5671=DIRECTION('ref_axis',(-0.962233103368542,0.250713648283635,-0.106066589207227));
#5672=DIRECTION('center_axis',(1.58603289232165E-16,0.920973274650289,-0.389625752973189));
#5673=DIRECTION('ref_axis',(-1.,1.46069390654454E-16,-6.1795925991107E-17));
#5674=DIRECTION('',(-1.,0.,0.));
#5675=DIRECTION('',(0.,0.389625752973189,0.920973274650289));
#5676=DIRECTION('',(1.,0.,0.));
#5677=DIRECTION('',(0.,0.389625752973189,0.920973274650289));
#5678=DIRECTION('',(-1.,1.46069390654454E-16,-6.1795925991107E-17));
#5679=DIRECTION('',(0.,0.389625752973189,0.920973274650289));
#5680=DIRECTION('',(0.,0.389625752973189,0.920973274650289));
#5681=DIRECTION('',(-1.,0.,0.));
#5682=DIRECTION('',(0.,0.389625752973189,0.920973274650289));
#5683=DIRECTION('',(1.,0.,0.));
#5684=DIRECTION('',(0.,-0.389625752973189,-0.920973274650289));
#5685=DIRECTION('center_axis',(0.997878040248703,-0.0599653103175845,0.0253688460109025));
#5686=DIRECTION('ref_axis',(0.0651108039376653,0.919019006429459,-0.388798982807312));
#5687=DIRECTION('',(0.,0.389625752973189,0.920973274650289));
#5688=DIRECTION('',(0.0651108039376652,0.919019006429459,-0.388798982807312));
#5689=DIRECTION('',(0.,0.389625752973189,0.920973274650289));
#5690=DIRECTION('center_axis',(0.,-0.389625752973189,-0.920973274650289));
#5691=DIRECTION('ref_axis',(0.986097892653025,0.15303390905528,-0.0647423260666659));
#5692=DIRECTION('',(0.,0.389625752973189,0.920973274650289));
#5693=DIRECTION('center_axis',(-1.08373643182738E-17,0.38962575297319,0.920973274650288));
#5694=DIRECTION('ref_axis',(0.986097892653025,0.15303390905528,-0.0647423260666661));
#5695=DIRECTION('center_axis',(0.,-0.389625752973189,-0.920973274650289));
#5696=DIRECTION('ref_axis',(-0.96413050138192,0.24445270696696,-0.10341784353569));
#5697=DIRECTION('',(0.,0.389625752973189,0.920973274650289));
#5698=DIRECTION('center_axis',(-4.82475510854361E-16,-0.38962575297319,
-0.920973274650288));
#5699=DIRECTION('ref_axis',(-0.96413050138192,0.24445270696696,-0.10341784353569));
#5700=DIRECTION('center_axis',(0.,-0.389625752973189,-0.920973274650289));
#5701=DIRECTION('ref_axis',(0.627616897488028,0.716998266556386,-0.303332351955144));
#5702=DIRECTION('',(0.,0.389625752973189,0.920973274650289));
#5703=DIRECTION('center_axis',(7.43389522936279E-17,-0.38962575297319,-0.920973274650288));
#5704=DIRECTION('ref_axis',(0.627616897488028,0.716998266556386,-0.303332351955145));
#5705=DIRECTION('center_axis',(0.989871821249238,-0.130745050613516,0.0553128306705235));
#5706=DIRECTION('ref_axis',(0.141964000706929,0.911645492699955,-0.385679553701177));
#5707=DIRECTION('',(0.,0.389625752973189,0.920973274650289));
#5708=DIRECTION('',(0.141964000706929,0.911645492699955,-0.385679553701177));
#5709=DIRECTION('center_axis',(0.,-0.389625752973189,-0.920973274650289));
#5710=DIRECTION('ref_axis',(0.641480894653109,0.70651452683074,-0.298897114693639));
#5711=DIRECTION('',(0.,0.389625752973189,0.920973274650289));
#5712=DIRECTION('center_axis',(-2.05216685716664E-16,0.38962575297319,0.920973274650288));
#5713=DIRECTION('ref_axis',(0.641480894653109,0.70651452683074,-0.298897114693639));
#5714=DIRECTION('center_axis',(0.614701836811021,-0.72642647974793,0.307321039537139));
#5715=DIRECTION('ref_axis',(0.788759565280293,0.566123963581393,-0.239503666021497));
#5716=DIRECTION('',(0.,0.389625752973189,0.920973274650289));
#5717=DIRECTION('',(0.788759565280293,0.566123963581393,-0.239503666021497));
#5718=DIRECTION('center_axis',(0.,-0.389625752973189,-0.920973274650289));
#5719=DIRECTION('ref_axis',(0.702163983996348,0.655747031492046,-0.277419484297238));
#5720=DIRECTION('',(0.,0.389625752973189,0.920973274650289));
#5721=DIRECTION('center_axis',(5.33170129155329E-18,-0.38962575297319,-0.920973274650288));
#5722=DIRECTION('ref_axis',(0.702163983996348,0.655747031492046,-0.277419484297239));
#5723=DIRECTION('center_axis',(0.999833460055042,-0.0168075012177209,0.00711055955455268));
#5724=DIRECTION('ref_axis',(0.0182497165556764,0.92081989581182,-0.389560864721736));
#5725=DIRECTION('',(0.,0.389625752973189,0.920973274650289));
#5726=DIRECTION('',(0.0182497165556764,0.92081989581182,-0.389560864721736));
#5727=DIRECTION('center_axis',(0.,-0.389625752973189,-0.920973274650289));
#5728=DIRECTION('ref_axis',(0.696649205998621,0.660717218601511,-0.279522165176527));
#5729=DIRECTION('',(0.,0.389625752973189,0.920973274650289));
#5730=DIRECTION('center_axis',(-2.55894536513478E-18,0.38962575297319,0.920973274650288));
#5731=DIRECTION('ref_axis',(0.696649205998621,0.660717218601511,-0.279522165176528));
#5732=DIRECTION('center_axis',(1.,0.,0.));
#5733=DIRECTION('ref_axis',(0.,0.920973274650288,-0.38962575297319));
#5734=DIRECTION('',(0.,0.920973274650288,-0.38962575297319));
#5735=DIRECTION('center_axis',(0.,-0.920973274650289,0.389625752973189));
#5736=DIRECTION('ref_axis',(1.,0.,0.));
#5737=DIRECTION('',(1.,0.,0.));
#5738=DIRECTION('',(0.,0.389625752973189,0.920973274650289));
#5739=DIRECTION('',(0.,0.389625752973189,0.920973274650289));
#5740=DIRECTION('center_axis',(-3.02788097625043E-16,-0.920973274650289,
0.389625752973189));
#5741=DIRECTION('ref_axis',(1.,-4.08298008899544E-16,-1.87984126063153E-16));
#5742=DIRECTION('',(0.,0.389625752973189,0.920973274650289));
#5743=DIRECTION('',(1.,-4.08298008899544E-16,-1.87984126063153E-16));
#5744=DIRECTION('',(0.,0.389625752973189,0.920973274650289));
#5745=DIRECTION('center_axis',(-0.614701836811021,0.72642647974793,-0.307321039537139));
#5746=DIRECTION('ref_axis',(-0.788759565280293,-0.566123963581393,0.239503666021497));
#5747=DIRECTION('',(0.,0.389625752973189,0.920973274650289));
#5748=DIRECTION('',(-0.788759565280293,-0.566123963581393,0.239503666021497));
#5749=DIRECTION('center_axis',(0.,-0.389625752973189,-0.920973274650289));
#5750=DIRECTION('ref_axis',(0.986624349041375,0.150128231411414,-0.0635130538705551));
#5751=DIRECTION('center_axis',(0.,-0.38962575297319,-0.920973274650288));
#5752=DIRECTION('ref_axis',(0.986624349041375,0.150128231411414,-0.0635130538705553));
#5753=DIRECTION('center_axis',(0.,0.38962575297319,0.920973274650288));
#5754=DIRECTION('ref_axis',(1.,0.,0.));
#5755=DIRECTION('',(0.,0.920973274650288,-0.38962575297319));
#5756=DIRECTION('',(1.,0.,0.));
#5757=DIRECTION('',(-1.04083408558608E-16,-0.920973274650288,0.38962575297319));
#5758=DIRECTION('',(1.18952466924124E-16,0.920973274650288,-0.38962575297319));
#5759=DIRECTION('center_axis',(1.,0.,0.));
#5760=DIRECTION('ref_axis',(0.,-1.,0.));
#5761=DIRECTION('center_axis',(-1.,0.,0.));
#5762=DIRECTION('ref_axis',(0.,-1.,0.));
#5763=DIRECTION('center_axis',(1.,0.,0.));
#5764=DIRECTION('ref_axis',(0.,-1.,0.));
#5765=DIRECTION('center_axis',(-1.,0.,0.));
#5766=DIRECTION('ref_axis',(0.,-1.,0.));
#5767=DIRECTION('center_axis',(1.,0.,0.));
#5768=DIRECTION('ref_axis',(0.,-1.,0.));
#5769=DIRECTION('center_axis',(-1.,0.,0.));
#5770=DIRECTION('ref_axis',(0.,-1.,0.));
#5771=DIRECTION('',(-1.,0.,0.));
#5772=DIRECTION('center_axis',(-1.,0.,0.));
#5773=DIRECTION('ref_axis',(0.,-1.,0.));
#5774=DIRECTION('center_axis',(1.,0.,0.));
#5775=DIRECTION('ref_axis',(0.,-1.,0.));
#5776=DIRECTION('center_axis',(1.,0.,0.));
#5777=DIRECTION('ref_axis',(0.,0.920973274650289,-0.389625752973189));
#5778=DIRECTION('center_axis',(1.,0.,0.));
#5779=DIRECTION('ref_axis',(0.,-1.,0.));
#5780=DIRECTION('center_axis',(1.,0.,0.));
#5781=DIRECTION('ref_axis',(0.,-1.,0.));
#5782=DIRECTION('center_axis',(1.,0.,0.));
#5783=DIRECTION('ref_axis',(0.,-1.,0.));
#5784=DIRECTION('center_axis',(1.,0.,0.));
#5785=DIRECTION('ref_axis',(0.,-1.,0.));
#5786=DIRECTION('center_axis',(-1.,0.,0.));
#5787=DIRECTION('ref_axis',(0.,-1.,0.));
#5788=DIRECTION('',(1.,0.,0.));
#5789=DIRECTION('center_axis',(-1.,0.,0.));
#5790=DIRECTION('ref_axis',(0.,-1.,0.));
#5791=DIRECTION('center_axis',(1.,0.,0.));
#5792=DIRECTION('ref_axis',(0.,-1.,0.));
#5793=DIRECTION('center_axis',(1.,0.,0.));
#5794=DIRECTION('ref_axis',(0.,-1.,0.));
#5795=DIRECTION('center_axis',(1.,0.,0.));
#5796=DIRECTION('ref_axis',(0.,-1.,0.));
#5797=DIRECTION('center_axis',(-1.,0.,0.));
#5798=DIRECTION('ref_axis',(0.,-1.,0.));
#5799=DIRECTION('center_axis',(1.,0.,0.));
#5800=DIRECTION('ref_axis',(0.,-1.,0.));
#5801=DIRECTION('center_axis',(1.,0.,0.));
#5802=DIRECTION('ref_axis',(0.,-1.,0.));
#5803=DIRECTION('center_axis',(1.,0.,0.));
#5804=DIRECTION('ref_axis',(0.,-1.,0.));
#5805=DIRECTION('',(1.,0.,0.));
#5806=DIRECTION('center_axis',(-1.,0.,0.));
#5807=DIRECTION('ref_axis',(0.,-1.,0.));
#5808=DIRECTION('center_axis',(1.,0.,0.));
#5809=DIRECTION('ref_axis',(0.,-1.,0.));
#5810=DIRECTION('center_axis',(0.,-0.38962575297319,-0.920973274650288));
#5811=DIRECTION('ref_axis',(0.538593444752004,0.775980569692084,-0.328285328229148));
#5812=DIRECTION('center_axis',(-2.18025129817532E-16,-0.389625752973191,
-0.920973274650288));
#5813=DIRECTION('ref_axis',(0.538593444752004,0.775980569692084,-0.328285328229149));
#5814=DIRECTION('',(0.,0.38962575297319,0.920973274650288));
#5815=DIRECTION('center_axis',(2.18025129817532E-16,0.389625752973191,0.920973274650288));
#5816=DIRECTION('ref_axis',(0.538593444752004,0.775980569692084,-0.328285328229149));
#5817=DIRECTION('',(0.,0.38962575297319,0.920973274650288));
#5818=DIRECTION('center_axis',(0.,-0.38962575297319,-0.920973274650288));
#5819=DIRECTION('ref_axis',(0.577119618711673,0.752121690573004,-0.318191621931973));
#5820=DIRECTION('center_axis',(-7.77488143620108E-17,-0.38962575297319,
-0.920973274650288));
#5821=DIRECTION('ref_axis',(0.577119618711673,0.752121690573004,-0.318191621931973));
#5822=DIRECTION('',(0.,0.38962575297319,0.920973274650288));
#5823=DIRECTION('center_axis',(7.77488143620108E-17,0.38962575297319,0.920973274650288));
#5824=DIRECTION('ref_axis',(0.577119618711673,0.752121690573004,-0.318191621931973));
#5825=DIRECTION('center_axis',(0.,-0.38962575297319,-0.920973274650288));
#5826=DIRECTION('ref_axis',(0.0366863813950315,0.920353301348666,-0.389363467876417));
#5827=DIRECTION('center_axis',(-1.99121811959265E-17,-0.389625752973191,
-0.920973274650288));
#5828=DIRECTION('ref_axis',(0.0366863813950315,0.920353301348666,-0.389363467876417));
#5829=DIRECTION('',(0.,0.38962575297319,0.920973274650288));
#5830=DIRECTION('center_axis',(1.99121811959265E-17,0.389625752973191,0.920973274650288));
#5831=DIRECTION('ref_axis',(0.0366863813950315,0.920353301348666,-0.389363467876417));
#5832=DIRECTION('center_axis',(4.03717463500057E-16,0.920973274650288,-0.38962575297319));
#5833=DIRECTION('ref_axis',(-1.,3.71812994393155E-16,-1.57298720704636E-16));
#5834=DIRECTION('',(1.,-3.71812994393155E-16,1.57298720704636E-16));
#5835=DIRECTION('',(0.,0.38962575297319,0.920973274650288));
#5836=DIRECTION('',(-1.,3.71812994393155E-16,-1.57298720704636E-16));
#5837=DIRECTION('center_axis',(-1.,0.,0.));
#5838=DIRECTION('ref_axis',(0.,-0.920973274650288,0.38962575297319));
#5839=DIRECTION('',(0.,0.920973274650288,-0.38962575297319));
#5840=DIRECTION('',(0.,0.38962575297319,0.920973274650288));
#5841=DIRECTION('',(0.,-0.920973274650288,0.38962575297319));
#5842=DIRECTION('center_axis',(3.99787605382114E-14,0.920973274650288,-0.38962575297319));
#5843=DIRECTION('ref_axis',(-1.,3.90034985343335E-14,-1.04140466569923E-14));
#5844=DIRECTION('',(-1.,3.90034985343335E-14,-1.04140466569923E-14));
#5845=DIRECTION('',(0.,0.38962575297319,0.920973274650288));
#5846=DIRECTION('',(-1.,3.90034985343335E-14,-1.04140466569923E-14));
#5847=DIRECTION('center_axis',(0.,-0.38962575297319,-0.920973274650288));
#5848=DIRECTION('ref_axis',(-0.806326340945187,-0.544728896577997,0.230452296866105));
#5849=DIRECTION('center_axis',(4.35307842787052E-17,-0.389625752973191,
-0.920973274650288));
#5850=DIRECTION('ref_axis',(-0.806326340945187,-0.544728896577997,0.230452296866105));
#5851=DIRECTION('',(0.,0.38962575297319,0.920973274650288));
#5852=DIRECTION('center_axis',(-4.35307842787052E-17,0.389625752973191,
0.920973274650288));
#5853=DIRECTION('ref_axis',(-0.806326340945187,-0.544728896577997,0.230452296866105));
#5854=DIRECTION('center_axis',(0.,-0.38962575297319,-0.920973274650288));
#5855=DIRECTION('ref_axis',(0.129481491898517,0.91322037326451,-0.38634582061977));
#5856=DIRECTION('center_axis',(3.07185501191159E-19,-0.389625752973191,
-0.920973274650288));
#5857=DIRECTION('ref_axis',(0.129481491898517,0.91322037326451,-0.38634582061977));
#5858=DIRECTION('center_axis',(3.07185501191159E-19,-0.389625752973191,
-0.920973274650288));
#5859=DIRECTION('ref_axis',(0.129481491898517,0.91322037326451,-0.38634582061977));
#5860=DIRECTION('center_axis',(9.54847123059798E-18,-0.38962575297319,-0.920973274650288));
#5861=DIRECTION('ref_axis',(-1.,-3.72033029296459E-18,-8.79388681714789E-18));
#5862=DIRECTION('center_axis',(9.54847123059798E-18,-0.38962575297319,-0.920973274650288));
#5863=DIRECTION('ref_axis',(-1.,-3.72033029296459E-18,-8.79388681714789E-18));
#5864=DIRECTION('',(0.,0.,1.));
#5865=DIRECTION('',(1.,0.,0.));
#5866=DIRECTION('',(0.,0.,1.));
#5867=DIRECTION('',(1.,0.,0.));
#5868=DIRECTION('',(0.,0.,1.));
#5869=DIRECTION('',(1.,0.,0.));
#5870=DIRECTION('',(0.,0.,1.));
#5871=DIRECTION('',(1.,0.,0.));
#5872=DIRECTION('',(0.,0.,1.));
#5873=DIRECTION('',(1.,0.,0.));
#5874=DIRECTION('',(0.,0.,-1.));
#5875=DIRECTION('',(1.,0.,0.));
#5876=DIRECTION('',(0.,0.,1.));
#5877=DIRECTION('',(1.,0.,0.));
#5878=DIRECTION('',(0.,0.,1.));
#5879=DIRECTION('',(1.,0.,0.));
#5880=DIRECTION('',(0.,0.,1.));
#5881=DIRECTION('',(1.,0.,0.));
#5882=DIRECTION('',(0.,0.,1.));
#5883=DIRECTION('',(1.,0.,0.));
#5884=DIRECTION('',(0.,0.,1.));
#5885=DIRECTION('',(1.,0.,0.));
#5886=DIRECTION('',(0.,-1.11022302462516E-16,-1.));
#5887=DIRECTION('',(1.,0.,0.));
#5888=CARTESIAN_POINT('',(0.,0.,0.));
#5889=CARTESIAN_POINT('',(0.,0.,0.));
#5890=CARTESIAN_POINT('Origin',(-98.,-1.,9.));
#5891=CARTESIAN_POINT('',(-98.,-1.,9.));
#5892=CARTESIAN_POINT('',(-98.,1.,9.));
#5893=CARTESIAN_POINT('',(-98.,-1.,9.));
#5894=CARTESIAN_POINT('',(-100.,1.,9.));
#5895=CARTESIAN_POINT('',(-98.,1.,9.));
#5896=CARTESIAN_POINT('',(-100.,-1.,9.));
#5897=CARTESIAN_POINT('',(-100.,-1.,9.));
#5898=CARTESIAN_POINT('',(-98.,-1.,9.));
#5899=CARTESIAN_POINT('Origin',(-100.,1.38777878078145E-16,8.));
#5900=CARTESIAN_POINT('',(-100.,-1.,7.));
#5901=CARTESIAN_POINT('',(-100.,0.999999999999998,7.));
#5902=CARTESIAN_POINT('',(-100.,-0.5,7.));
#5903=CARTESIAN_POINT('',(-100.,-1.,7.));
#5904=CARTESIAN_POINT('',(-100.,1.,9.));
#5905=CARTESIAN_POINT('Origin',(-98.,1.38777878078145E-16,8.));
#5906=CARTESIAN_POINT('',(-98.,0.999999999999998,7.));
#5907=CARTESIAN_POINT('',(-98.,-1.,7.));
#5908=CARTESIAN_POINT('',(-98.,-0.5,7.));
#5909=CARTESIAN_POINT('',(-98.,1.,9.));
#5910=CARTESIAN_POINT('',(-98.,-1.,7.));
#5911=CARTESIAN_POINT('Origin',(-2.,-1.,7.));
#5912=CARTESIAN_POINT('',(-2.,-1.,7.));
#5913=CARTESIAN_POINT('',(-2.,-1.,7.));
#5914=CARTESIAN_POINT('',(-2.,0.999999999999998,7.));
#5915=CARTESIAN_POINT('',(-2.,-0.5,7.));
#5916=CARTESIAN_POINT('',(-2.,0.999999999999998,7.));
#5917=CARTESIAN_POINT('Origin',(-148.,0.500000000000001,5.5));
#5918=CARTESIAN_POINT('',(-148.,-0.499999999999999,5.5));
#5919=CARTESIAN_POINT('',(-148.,0.500000000000001,5.5));
#5920=CARTESIAN_POINT('',(-148.,0.25,5.5));
#5921=CARTESIAN_POINT('',(-148.7,-0.499999999999999,5.5));
#5922=CARTESIAN_POINT('',(-148.,-0.499999999999999,5.5));
#5923=CARTESIAN_POINT('',(-148.7,0.500000000000001,5.5));
#5924=CARTESIAN_POINT('',(-148.7,0.500000000000001,5.5));
#5925=CARTESIAN_POINT('',(-148.,0.500000000000001,5.5));
#5926=CARTESIAN_POINT('Origin',(-148.,0.500000000000001,6.5));
#5927=CARTESIAN_POINT('',(-148.,0.500000000000001,6.5));
#5928=CARTESIAN_POINT('',(-148.,0.500000000000001,6.25));
#5929=CARTESIAN_POINT('',(-148.7,0.500000000000001,6.5));
#5930=CARTESIAN_POINT('',(-148.7,0.500000000000001,6.5));
#5931=CARTESIAN_POINT('',(-148.,0.500000000000001,6.5));
#5932=CARTESIAN_POINT('Origin',(-148.,-0.499999999999999,6.5));
#5933=CARTESIAN_POINT('',(-148.,-0.499999999999999,6.5));
#5934=CARTESIAN_POINT('',(-148.,-0.25,6.5));
#5935=CARTESIAN_POINT('',(-148.7,-0.499999999999999,6.5));
#5936=CARTESIAN_POINT('',(-148.7,-0.499999999999999,6.5));
#5937=CARTESIAN_POINT('',(-148.,-0.499999999999999,6.5));
#5938=CARTESIAN_POINT('Origin',(-148.,-0.499999999999999,5.5));
#5939=CARTESIAN_POINT('',(-148.,-0.499999999999999,5.75));
#5940=CARTESIAN_POINT('',(-148.7,-0.499999999999999,5.5));
#5941=CARTESIAN_POINT('Origin',(-148.7,1.17961196366423E-15,6.));
#5942=CARTESIAN_POINT('Origin',(-18.,0.,0.));
#5943=CARTESIAN_POINT('',(-18.,-1.,5.));
#5944=CARTESIAN_POINT('',(-18.,-1.,6.92820323027551));
#5945=CARTESIAN_POINT('',(-18.,-1.,3.46410161513813));
#5946=CARTESIAN_POINT('',(-18.,0.,5.));
#5947=CARTESIAN_POINT('',(-18.,0.5,5.));
#5948=CARTESIAN_POINT('',(-18.,-5.,6.12323399573677E-16));
#5949=CARTESIAN_POINT('Origin',(-18.,0.,0.));
#5950=CARTESIAN_POINT('Origin',(-18.,0.,0.));
#5951=CARTESIAN_POINT('',(-18.,1.,5.));
#5952=CARTESIAN_POINT('',(-18.,0.5,5.));
#5953=CARTESIAN_POINT('',(-18.,1.,6.92820323027551));
#5954=CARTESIAN_POINT('',(-18.,1.,12.50000018625));
#5955=CARTESIAN_POINT('Origin',(-18.,0.,0.));
#5956=CARTESIAN_POINT('Origin',(-16.,0.,0.));
#5957=CARTESIAN_POINT('',(-16.,-1.,6.92820323027551));
#5958=CARTESIAN_POINT('',(-16.,-1.,6.92820323027551));
#5959=CARTESIAN_POINT('',(-16.,1.,6.92820323027551));
#5960=CARTESIAN_POINT('',(-16.,1.,6.92820323027551));
#5961=CARTESIAN_POINT('Origin',(-16.,0.,0.));
#5962=CARTESIAN_POINT('Origin',(-16.,0.,0.));
#5963=CARTESIAN_POINT('',(-16.,-5.,6.12323399573677E-16));
#5964=CARTESIAN_POINT('',(-16.,-5.,6.12323399573677E-16));
#5965=CARTESIAN_POINT('',(-16.,0.,5.));
#5966=CARTESIAN_POINT('Origin',(-16.,0.,0.));
#5967=CARTESIAN_POINT('Origin',(-16.,0.,0.));
#5968=CARTESIAN_POINT('Origin',(-16.,0.,0.));
#5969=CARTESIAN_POINT('',(-16.,-1.,5.));
#5970=CARTESIAN_POINT('',(-16.,-1.,3.46410161513813));
#5971=CARTESIAN_POINT('',(-16.,1.,5.));
#5972=CARTESIAN_POINT('',(-16.,1.,12.50000018625));
#5973=CARTESIAN_POINT('',(-16.,0.5,5.));
#5974=CARTESIAN_POINT('',(-16.,0.5,5.));
#5975=CARTESIAN_POINT('Origin',(0.,-1.,6.92820323027626));
#5976=CARTESIAN_POINT('',(-2.,-1.,5.));
#5977=CARTESIAN_POINT('',(-2.,-1.,5.));
#5978=CARTESIAN_POINT('',(-2.,-1.,6.92820323027626));
#5979=CARTESIAN_POINT('',(-2.,-1.,7.25000009312482));
#5980=CARTESIAN_POINT('',(0.,-1.,6.92820323027626));
#5981=CARTESIAN_POINT('',(0.,-1.,6.92820323027626));
#5982=CARTESIAN_POINT('',(0.,-1.,25.0000003725));
#5983=CARTESIAN_POINT('',(0.,-1.,6.92820323027626));
#5984=CARTESIAN_POINT('',(-2.,-1.,25.0000003725));
#5985=CARTESIAN_POINT('',(0.,-1.,25.0000003725));
#5986=CARTESIAN_POINT('',(-2.,-1.,6.92820323027626));
#5987=CARTESIAN_POINT('',(-148.,-1.,7.));
#5988=CARTESIAN_POINT('',(-2.,-1.,7.));
#5989=CARTESIAN_POINT('',(-148.,-1.,5.));
#5990=CARTESIAN_POINT('',(-148.,-1.,6.92820323027626));
#5991=CARTESIAN_POINT('',(-2.,-1.,5.));
#5992=CARTESIAN_POINT('Origin',(-2.,1.,5.));
#5993=CARTESIAN_POINT('',(-2.,1.,5.));
#5994=CARTESIAN_POINT('',(-2.,1.,5.));
#5995=CARTESIAN_POINT('',(-2.,0.,5.));
#5996=CARTESIAN_POINT('',(-2.,0.5,5.));
#5997=CARTESIAN_POINT('',(-2.,0.5,5.));
#5998=CARTESIAN_POINT('Origin',(-2.,1.,5.));
#5999=CARTESIAN_POINT('',(-148.,1.,5.));
#6000=CARTESIAN_POINT('',(-148.,1.,5.));
#6001=CARTESIAN_POINT('',(-2.,1.,5.));
#6002=CARTESIAN_POINT('Origin',(-2.,-1.,7.));
#6003=CARTESIAN_POINT('',(-148.,0.999999999999998,7.));
#6004=CARTESIAN_POINT('',(-2.,0.999999999999998,7.));
#6005=CARTESIAN_POINT('',(-148.,-1.,7.));
#6006=CARTESIAN_POINT('Origin',(-148.,-4.16333634234434E-16,6.));
#6007=CARTESIAN_POINT('',(-148.,1.,25.));
#6008=CARTESIAN_POINT('Origin',(-2.,0.,9.50000018624963));
#6009=CARTESIAN_POINT('',(-2.,0.999999999999998,6.92820323027626));
#6010=CARTESIAN_POINT('',(-2.,0.999999999999998,8.25000009312482));
#6011=CARTESIAN_POINT('Origin',(-2.,0.,0.));
#6012=CARTESIAN_POINT('',(-2.,-5.,6.12323399573677E-16));
#6013=CARTESIAN_POINT('Origin',(-2.,0.,0.));
#6014=CARTESIAN_POINT('Origin',(-2.,0.,0.));
#6015=CARTESIAN_POINT('Origin',(-2.,0.,9.50000018624963));
#6016=CARTESIAN_POINT('',(-2.,1.,25.0000003725));
#6017=CARTESIAN_POINT('Origin',(-2.,0.,25.0000003725));
#6018=CARTESIAN_POINT('',(-2.,1.,25.0000003725));
#6019=CARTESIAN_POINT('Origin',(-30.,0.,25.00000018625));
#6020=CARTESIAN_POINT('',(-30.,-1.,25.0000003725));
#6021=CARTESIAN_POINT('Origin',(-30.,0.,25.0000003725));
#6022=CARTESIAN_POINT('Origin',(2.,0.,25.00000018625));
#6023=CARTESIAN_POINT('',(2.,-1.,25.0000003725));
#6024=CARTESIAN_POINT('Origin',(2.,0.,25.0000003725));
#6025=CARTESIAN_POINT('Origin',(0.,0.,0.));
#6026=CARTESIAN_POINT('',(0.,-5.,-6.12323399573677E-16));
#6027=CARTESIAN_POINT('',(0.,-5.,6.12323399573677E-16));
#6028=CARTESIAN_POINT('Origin',(0.,0.,0.));
#6029=CARTESIAN_POINT('Origin',(0.,0.,0.));
#6030=CARTESIAN_POINT('',(0.,0.999999999999998,6.92820323027626));
#6031=CARTESIAN_POINT('Origin',(0.,0.,0.));
#6032=CARTESIAN_POINT('',(0.,0.999999999999998,6.92820323027626));
#6033=CARTESIAN_POINT('Origin',(0.,1.,25.0000003725));
#6034=CARTESIAN_POINT('',(0.,1.,25.0000003725));
#6035=CARTESIAN_POINT('',(0.,1.,25.0000003725));
#6036=CARTESIAN_POINT('',(0.,1.,25.0000003725));
#6037=CARTESIAN_POINT('Origin',(0.,0.,25.0000003725));
#6038=CARTESIAN_POINT('',(0.,-1.,25.0000003725));
#6039=CARTESIAN_POINT('',(0.,-1.,25.0000003725));
#6040=CARTESIAN_POINT('Origin',(0.,0.,25.0000003725));
#6041=CARTESIAN_POINT('Origin',(0.,0.,9.50000018624963));
#6042=CARTESIAN_POINT('',(0.,0.,0.));
#6043=CARTESIAN_POINT('Ctrl Pts',(-20.,-1.1,4.00000005960464));
#6044=CARTESIAN_POINT('Ctrl Pts',(-59.9999999999985,-1.1,4.88910850855348));
#6045=CARTESIAN_POINT('Ctrl Pts',(-99.999999999997,-1.1,4.00000005960464));
#6046=CARTESIAN_POINT('Ctrl Pts',(-20.,-1.1,3.50000005960453));
#6047=CARTESIAN_POINT('Ctrl Pts',(-59.9888861443866,-1.1,4.38910850855336));
#6048=CARTESIAN_POINT('Ctrl Pts',(-99.9777832654208,-1.1,3.50049388676524));
#6049=CARTESIAN_POINT('Ctrl Pts',(-20.,-0.6,3.50000005960453));
#6050=CARTESIAN_POINT('Ctrl Pts',(-59.9888861443866,-0.6,4.38910850855336));
#6051=CARTESIAN_POINT('Ctrl Pts',(-99.9777832654208,-0.6,3.50049388676524));
#6052=CARTESIAN_POINT('Ctrl Pts',(-20.,-0.0999999999999999,3.50000005960453));
#6053=CARTESIAN_POINT('Ctrl Pts',(-59.9888861443866,-0.0999999999999999,
4.38910850855336));
#6054=CARTESIAN_POINT('Ctrl Pts',(-99.9777832654208,-0.0999999999999999,
3.50049388676524));
#6055=CARTESIAN_POINT('Ctrl Pts',(-20.,-0.0999999999999999,4.00000005960464));
#6056=CARTESIAN_POINT('Ctrl Pts',(-59.9999999999985,-0.0999999999999999,
4.88910850855348));
#6057=CARTESIAN_POINT('Ctrl Pts',(-99.999999999997,-0.0999999999999999,
4.00000005960464));
#6058=CARTESIAN_POINT('Ctrl Pts',(-20.,-0.0999999999999999,4.50000005960476));
#6059=CARTESIAN_POINT('Ctrl Pts',(-60.0111138556104,-0.0999999999999999,
5.38910850855359));
#6060=CARTESIAN_POINT('Ctrl Pts',(-100.022216734573,-0.0999999999999999,
4.49950623244433));
#6061=CARTESIAN_POINT('Ctrl Pts',(-20.,-0.6,4.50000005960476));
#6062=CARTESIAN_POINT('Ctrl Pts',(-60.0111138556104,-0.6,5.38910850855359));
#6063=CARTESIAN_POINT('Ctrl Pts',(-100.022216734573,-0.6,4.49950623244433));
#6064=CARTESIAN_POINT('Ctrl Pts',(-20.,-1.1,4.50000005960476));
#6065=CARTESIAN_POINT('Ctrl Pts',(-60.0111138556104,-1.1,5.38910850855359));
#6066=CARTESIAN_POINT('Ctrl Pts',(-100.022216734573,-1.1,4.49950623244433));
#6067=CARTESIAN_POINT('Ctrl Pts',(-20.,-1.1,4.00000005960464));
#6068=CARTESIAN_POINT('Ctrl Pts',(-59.9999999999985,-1.1,4.88910850855348));
#6069=CARTESIAN_POINT('Ctrl Pts',(-99.999999999997,-1.1,4.00000005960464));
#6070=CARTESIAN_POINT('',(-20.,-1.1,4.00000005960464));
#6071=CARTESIAN_POINT('Origin',(-20.,-0.6,4.00000005960464));
#6072=CARTESIAN_POINT('',(-100.000000000001,-1.1,4.00000005960471));
#6073=CARTESIAN_POINT('Origin',(-60.0000000000007,-1.09999999999972,-1795.55550061237));
#6074=CARTESIAN_POINT('Origin',(-100.000000000001,-0.6,4.00000005960471));
#6075=CARTESIAN_POINT('Origin',(-100.000000000001,-0.6,4.00000005960471));
#6076=CARTESIAN_POINT('Ctrl Pts',(-20.,1.1,4.00000005960464));
#6077=CARTESIAN_POINT('Ctrl Pts',(-59.9999999999985,1.1,4.88910850855348));
#6078=CARTESIAN_POINT('Ctrl Pts',(-99.999999999997,1.1,4.00000005960464));
#6079=CARTESIAN_POINT('Ctrl Pts',(-20.,1.1,3.50000005960453));
#6080=CARTESIAN_POINT('Ctrl Pts',(-59.9888861443866,1.1,4.38910850855336));
#6081=CARTESIAN_POINT('Ctrl Pts',(-99.9777832654208,1.1,3.50049388676524));
#6082=CARTESIAN_POINT('Ctrl Pts',(-20.,0.6,3.50000005960453));
#6083=CARTESIAN_POINT('Ctrl Pts',(-59.9888861443866,0.6,4.38910850855336));
#6084=CARTESIAN_POINT('Ctrl Pts',(-99.9777832654208,0.6,3.50049388676524));
#6085=CARTESIAN_POINT('Ctrl Pts',(-20.,0.0999999999999999,3.50000005960453));
#6086=CARTESIAN_POINT('Ctrl Pts',(-59.9888861443866,0.0999999999999999,
4.38910850855336));
#6087=CARTESIAN_POINT('Ctrl Pts',(-99.9777832654208,0.0999999999999999,
3.50049388676524));
#6088=CARTESIAN_POINT('Ctrl Pts',(-20.,0.0999999999999999,4.00000005960464));
#6089=CARTESIAN_POINT('Ctrl Pts',(-59.9999999999985,0.0999999999999999,
4.88910850855348));
#6090=CARTESIAN_POINT('Ctrl Pts',(-99.999999999997,0.0999999999999999,4.00000005960464));
#6091=CARTESIAN_POINT('Ctrl Pts',(-20.,0.0999999999999999,4.50000005960476));
#6092=CARTESIAN_POINT('Ctrl Pts',(-60.0111138556104,0.0999999999999999,
5.38910850855359));
#6093=CARTESIAN_POINT('Ctrl Pts',(-100.022216734573,0.0999999999999999,
4.49950623244433));
#6094=CARTESIAN_POINT('Ctrl Pts',(-20.,0.6,4.50000005960476));
#6095=CARTESIAN_POINT('Ctrl Pts',(-60.0111138556104,0.6,5.38910850855359));
#6096=CARTESIAN_POINT('Ctrl Pts',(-100.022216734573,0.6,4.49950623244433));
#6097=CARTESIAN_POINT('Ctrl Pts',(-20.,1.1,4.50000005960476));
#6098=CARTESIAN_POINT('Ctrl Pts',(-60.0111138556104,1.1,5.38910850855359));
#6099=CARTESIAN_POINT('Ctrl Pts',(-100.022216734573,1.1,4.49950623244433));
#6100=CARTESIAN_POINT('Ctrl Pts',(-20.,1.1,4.00000005960464));
#6101=CARTESIAN_POINT('Ctrl Pts',(-59.9999999999985,1.1,4.88910850855348));
#6102=CARTESIAN_POINT('Ctrl Pts',(-99.999999999997,1.1,4.00000005960464));
#6103=CARTESIAN_POINT('',(-20.,1.1,4.00000005960464));
#6104=CARTESIAN_POINT('Origin',(-20.,0.6,4.00000005960464));
#6105=CARTESIAN_POINT('',(-100.000000000001,1.1,4.00000005960471));
#6106=CARTESIAN_POINT('Origin',(-60.0000000000007,1.09999999999972,-1795.55550061237));
#6107=CARTESIAN_POINT('Origin',(-100.000000000001,0.6,4.00000005960471));
#6108=CARTESIAN_POINT('Origin',(-100.000000000001,0.6,4.00000005960471));
#6109=CARTESIAN_POINT('Origin',(1.,0.,0.));
#6110=CARTESIAN_POINT('',(2.,-1.,-1.22464679914735E-16));
#6111=CARTESIAN_POINT('Origin',(2.,0.,0.));
#6112=CARTESIAN_POINT('',(1.,-1.,-1.22464679914735E-16));
#6113=CARTESIAN_POINT('',(1.,-1.,-1.22464679914735E-16));
#6114=CARTESIAN_POINT('Origin',(1.,0.,0.));
#6115=CARTESIAN_POINT('Origin',(2.,0.,0.));
#6116=CARTESIAN_POINT('Origin',(0.,0.,0.));
#6117=CARTESIAN_POINT('',(1.,-3.,-3.67394039744206E-16));
#6118=CARTESIAN_POINT('Origin',(1.,0.,0.));
#6119=CARTESIAN_POINT('',(0.,-3.,-3.67394039744206E-16));
#6120=CARTESIAN_POINT('',(0.,-3.,-3.67394039744206E-16));
#6121=CARTESIAN_POINT('Origin',(0.,0.,0.));
#6122=CARTESIAN_POINT('Origin',(1.,0.,0.));
#6123=CARTESIAN_POINT('Origin',(0.,0.,0.));
#6124=CARTESIAN_POINT('',(-20.,-5.,-6.12323399573677E-16));
#6125=CARTESIAN_POINT('Origin',(-20.,0.,0.));
#6126=CARTESIAN_POINT('',(0.,-5.,-6.12323399573677E-16));
#6127=CARTESIAN_POINT('',(0.,-5.,6.12323399573677E-16));
#6128=CARTESIAN_POINT('Origin',(0.,0.,0.));
#6129=CARTESIAN_POINT('Origin',(0.,0.,0.));
#6130=CARTESIAN_POINT('Origin',(-20.,0.,0.));
#6131=CARTESIAN_POINT('',(0.,0.,0.));
#6132=CARTESIAN_POINT('Origin',(1.,-2.5,4.33012701892219));
#6133=CARTESIAN_POINT('',(2.,-3.5,4.33012701892219));
#6134=CARTESIAN_POINT('Origin',(2.,-2.5,4.33012701892219));
#6135=CARTESIAN_POINT('',(1.,-3.5,4.33012701892219));
#6136=CARTESIAN_POINT('',(1.,-3.5,4.33012701892219));
#6137=CARTESIAN_POINT('Origin',(1.,-2.5,4.33012701892219));
#6138=CARTESIAN_POINT('Origin',(1.,0.,0.));
#6139=CARTESIAN_POINT('',(2.,-1.,-1.22464679914735E-16));
#6140=CARTESIAN_POINT('Origin',(2.,0.,0.));
#6141=CARTESIAN_POINT('',(1.,-1.,-1.22464679914735E-16));
#6142=CARTESIAN_POINT('',(1.,-1.,-1.22464679914735E-16));
#6143=CARTESIAN_POINT('Origin',(1.,0.,0.));
#6144=CARTESIAN_POINT('Origin',(1.,1.2490009027033E-15,2.));
#6145=CARTESIAN_POINT('',(1.,-0.767949192431122,3.33012701892219));
#6146=CARTESIAN_POINT('',(1.,1.11022302462516E-15,2.));
#6147=CARTESIAN_POINT('',(1.,-0.767949192431122,3.33012701892219));
#6148=CARTESIAN_POINT('',(2.,-0.767949192431122,3.33012701892219));
#6149=CARTESIAN_POINT('',(1.,-0.767949192431122,3.33012701892219));
#6150=CARTESIAN_POINT('',(2.,1.11022302462516E-15,2.));
#6151=CARTESIAN_POINT('',(2.,-0.767949192431122,3.33012701892219));
#6152=CARTESIAN_POINT('',(1.,1.11022302462516E-15,2.));
#6153=CARTESIAN_POINT('Origin',(1.,0.,0.));
#6154=CARTESIAN_POINT('',(1.,-1.73205080756888,1.));
#6155=CARTESIAN_POINT('Origin',(1.,0.,0.));
#6156=CARTESIAN_POINT('',(2.,-1.73205080756888,1.));
#6157=CARTESIAN_POINT('Origin',(2.,0.,0.));
#6158=CARTESIAN_POINT('',(1.,-1.73205080756888,1.));
#6159=CARTESIAN_POINT('Origin',(1.,-2.5,2.33012701892219));
#6160=CARTESIAN_POINT('',(1.,-2.5,2.33012701892219));
#6161=CARTESIAN_POINT('',(1.,-2.5,2.33012701892219));
#6162=CARTESIAN_POINT('',(2.,-2.5,2.33012701892219));
#6163=CARTESIAN_POINT('',(2.,-2.5,2.33012701892219));
#6164=CARTESIAN_POINT('',(1.,-2.5,2.33012701892219));
#6165=CARTESIAN_POINT('Origin',(1.,-2.5,4.33012701892219));
#6166=CARTESIAN_POINT('Origin',(1.,-2.5,4.33012701892219));
#6167=CARTESIAN_POINT('Origin',(2.,-2.5,4.33012701892219));
#6168=CARTESIAN_POINT('Origin',(2.,-1.25,2.1650635094611));
#6169=CARTESIAN_POINT('Origin',(1.,-1.25,2.1650635094611));
#6170=CARTESIAN_POINT('',(0.,0.,0.));
#6171=CARTESIAN_POINT('Origin',(2.,18.0724838302366,32.6457218220453));
#6172=CARTESIAN_POINT('',(3.,17.0724838302366,32.6457218220453));
#6173=CARTESIAN_POINT('Origin',(3.,18.0724838302366,32.6457218220453));
#6174=CARTESIAN_POINT('',(2.,17.0724838302366,32.6457218220453));
#6175=CARTESIAN_POINT('',(2.,17.0724838302366,32.6457218220453));
#6176=CARTESIAN_POINT('Origin',(2.,18.0724838302366,32.6457218220453));
#6177=CARTESIAN_POINT('Origin',(2.,-2.5,4.33012701892219));
#6178=CARTESIAN_POINT('',(3.,-3.5,4.33012701892219));
#6179=CARTESIAN_POINT('Origin',(3.,-2.5,4.33012701892219));
#6180=CARTESIAN_POINT('',(2.,-3.5,4.33012701892219));
#6181=CARTESIAN_POINT('',(2.,-3.5,4.33012701892219));
#6182=CARTESIAN_POINT('Origin',(2.,-2.5,4.33012701892219));
#6183=CARTESIAN_POINT('Origin',(2.,16.2453929149513,31.8322485358938));
#6184=CARTESIAN_POINT('',(2.,-2.29094307346469,6.31917080965874));
#6185=CARTESIAN_POINT('',(2.,16.2453929149513,31.8322485358938));
#6186=CARTESIAN_POINT('',(2.,-2.29094307346469,6.31917080965874));
#6187=CARTESIAN_POINT('',(3.,-2.29094307346469,6.31917080965874));
#6188=CARTESIAN_POINT('',(2.,-2.29094307346469,6.31917080965874));
#6189=CARTESIAN_POINT('',(3.,16.2453929149513,31.8322485358938));
#6190=CARTESIAN_POINT('',(3.,-2.29094307346469,6.31917080965874));
#6191=CARTESIAN_POINT('',(2.,16.2453929149513,31.8322485358938));
#6192=CARTESIAN_POINT('Origin',(2.,18.0724838302366,32.6457218220453));
#6193=CARTESIAN_POINT('',(2.,17.8634269037013,30.6566780313088));
#6194=CARTESIAN_POINT('Origin',(2.,18.0724838302366,32.6457218220453));
#6195=CARTESIAN_POINT('',(3.,17.8634269037013,30.6566780313088));
#6196=CARTESIAN_POINT('Origin',(3.,18.0724838302366,32.6457218220453));
#6197=CARTESIAN_POINT('',(2.,17.8634269037013,30.6566780313088));
#6198=CARTESIAN_POINT('Origin',(2.,-0.672909084714797,5.14360030507379));
#6199=CARTESIAN_POINT('',(2.,-0.672909084714796,5.14360030507379));
#6200=CARTESIAN_POINT('',(2.,-0.672909084714797,5.14360030507379));
#6201=CARTESIAN_POINT('',(3.,-0.672909084714796,5.14360030507379));
#6202=CARTESIAN_POINT('',(3.,-0.672909084714797,5.14360030507379));
#6203=CARTESIAN_POINT('',(2.,-0.672909084714796,5.14360030507379));
#6204=CARTESIAN_POINT('Origin',(2.,-2.5,4.33012701892219));
#6205=CARTESIAN_POINT('Origin',(2.,-2.5,4.33012701892219));
#6206=CARTESIAN_POINT('Origin',(3.,-2.5,4.33012701892219));
#6207=CARTESIAN_POINT('Origin',(3.,7.78624191511828,18.4879244204838));
#6208=CARTESIAN_POINT('Origin',(2.,7.78624191511828,18.4879244204838));
#6209=CARTESIAN_POINT('',(0.,0.,0.));
#6210=CARTESIAN_POINT('Origin',(1.,18.0724838302366,32.6457218220453));
#6211=CARTESIAN_POINT('',(0.,17.0724838302366,32.6457218220453));
#6212=CARTESIAN_POINT('Origin',(0.,18.0724838302366,32.6457218220453));
#6213=CARTESIAN_POINT('',(-4.,17.0724838302366,32.6457218220453));
#6214=CARTESIAN_POINT('',(1.,17.0724838302366,32.6457218220453));
#6215=CARTESIAN_POINT('Origin',(-4.,18.0724838302366,32.6457218220453));
#6216=CARTESIAN_POINT('Origin',(1.,18.0724838302366,32.6457218220453));
#6217=CARTESIAN_POINT('',(3.,17.0724838302366,32.6457218220453));
#6218=CARTESIAN_POINT('Origin',(3.,18.0724838302366,32.6457218220453));
#6219=CARTESIAN_POINT('',(1.,17.0724838302366,32.6457218220453));
#6220=CARTESIAN_POINT('',(1.,17.0724838302366,32.6457218220453));
#6221=CARTESIAN_POINT('Origin',(1.,18.0724838302366,32.6457218220453));
#6222=CARTESIAN_POINT('Origin',(-4.,18.0724838302366,32.6457218220453));
#6223=CARTESIAN_POINT('Origin',(3.,18.0724838302366,32.6457218220453));
#6224=CARTESIAN_POINT('Origin',(0.,1.,24.3372512311));
#6225=CARTESIAN_POINT('',(0.,1.,24.3372512311));
#6226=CARTESIAN_POINT('',(0.,0.389625752973191,24.0790270978497));
#6227=CARTESIAN_POINT('',(0.,1.,24.3372512311));
#6228=CARTESIAN_POINT('',(1.,0.389625752973191,24.0790270978497));
#6229=CARTESIAN_POINT('',(0.,0.389625752973191,24.0790270978497));
#6230=CARTESIAN_POINT('',(1.,1.,24.3372512311));
#6231=CARTESIAN_POINT('',(1.,1.,24.3372512311));
#6232=CARTESIAN_POINT('',(0.,1.,24.3372512311));
#6233=CARTESIAN_POINT('Origin',(0.,1.,25.0000003725));
#6234=CARTESIAN_POINT('',(0.,1.,25.0000003725));
#6235=CARTESIAN_POINT('',(0.,0.999999999999998,6.92820323027626));
#6236=CARTESIAN_POINT('',(1.,1.,25.0000003725));
#6237=CARTESIAN_POINT('',(1.,0.999999999999998,6.92820323027626));
#6238=CARTESIAN_POINT('',(0.,1.,25.0000003725));
#6239=CARTESIAN_POINT('Origin',(0.,0.,25.0000003725));
#6240=CARTESIAN_POINT('Origin',(0.,0.,25.0000003725));
#6241=CARTESIAN_POINT('Origin',(1.,0.,25.0000003725));
#6242=CARTESIAN_POINT('Origin',(0.,1.98479825708058,24.7538786979366));
#6243=CARTESIAN_POINT('',(0.,16.8669370791024,31.0498969473082));
#6244=CARTESIAN_POINT('',(0.,1.98479825708057,24.7538786979366));
#6245=CARTESIAN_POINT('',(0.,16.8669370791024,31.0498969473082));
#6246=CARTESIAN_POINT('',(1.,16.8669370791024,31.0498969473082));
#6247=CARTESIAN_POINT('',(0.,16.8669370791024,31.0498969473082));
#6248=CARTESIAN_POINT('',(1.,1.98479825708057,24.7538786979366));
#6249=CARTESIAN_POINT('',(1.,16.8669370791024,31.0498969473082));
#6250=CARTESIAN_POINT('',(0.,1.98479825708057,24.7538786979366));
#6251=CARTESIAN_POINT('Origin',(0.,0.,25.0000003725));
#6252=CARTESIAN_POINT('',(0.,1.20554675113419,26.5958252472371));
#6253=CARTESIAN_POINT('Origin',(0.,0.,25.0000003725));
#6254=CARTESIAN_POINT('',(1.,1.20554675113419,26.5958252472371));
#6255=CARTESIAN_POINT('Origin',(1.,0.,25.0000003725));
#6256=CARTESIAN_POINT('',(0.,1.20554675113419,26.5958252472371));
#6257=CARTESIAN_POINT('Origin',(0.,16.087685573156,32.8918434966088));
#6258=CARTESIAN_POINT('',(0.,16.087685573156,32.8918434966088));
#6259=CARTESIAN_POINT('',(0.,16.087685573156,32.8918434966088));
#6260=CARTESIAN_POINT('',(1.,16.087685573156,32.8918434966088));
#6261=CARTESIAN_POINT('',(1.,16.087685573156,32.8918434966088));
#6262=CARTESIAN_POINT('',(0.,16.087685573156,32.8918434966088));
#6263=CARTESIAN_POINT('Origin',(0.,18.0724838302366,32.6457218220453));
#6264=CARTESIAN_POINT('Origin',(0.,18.0724838302366,32.6457218220453));
#6265=CARTESIAN_POINT('Origin',(1.,18.0724838302366,32.6457218220453));
#6266=CARTESIAN_POINT('Origin',(1.,9.03624191511828,28.8228610972727));
#6267=CARTESIAN_POINT('Origin',(0.,9.03624191511828,28.8228610972727));
#6268=CARTESIAN_POINT('',(0.,0.,0.));
#6269=CARTESIAN_POINT('Origin',(2.,18.0724838302366,-32.6457218220453));
#6270=CARTESIAN_POINT('',(1.,17.0724838302366,-32.6457218220453));
#6271=CARTESIAN_POINT('Origin',(1.,18.0724838302366,-32.6457218220453));
#6272=CARTESIAN_POINT('',(-5.,17.0724838302366,-32.6457218220453));
#6273=CARTESIAN_POINT('',(2.,17.0724838302366,-32.6457218220453));
#6274=CARTESIAN_POINT('Origin',(-5.,18.0724838302366,-32.6457218220453));
#6275=CARTESIAN_POINT('Origin',(2.,18.0724838302366,-32.6457218220453));
#6276=CARTESIAN_POINT('',(4.,17.0724838302366,-32.6457218220453));
#6277=CARTESIAN_POINT('Origin',(4.,18.0724838302366,-32.6457218220453));
#6278=CARTESIAN_POINT('',(2.,17.0724838302366,-32.6457218220453));
#6279=CARTESIAN_POINT('',(2.,17.0724838302366,-32.6457218220453));
#6280=CARTESIAN_POINT('Origin',(2.,18.0724838302366,-32.6457218220453));
#6281=CARTESIAN_POINT('Origin',(-5.,18.0724838302366,-32.6457218220453));
#6282=CARTESIAN_POINT('Origin',(4.,18.0724838302366,-32.6457218220453));
#6283=CARTESIAN_POINT('Origin',(1.,1.,-24.3372512311));
#6284=CARTESIAN_POINT('',(1.,1.,-24.3372512311));
#6285=CARTESIAN_POINT('',(1.,0.389625752973193,-24.0790270978497));
#6286=CARTESIAN_POINT('',(1.,1.,-24.3372512311));
#6287=CARTESIAN_POINT('',(2.,1.,-24.3372512311));
#6288=CARTESIAN_POINT('',(1.,1.,-24.3372512311));
#6289=CARTESIAN_POINT('',(2.,0.389625752973193,-24.0790270978497));
#6290=CARTESIAN_POINT('',(2.,1.,-24.3372512311));
#6291=CARTESIAN_POINT('',(1.,0.389625752973193,-24.0790270978497));
#6292=CARTESIAN_POINT('Origin',(1.,1.,-25.0000003725));
#6293=CARTESIAN_POINT('',(1.,1.,-25.0000003725));
#6294=CARTESIAN_POINT('',(1.,1.,-6.92820323027626));
#6295=CARTESIAN_POINT('',(2.,1.,-25.0000003725));
#6296=CARTESIAN_POINT('',(1.,1.,-25.0000003725));
#6297=CARTESIAN_POINT('',(2.,1.,-6.92820323027626));
#6298=CARTESIAN_POINT('Origin',(1.,2.22044604925031E-15,-25.0000003725));
#6299=CARTESIAN_POINT('Origin',(1.,2.22044604925031E-15,-25.0000003725));
#6300=CARTESIAN_POINT('Origin',(2.,2.22044604925031E-15,-25.0000003725));
#6301=CARTESIAN_POINT('Origin',(1.,1.98479825708058,-24.7538786979366));
#6302=CARTESIAN_POINT('',(1.,16.8669370791024,-31.0498969473082));
#6303=CARTESIAN_POINT('',(1.,1.98479825708058,-24.7538786979366));
#6304=CARTESIAN_POINT('',(1.,16.8669370791024,-31.0498969473082));
#6305=CARTESIAN_POINT('',(2.,1.98479825708058,-24.7538786979366));
#6306=CARTESIAN_POINT('',(1.,1.98479825708058,-24.7538786979366));
#6307=CARTESIAN_POINT('',(2.,16.8669370791024,-31.0498969473082));
#6308=CARTESIAN_POINT('',(2.,16.8669370791024,-31.0498969473082));
#6309=CARTESIAN_POINT('',(1.,16.8669370791024,-31.0498969473082));
#6310=CARTESIAN_POINT('Origin',(1.,2.22044604925031E-15,-25.0000003725));
#6311=CARTESIAN_POINT('',(1.,1.2055467511342,-26.5958252472371));
#6312=CARTESIAN_POINT('Origin',(1.,2.22044604925031E-15,-25.0000003725));
#6313=CARTESIAN_POINT('',(2.,1.2055467511342,-26.5958252472371));
#6314=CARTESIAN_POINT('',(1.,1.2055467511342,-26.5958252472371));
#6315=CARTESIAN_POINT('Origin',(2.,2.22044604925031E-15,-25.0000003725));
#6316=CARTESIAN_POINT('Origin',(1.,16.087685573156,-32.8918434966088));
#6317=CARTESIAN_POINT('',(1.,16.087685573156,-32.8918434966088));
#6318=CARTESIAN_POINT('',(1.,16.087685573156,-32.8918434966088));
#6319=CARTESIAN_POINT('',(2.,16.087685573156,-32.8918434966088));
#6320=CARTESIAN_POINT('',(1.,16.087685573156,-32.8918434966088));
#6321=CARTESIAN_POINT('',(2.,16.087685573156,-32.8918434966088));
#6322=CARTESIAN_POINT('Origin',(1.,18.0724838302366,-32.6457218220453));
#6323=CARTESIAN_POINT('Origin',(1.,18.0724838302366,-32.6457218220453));
#6324=CARTESIAN_POINT('Origin',(2.,18.0724838302366,-32.6457218220453));
#6325=CARTESIAN_POINT('Origin',(2.,9.03624191511828,-28.8228610972727));
#6326=CARTESIAN_POINT('Origin',(1.,9.03624191511828,-28.8228610972727));
#6327=CARTESIAN_POINT('',(0.,0.,0.));
#6328=CARTESIAN_POINT('Origin',(3.,-2.5,4.33012701892219));
#6329=CARTESIAN_POINT('',(1.,-1.5,4.33012701892219));
#6330=CARTESIAN_POINT('Origin',(1.,-2.5,4.33012701892219));
#6331=CARTESIAN_POINT('',(3.,-1.5,4.33012701892219));
#6332=CARTESIAN_POINT('',(3.,-1.5,4.33012701892219));
#6333=CARTESIAN_POINT('Origin',(3.,-2.5,4.33012701892219));
#6334=CARTESIAN_POINT('Origin',(1.,-2.5,4.33012701892219));
#6335=CARTESIAN_POINT('Origin',(3.,-18.0724838302366,32.6457218220453));
#6336=CARTESIAN_POINT('',(4.,-19.0724838302366,32.6457218220453));
#6337=CARTESIAN_POINT('Origin',(4.,-18.0724838302366,32.6457218220453));
#6338=CARTESIAN_POINT('',(3.,-19.0724838302366,32.6457218220453));
#6339=CARTESIAN_POINT('',(3.,-19.0724838302366,32.6457218220453));
#6340=CARTESIAN_POINT('Origin',(3.,-18.0724838302366,32.6457218220453));
#6341=CARTESIAN_POINT('Origin',(3.,-18.1140512558687,30.6461538314218));
#6342=CARTESIAN_POINT('',(3.,-4.21089296365813,5.36590946080132));
#6343=CARTESIAN_POINT('',(3.,-18.1140512558687,30.6461538314218));
#6344=CARTESIAN_POINT('',(3.,-4.21089296365813,5.36590946080132));
#6345=CARTESIAN_POINT('',(4.,-4.21089296365813,5.36590946080132));
#6346=CARTESIAN_POINT('',(3.,-4.21089296365813,5.36590946080132));
#6347=CARTESIAN_POINT('',(4.,-18.1140512558687,30.6461538314218));
#6348=CARTESIAN_POINT('',(4.,-4.21089296365813,5.36590946080132));
#6349=CARTESIAN_POINT('',(3.,-18.1140512558687,30.6461538314218));
#6350=CARTESIAN_POINT('Origin',(3.,-18.0724838302366,32.6457218220453));
#6351=CARTESIAN_POINT('',(3.,-16.3615908665784,31.6099393801662));
#6352=CARTESIAN_POINT('Origin',(3.,-18.0724838302366,32.6457218220453));
#6353=CARTESIAN_POINT('',(4.,-16.3615908665784,31.6099393801662));
#6354=CARTESIAN_POINT('Origin',(4.,-18.0724838302366,32.6457218220453));
#6355=CARTESIAN_POINT('',(3.,-16.3615908665784,31.6099393801662));
#6356=CARTESIAN_POINT('Origin',(3.,-2.45843257436786,6.32969500954575));
#6357=CARTESIAN_POINT('',(3.,-2.45843257436786,6.32969500954575));
#6358=CARTESIAN_POINT('',(3.,-2.45843257436786,6.32969500954575));
#6359=CARTESIAN_POINT('',(4.,-2.45843257436786,6.32969500954575));
#6360=CARTESIAN_POINT('',(4.,-2.45843257436786,6.32969500954575));
#6361=CARTESIAN_POINT('',(3.,-2.45843257436786,6.32969500954575));
#6362=CARTESIAN_POINT('Origin',(3.,-2.5,4.33012701892219));
#6363=CARTESIAN_POINT('Origin',(3.,-2.5,4.33012701892219));
#6364=CARTESIAN_POINT('Origin',(4.,-2.5,4.33012701892219));
#6365=CARTESIAN_POINT('Origin',(4.,-10.2862419151183,18.4879244204838));
#6366=CARTESIAN_POINT('Origin',(3.,-10.2862419151183,18.4879244204838));
#6367=CARTESIAN_POINT('',(0.,0.,0.));
#6368=CARTESIAN_POINT('Origin',(-125.4,-2.5954077555752,-0.185780549890641));
#6369=CARTESIAN_POINT('',(-125.4,-2.,-0.259872415847091));
#6370=CARTESIAN_POINT('',(-125.4,-2.96683752243357,-0.656991679100822));
#6371=CARTESIAN_POINT('Origin',(-125.4,-2.5954077555752,-0.185780549890641));
#6372=CARTESIAN_POINT('',(-105.4,-2.,-0.259872415847091));
#6373=CARTESIAN_POINT('',(-125.4,-2.,-0.259872415847091));
#6374=CARTESIAN_POINT('',(-105.4,-2.96683752243357,-0.656991679100822));
#6375=CARTESIAN_POINT('Origin',(-105.4,-2.5954077555752,-0.185780549890641));
#6376=CARTESIAN_POINT('',(-125.4,-2.96683752243358,-0.656991679100813));
#6377=CARTESIAN_POINT('Origin',(-125.4,0.,1.9761955616527));
#6378=CARTESIAN_POINT('',(-125.4,2.,-0.25987241584709));
#6379=CARTESIAN_POINT('Origin',(-125.4,0.,1.9761955616527));
#6380=CARTESIAN_POINT('',(-105.4,2.,-0.25987241584709));
#6381=CARTESIAN_POINT('',(-125.4,2.,-0.25987241584709));
#6382=CARTESIAN_POINT('Origin',(-105.4,0.,1.9761955616527));
#6383=CARTESIAN_POINT('Origin',(-125.4,2.5954077555752,-0.185780549890641));
#6384=CARTESIAN_POINT('',(-125.4,2.96683752243357,-0.656991679100823));
#6385=CARTESIAN_POINT('Origin',(-125.4,2.5954077555752,-0.185780549890641));
#6386=CARTESIAN_POINT('',(-105.4,2.96683752243357,-0.656991679100823));
#6387=CARTESIAN_POINT('',(-125.4,2.96683752243358,-0.656991679100821));
#6388=CARTESIAN_POINT('Origin',(-105.4,2.5954077555752,-0.185780549890641));
#6389=CARTESIAN_POINT('Origin',(-125.4,0.,1.49277680043591));
#6390=CARTESIAN_POINT('Origin',(-125.4,0.,1.9761955616527));
#6391=CARTESIAN_POINT('Origin',(-105.4,0.,1.49277680043591));
#6392=CARTESIAN_POINT('Origin',(-105.4,0.,1.9761955616527));
#6393=CARTESIAN_POINT('Origin',(-100.,1.5,3.5));
#6394=CARTESIAN_POINT('',(-100.,1.5,5.));
#6395=CARTESIAN_POINT('',(-100.,1.5,3.5));
#6396=CARTESIAN_POINT('',(-100.,1.5,3.75233950980478));
#6397=CARTESIAN_POINT('',(-95.,1.5,5.));
#6398=CARTESIAN_POINT('',(-100.,1.5,5.));
#6399=CARTESIAN_POINT('',(-95.,1.5,3.5));
#6400=CARTESIAN_POINT('',(-95.,1.5,5.));
#6401=CARTESIAN_POINT('',(-100.,1.5,3.5));
#6402=CARTESIAN_POINT('Origin',(-100.,-1.5,3.5));
#6403=CARTESIAN_POINT('',(-100.,-1.5,3.5));
#6404=CARTESIAN_POINT('',(-100.,-0.75,3.5));
#6405=CARTESIAN_POINT('',(-95.,-1.5,3.5));
#6406=CARTESIAN_POINT('',(-95.,1.5,3.5));
#6407=CARTESIAN_POINT('',(-100.,-1.5,3.5));
#6408=CARTESIAN_POINT('Origin',(-100.,-1.5,5.));
#6409=CARTESIAN_POINT('',(-100.,-1.5,5.));
#6410=CARTESIAN_POINT('',(-100.,-1.5,4.50233950980478));
#6411=CARTESIAN_POINT('',(-95.,-1.5,5.));
#6412=CARTESIAN_POINT('',(-95.,-1.5,3.5));
#6413=CARTESIAN_POINT('',(-100.,-1.5,5.));
#6414=CARTESIAN_POINT('Origin',(-95.,2.77555756156289E-16,4.25));
#6415=CARTESIAN_POINT('',(-95.,-1.5,5.));
#6416=CARTESIAN_POINT('Origin',(-100.,0.999999999999998,7.));
#6417=CARTESIAN_POINT('',(-100.,0.999999999999998,7.));
#6418=CARTESIAN_POINT('',(-100.,-1.,7.));
#6419=CARTESIAN_POINT('',(-100.,-1.,7.));
#6420=CARTESIAN_POINT('',(-126.,-1.,7.));
#6421=CARTESIAN_POINT('',(-100.,-1.,7.));
#6422=CARTESIAN_POINT('',(-126.,0.999999999999998,7.));
#6423=CARTESIAN_POINT('',(-126.,-1.,7.));
#6424=CARTESIAN_POINT('',(-100.,0.999999999999998,7.));
#6425=CARTESIAN_POINT('Origin',(-100.,1.,5.));
#6426=CARTESIAN_POINT('',(-100.,1.,5.));
#6427=CARTESIAN_POINT('',(-100.,0.999999999999998,7.));
#6428=CARTESIAN_POINT('',(-126.,0.999999999999999,5.));
#6429=CARTESIAN_POINT('',(-126.,0.999999999999998,7.));
#6430=CARTESIAN_POINT('',(-100.,1.,5.));
#6431=CARTESIAN_POINT('Origin',(-100.,-1.,5.));
#6432=CARTESIAN_POINT('',(-126.,-1.,5.));
#6433=CARTESIAN_POINT('',(-126.,1.,5.));
#6434=CARTESIAN_POINT('',(-100.,-1.,5.));
#6435=CARTESIAN_POINT('',(-100.,-1.,5.));
#6436=CARTESIAN_POINT('',(-100.,0.75,5.));
#6437=CARTESIAN_POINT('',(-100.,0.75,5.));
#6438=CARTESIAN_POINT('Origin',(-100.,-1.,7.));
#6439=CARTESIAN_POINT('',(-100.,-1.,5.));
#6440=CARTESIAN_POINT('',(-126.,-1.,5.));
#6441=CARTESIAN_POINT('Origin',(-100.,-3.96683752243357,1.9761955616527));
#6442=CARTESIAN_POINT('',(-100.,-3.96683752243357,1.9761955616527));
#6443=CARTESIAN_POINT('',(-100.,-3.96683752243357,6.4761955616527));
#6444=CARTESIAN_POINT('',(-100.,-3.96683752243357,1.9761955616527));
#6445=CARTESIAN_POINT('',(-126.,-3.96683752243357,6.4761955616527));
#6446=CARTESIAN_POINT('',(-100.,-3.96683752243357,6.4761955616527));
#6447=CARTESIAN_POINT('',(-126.,-3.96683752243357,1.9761955616527));
#6448=CARTESIAN_POINT('',(-126.,-3.96683752243357,1.9761955616527));
#6449=CARTESIAN_POINT('',(-100.,-3.96683752243357,1.9761955616527));
#6450=CARTESIAN_POINT('Origin',(-100.,0.,1.9761955616527));
#6451=CARTESIAN_POINT('',(-100.,3.96683752243357,1.9761955616527));
#6452=CARTESIAN_POINT('Origin',(-100.,0.,1.9761955616527));
#6453=CARTESIAN_POINT('',(-126.,3.96683752243357,1.9761955616527));
#6454=CARTESIAN_POINT('Origin',(-126.,0.,1.9761955616527));
#6455=CARTESIAN_POINT('',(-100.,3.96683752243357,1.9761955616527));
#6456=CARTESIAN_POINT('Origin',(-100.,3.96683752243357,6.4761955616527));
#6457=CARTESIAN_POINT('',(-100.,3.96683752243357,6.4761955616527));
#6458=CARTESIAN_POINT('',(-100.,3.96683752243357,6.4761955616527));
#6459=CARTESIAN_POINT('',(-126.,3.96683752243357,6.4761955616527));
#6460=CARTESIAN_POINT('',(-126.,3.96683752243357,6.4761955616527));
#6461=CARTESIAN_POINT('',(-100.,3.96683752243357,6.4761955616527));
#6462=CARTESIAN_POINT('Origin',(-100.,1.0100145178755,10.));
#6463=CARTESIAN_POINT('',(-100.,1.0100145178755,10.));
#6464=CARTESIAN_POINT('',(-100.,1.0100145178755,10.));
#6465=CARTESIAN_POINT('',(-126.,1.0100145178755,10.));
#6466=CARTESIAN_POINT('',(-126.,1.0100145178755,10.));
#6467=CARTESIAN_POINT('',(-100.,1.0100145178755,10.));
#6468=CARTESIAN_POINT('Origin',(-100.,-1.0100145178755,10.));
#6469=CARTESIAN_POINT('',(-100.,-1.0100145178755,10.));
#6470=CARTESIAN_POINT('',(-100.,-1.0100145178755,10.));
#6471=CARTESIAN_POINT('',(-126.,-1.0100145178755,10.));
#6472=CARTESIAN_POINT('',(-126.,-1.0100145178755,10.));
#6473=CARTESIAN_POINT('',(-100.,-1.0100145178755,10.));
#6474=CARTESIAN_POINT('Origin',(-100.,-3.96683752243357,6.4761955616527));
#6475=CARTESIAN_POINT('',(-100.,-3.96683752243357,6.4761955616527));
#6476=CARTESIAN_POINT('',(-126.,-3.96683752243357,6.4761955616527));
#6477=CARTESIAN_POINT('Origin',(-126.,-5.55111512312578E-16,4.00467901960956));
#6478=CARTESIAN_POINT('Origin',(-100.,-5.55111512312578E-16,4.00467901960956));
#6479=CARTESIAN_POINT('',(0.,0.,0.));
#6480=CARTESIAN_POINT('Origin',(-106.4,0.,1.9761955616527));
#6481=CARTESIAN_POINT('',(-105.4,-2.44929359829471E-16,3.9761955616527));
#6482=CARTESIAN_POINT('Origin',(-105.4,0.,1.9761955616527));
#6483=CARTESIAN_POINT('',(-106.4,-3.67394039744206E-16,4.9761955616527));
#6484=CARTESIAN_POINT('Origin',(-106.4,-2.44929359829471E-16,3.9761955616527));
#6485=CARTESIAN_POINT('',(-106.4,-3.,1.9761955616527));
#6486=CARTESIAN_POINT('Origin',(-106.4,0.,1.9761955616527));
#6487=CARTESIAN_POINT('Origin',(-106.4,0.,1.9761955616527));
#6488=CARTESIAN_POINT('Origin',(-125.4,0.,1.9761955616527));
#6489=CARTESIAN_POINT('',(-125.4,-3.,1.9761955616527));
#6490=CARTESIAN_POINT('',(-125.4,-3.,1.9761955616527));
#6491=CARTESIAN_POINT('Origin',(-125.4,0.,1.9761955616527));
#6492=CARTESIAN_POINT('Origin',(-105.4,0.,1.9761955616527));
#6493=CARTESIAN_POINT('Origin',(-125.4,0.,1.9761955616527));
#6494=CARTESIAN_POINT('',(0.,0.,0.));
#6495=CARTESIAN_POINT('Origin',(-148.,0.499999999999997,6.5));
#6496=CARTESIAN_POINT('',(-148.,0.499999999999997,6.5));
#6497=CARTESIAN_POINT('',(-148.,0.499999999999997,5.5));
#6498=CARTESIAN_POINT('',(-148.,0.499999999999998,6.75));
#6499=CARTESIAN_POINT('',(-148.7,0.499999999999997,6.5));
#6500=CARTESIAN_POINT('',(-148.,0.499999999999997,6.5));
#6501=CARTESIAN_POINT('',(-148.7,0.499999999999997,5.5));
#6502=CARTESIAN_POINT('',(-148.7,0.499999999999997,5.5));
#6503=CARTESIAN_POINT('',(-148.,0.499999999999997,5.5));
#6504=CARTESIAN_POINT('Origin',(-148.,-0.499999999999996,6.5));
#6505=CARTESIAN_POINT('',(-148.,-0.499999999999996,6.5));
#6506=CARTESIAN_POINT('',(-148.,0.250000000000001,6.5));
#6507=CARTESIAN_POINT('',(-148.7,-0.499999999999996,6.5));
#6508=CARTESIAN_POINT('',(-148.,-0.499999999999996,6.5));
#6509=CARTESIAN_POINT('',(-148.7,0.499999999999997,6.5));
#6510=CARTESIAN_POINT('Origin',(-148.,-0.499999999999996,5.5));
#6511=CARTESIAN_POINT('',(-148.,-0.499999999999996,5.5));
#6512=CARTESIAN_POINT('',(-148.,-0.499999999999996,6.25));
#6513=CARTESIAN_POINT('',(-148.7,-0.499999999999996,5.5));
#6514=CARTESIAN_POINT('',(-148.,-0.499999999999996,5.5));
#6515=CARTESIAN_POINT('',(-148.7,-0.499999999999996,6.5));
#6516=CARTESIAN_POINT('Origin',(-148.,0.499999999999997,5.5));
#6517=CARTESIAN_POINT('',(-148.,0.749999999999997,5.5));
#6518=CARTESIAN_POINT('',(-148.7,-0.499999999999996,5.5));
#6519=CARTESIAN_POINT('Origin',(-148.7,6.24500451351651E-16,6.));
#6520=CARTESIAN_POINT('Origin',(-218.873080185208,-7.105427357601E-14,7.));
#6521=CARTESIAN_POINT('',(-155.442093396541,0.999999999999996,7.));
#6522=CARTESIAN_POINT('',(-284.373404899583,1.,7.));
#6523=CARTESIAN_POINT('',(-155.442093396541,0.999999999999991,7.));
#6524=CARTESIAN_POINT('',(-255.232805908685,78.7682215084386,7.));
#6525=CARTESIAN_POINT('Origin',(-349.814720618354,69.8653337826849,7.));
#6526=CARTESIAN_POINT('Origin',(-333.575366488159,-124.66836124366,7.));
#6527=CARTESIAN_POINT('Origin',(-349.814720618368,-69.8653337826896,7.));
#6528=CARTESIAN_POINT('',(-255.469507659596,-81.,7.));
#6529=CARTESIAN_POINT('',(-255.232805908686,-78.7682215084388,7.));
#6530=CARTESIAN_POINT('Origin',(-349.814720618368,-69.8653337826896,7.));
#6531=CARTESIAN_POINT('',(-255.469507659596,-81.,8.));
#6532=CARTESIAN_POINT('',(-255.469507659596,-81.,7.));
#6533=CARTESIAN_POINT('',(-285.442093396541,5.32907051820075E-14,8.));
#6534=CARTESIAN_POINT('Origin',(-349.814720618368,-69.8653337826896,8.));
#6535=CARTESIAN_POINT('',(-285.442093396541,5.32907051820075E-14,7.));
#6536=CARTESIAN_POINT('',(-285.442093396541,5.32907051820075E-14,7.));
#6537=CARTESIAN_POINT('',(-284.373404899583,-1.,7.));
#6538=CARTESIAN_POINT('Origin',(-349.814720618368,-69.8653337826896,7.));
#6539=CARTESIAN_POINT('Origin',(-349.814720618368,-69.8653337826896,7.));
#6540=CARTESIAN_POINT('Origin',(-349.814720618354,69.8653337826849,7.));
#6541=CARTESIAN_POINT('Origin',(-349.814720618354,69.8653337826849,7.));
#6542=CARTESIAN_POINT('',(-255.469507659596,80.9999999999999,8.));
#6543=CARTESIAN_POINT('Origin',(-349.814720618354,69.8653337826849,8.));
#6544=CARTESIAN_POINT('',(-255.469507659596,81.,7.));
#6545=CARTESIAN_POINT('',(-255.469507659596,80.9999999999999,7.));
#6546=CARTESIAN_POINT('Origin',(-349.814720618354,69.8653337826849,7.));
#6547=CARTESIAN_POINT('Origin',(-152.304066973875,-4.71497840770496E-14,
7.));
#6548=CARTESIAN_POINT('',(-153.,0.999999999999979,7.));
#6549=CARTESIAN_POINT('',(-152.304066973875,-4.71497840770496E-14,7.));
#6550=CARTESIAN_POINT('',(-162.813442354701,15.1011304052459,7.));
#6551=CARTESIAN_POINT('',(-153.,0.999999999999943,8.));
#6552=CARTESIAN_POINT('',(-153.,0.999999999999943,7.));
#6553=CARTESIAN_POINT('',(-152.304066973875,-4.71844785465692E-14,8.));
#6554=CARTESIAN_POINT('',(-152.304066973875,-4.71497840770496E-14,8.));
#6555=CARTESIAN_POINT('',(-152.304066973875,-4.71497840770496E-14,7.));
#6556=CARTESIAN_POINT('Origin',(-153.,-1.00000000000012,7.));
#6557=CARTESIAN_POINT('',(-153.,-0.999999999999995,7.));
#6558=CARTESIAN_POINT('',(-163.161408867763,-15.6011304052461,7.));
#6559=CARTESIAN_POINT('',(-153.,-1.00000000000012,8.));
#6560=CARTESIAN_POINT('',(-153.,-1.00000000000012,8.));
#6561=CARTESIAN_POINT('',(-153.,-1.00000000000012,7.));
#6562=CARTESIAN_POINT('Origin',(-218.873080185208,-7.105427357601E-14,8.));
#6563=CARTESIAN_POINT('Origin',(-333.575366488159,-124.66836124366,8.));
#6564=CARTESIAN_POINT('Origin',(-333.575366488159,124.66836124366,8.));
#6565=CARTESIAN_POINT('Origin',(-218.873080185208,-7.105427357601E-14,7.));
#6566=CARTESIAN_POINT('',(-155.442093396541,-0.999999999999989,7.));
#6567=CARTESIAN_POINT('Origin',(-333.575366488159,124.66836124366,7.));
#6568=CARTESIAN_POINT('',(-155.442093396541,-0.999999999999989,7.));
#6569=CARTESIAN_POINT('Origin',(-216.721046698271,0.,7.));
#6570=CARTESIAN_POINT('',(-285.442093396541,-0.999999999999999,7.));
#6571=CARTESIAN_POINT('',(-285.442093396541,1.,7.));
#6572=CARTESIAN_POINT('',(-155.442093396541,-0.999999999999989,7.));
#6573=CARTESIAN_POINT('Origin',(-216.721046698271,0.,7.));
#6574=CARTESIAN_POINT('',(-256.179560921674,79.1302876250575,7.));
#6575=CARTESIAN_POINT('',(-255.469507659596,81.,7.));
#6576=CARTESIAN_POINT('Origin',(-333.575366488159,-124.66836124366,7.));
#6577=CARTESIAN_POINT('Origin',(-216.721046698271,0.,7.));
#6578=CARTESIAN_POINT('',(-285.442093396541,1.,7.));
#6579=CARTESIAN_POINT('',(-155.442093396541,0.999999999999991,7.));
#6580=CARTESIAN_POINT('',(-285.442093396541,1.,7.));
#6581=CARTESIAN_POINT('Origin',(-216.721046698271,0.,7.));
#6582=CARTESIAN_POINT('',(-148.,-0.999999999999996,7.));
#6583=CARTESIAN_POINT('',(-148.,-0.999999999999996,7.));
#6584=CARTESIAN_POINT('',(-148.,0.999999999999998,7.));
#6585=CARTESIAN_POINT('',(-148.,0.999999999999998,7.));
#6586=CARTESIAN_POINT('',(-148.,0.999999999999998,7.));
#6587=CARTESIAN_POINT('Origin',(-148.,-0.999999999999996,7.));
#6588=CARTESIAN_POINT('',(-153.,-0.999999999999996,5.));
#6589=CARTESIAN_POINT('',(-153.,-0.999999999999995,7.));
#6590=CARTESIAN_POINT('',(-148.,-0.999999999999996,5.));
#6591=CARTESIAN_POINT('',(-148.,-0.999999999999996,5.));
#6592=CARTESIAN_POINT('',(-148.,-0.999999999999996,7.));
#6593=CARTESIAN_POINT('Origin',(-148.,0.999999999999998,7.));
#6594=CARTESIAN_POINT('',(-148.,0.999999999999996,5.));
#6595=CARTESIAN_POINT('',(-148.,0.999999999999998,5.));
#6596=CARTESIAN_POINT('',(-148.,0.999999999999998,7.));
#6597=CARTESIAN_POINT('Origin',(-153.,0.999999999999997,7.));
#6598=CARTESIAN_POINT('',(-153.,0.999999999999979,5.));
#6599=CARTESIAN_POINT('',(-148.,0.999999999999998,5.));
#6600=CARTESIAN_POINT('',(-153.,0.999999999999979,7.));
#6601=CARTESIAN_POINT('Origin',(-333.575366488159,-124.66836124366,7.));
#6602=CARTESIAN_POINT('',(-255.469507659596,81.,5.));
#6603=CARTESIAN_POINT('Origin',(-333.575366488159,-124.66836124366,5.));
#6604=CARTESIAN_POINT('',(-255.469507659596,81.,7.));
#6605=CARTESIAN_POINT('Origin',(-256.179560921674,79.1302876250576,7.));
#6606=CARTESIAN_POINT('',(-256.179560921674,79.1302876250575,5.));
#6607=CARTESIAN_POINT('',(-255.469507659596,81.,5.));
#6608=CARTESIAN_POINT('',(-256.179560921674,79.1302876250575,7.));
#6609=CARTESIAN_POINT('Origin',(-333.575366488159,-124.66836124366,7.));
#6610=CARTESIAN_POINT('',(-155.442093396541,0.999999999999996,5.));
#6611=CARTESIAN_POINT('Origin',(-333.575366488159,-124.66836124366,5.));
#6612=CARTESIAN_POINT('',(-155.442093396541,0.999999999999996,7.));
#6613=CARTESIAN_POINT('Origin',(-285.442093396541,1.,7.));
#6614=CARTESIAN_POINT('',(-285.442093396541,0.999999999999996,5.));
#6615=CARTESIAN_POINT('',(-155.442093396541,0.999999999999991,5.));
#6616=CARTESIAN_POINT('',(-285.442093396541,1.,7.));
#6617=CARTESIAN_POINT('Origin',(-285.442093396541,-0.999999999999999,7.));
#6618=CARTESIAN_POINT('',(-285.442093396541,-0.999999999999996,5.));
#6619=CARTESIAN_POINT('',(-285.442093396541,1.,5.));
#6620=CARTESIAN_POINT('',(-285.442093396541,-0.999999999999999,7.));
#6621=CARTESIAN_POINT('Origin',(-155.442093396541,-0.999999999999989,7.));
#6622=CARTESIAN_POINT('',(-155.442093396541,-0.999999999999996,5.));
#6623=CARTESIAN_POINT('',(-155.442093396541,-0.999999999999989,5.));
#6624=CARTESIAN_POINT('',(-155.442093396541,-0.999999999999989,7.));
#6625=CARTESIAN_POINT('Origin',(-333.575366488159,124.66836124366,7.));
#6626=CARTESIAN_POINT('',(-256.179560921674,-79.1302876250576,7.));
#6627=CARTESIAN_POINT('Origin',(-333.575366488159,124.66836124366,7.));
#6628=CARTESIAN_POINT('',(-256.179560921674,-79.1302876250576,5.));
#6629=CARTESIAN_POINT('Origin',(-333.575366488159,124.66836124366,5.));
#6630=CARTESIAN_POINT('',(-256.179560921674,-79.1302876250576,7.));
#6631=CARTESIAN_POINT('Origin',(-255.469507659596,-81.,7.));
#6632=CARTESIAN_POINT('',(-255.469507659596,-81.,7.));
#6633=CARTESIAN_POINT('',(-255.469507659596,-81.,5.));
#6634=CARTESIAN_POINT('',(-255.469507659596,-81.,5.));
#6635=CARTESIAN_POINT('',(-255.469507659596,-81.,7.));
#6636=CARTESIAN_POINT('Origin',(-333.575366488159,124.66836124366,7.));
#6637=CARTESIAN_POINT('Origin',(-333.575366488159,124.66836124366,5.));
#6638=CARTESIAN_POINT('Origin',(-216.721046698271,0.,7.));
#6639=CARTESIAN_POINT('Origin',(-216.721046698271,0.,5.));
#6640=CARTESIAN_POINT('',(0.,0.,0.));
#6641=CARTESIAN_POINT('Origin',(-4.,15.9662665261486,32.8404761128663));
#6642=CARTESIAN_POINT('',(-2.,16.6384500555953,31.2516102292422));
#6643=CARTESIAN_POINT('',(-4.,16.6384500555953,31.2516102292422));
#6644=CARTESIAN_POINT('',(-2.,16.6384500555953,31.2516102292422));
#6645=CARTESIAN_POINT('',(-2.,16.745518032095,30.9985295635658));
#6646=CARTESIAN_POINT('',(-2.,15.9662665261486,32.8404761128663));
#6647=CARTESIAN_POINT('',(-4.,16.745518032095,30.9985295635658));
#6648=CARTESIAN_POINT('',(-4.,16.745518032095,30.9985295635658));
#6649=CARTESIAN_POINT('',(-4.,15.9662665261486,32.8404761128663));
#6650=CARTESIAN_POINT('Origin',(-67.0652492602417,88.3295311940927,63.4543845289949));
#6651=CARTESIAN_POINT('',(-4.,19.2780305813707,34.2415466967825));
#6652=CARTESIAN_POINT('',(-4.,18.8629115658924,34.0659269872522));
#6653=CARTESIAN_POINT('',(-4.,53.006194635678,48.5105398128453));
#6654=CARTESIAN_POINT('',(-2.33378072304572,19.2780305813708,34.2415466967825));
#6655=CARTESIAN_POINT('',(-2.,19.2780305813707,34.2415466967825));
#6656=CARTESIAN_POINT('',(-12.,68.595468397008,55.1057176478045));
#6657=CARTESIAN_POINT('Origin',(47.6584524502402,53.0512221926381,48.529589112394));
#6658=CARTESIAN_POINT('',(-132.,175.428368256441,100.302304992695));
#6659=CARTESIAN_POINT('Origin',(-150.127408865792,47.5775159994101,46.2138901059268));
#6660=CARTESIAN_POINT('',(-132.130498520483,173.586421707141,99.5230534867482));
#6661=CARTESIAN_POINT('',(-132.,175.428368256441,100.302304992695));
#6662=CARTESIAN_POINT('',(-14.0458996796749,68.6961954490387,55.1483311031267));
#6663=CARTESIAN_POINT('Origin',(-150.127408865792,47.5775159994101,46.2138901059268));
#6664=CARTESIAN_POINT('',(-8.24897189148265,24.362351680232,36.3925129528376));
#6665=CARTESIAN_POINT('Origin',(47.6584524502402,53.0512221926381,48.529589112394));
#6666=CARTESIAN_POINT('',(-115.,73.5270961917916,57.1920856736907));
#6667=CARTESIAN_POINT('Origin',(-183.981703188167,-176.397162955597,-48.5405455946205));
#6668=CARTESIAN_POINT('',(-115.285556986679,71.6933444059962,56.4163010337099));
#6669=CARTESIAN_POINT('',(-115.,73.5270961917916,57.1920856736907));
#6670=CARTESIAN_POINT('',(-5.65001447456536,20.0138755033889,34.5528522902284));
#6671=CARTESIAN_POINT('Origin',(-183.981703188167,-176.397162955597,-48.5405455946205));
#6672=CARTESIAN_POINT('',(-28.0772829002209,3.91693715573905,27.742902537183));
#6673=CARTESIAN_POINT('',(-28.0772829002209,3.91693715573905,27.742902537183));
#6674=CARTESIAN_POINT('',(-92.,29.3203790085778,38.4900495309776));
#6675=CARTESIAN_POINT('Origin',(-95.4850253638704,-59.0347778674974,1.11063204464804));
#6676=CARTESIAN_POINT('',(-92.0365055127374,27.4784324592772,37.7107980250312));
#6677=CARTESIAN_POINT('',(-92.0365055127374,27.4784324592772,37.7107980250312));
#6678=CARTESIAN_POINT('',(-30.,3.07264068104461,27.3857155712417));
#6679=CARTESIAN_POINT('Origin',(-95.4850253638704,-59.0347778674974,1.11063204464804));
#6680=CARTESIAN_POINT('',(-30.,1.23069413174404,26.6064640652953));
#6681=CARTESIAN_POINT('',(-30.,1.23069413174404,26.6064640652953));
#6682=CARTESIAN_POINT('',(-2.,1.23069413174404,26.6064640652953));
#6683=CARTESIAN_POINT('',(-2.,1.23069413174404,26.6064640652953));
#6684=CARTESIAN_POINT('',(-2.,15.9662665261486,32.8404761128663));
#6685=CARTESIAN_POINT('',(-2.,15.9662665261486,32.8404761128663));
#6686=CARTESIAN_POINT('',(-4.,15.9662665261486,32.8404761128663));
#6687=CARTESIAN_POINT('',(-4.,15.9662665261486,32.8404761128663));
#6688=CARTESIAN_POINT('',(-4.,3.07264068104461,27.3857155712417));
#6689=CARTESIAN_POINT('',(-4.,15.9662665261486,32.8404761128663));
#6690=CARTESIAN_POINT('',(-26.,3.07264068104462,27.3857155712417));
#6691=CARTESIAN_POINT('',(-4.,3.07264068104461,27.3857155712417));
#6692=CARTESIAN_POINT('',(-4.,18.8629115658924,34.0659269872522));
#6693=CARTESIAN_POINT('Origin',(47.6584524502402,53.0512221926381,48.529589112394));
#6694=CARTESIAN_POINT('',(-2.33378072304566,20.0572820873171,32.3996001474818));
#6695=CARTESIAN_POINT('Ctrl Pts',(-2.33378072304566,20.0572820873171,32.3996001474818));
#6696=CARTESIAN_POINT('Ctrl Pts',(-2.36265597418801,20.0669705103295,32.4777304671412));
#6697=CARTESIAN_POINT('Ctrl Pts',(-2.38890482984425,20.0721601921759,32.5575559100447));
#6698=CARTESIAN_POINT('Ctrl Pts',(-2.48877589467472,20.0734951935867,32.9054077905522));
#6699=CARTESIAN_POINT('Ctrl Pts',(-2.5292314540273,20.0176291870242,33.1810383648993));
#6700=CARTESIAN_POINT('Ctrl Pts',(-2.5292314540273,19.9144303795371,33.4249733279917));
#6701=CARTESIAN_POINT('Ctrl Pts',(-2.5292314540273,19.8177578946748,33.6534817730133));
#6702=CARTESIAN_POINT('Ctrl Pts',(-2.4936389638498,19.6711208843404,33.8738065182259));
#6703=CARTESIAN_POINT('Ctrl Pts',(-2.39898444679416,19.4252968336457,34.1219453065535));
#6704=CARTESIAN_POINT('Ctrl Pts',(-2.36819989114526,19.3529101029163,34.1849798608127));
#6705=CARTESIAN_POINT('Ctrl Pts',(-2.33378072304571,19.2780305813708,34.2415466967824));
#6706=CARTESIAN_POINT('',(-12.,69.3747199029544,53.2637710985039));
#6707=CARTESIAN_POINT('Origin',(47.6584524502402,53.8304736985845,46.6876425630934));
#6708=CARTESIAN_POINT('',(-12.,68.595468397008,55.1057176478045));
#6709=CARTESIAN_POINT('Origin',(-2.,1.23069413174404,26.6064640652953));
#6710=CARTESIAN_POINT('',(-2.,1.24973143892984,26.5614648551413));
#6711=CARTESIAN_POINT('',(-4.,1.24973143892984,26.5614648551413));
#6712=CARTESIAN_POINT('',(-2.,1.24973143892984,26.5614648551413));
#6713=CARTESIAN_POINT('',(-2.,1.23069413174404,26.6064640652953));
#6714=CARTESIAN_POINT('',(-30.,2.00994563769041,24.7645175159947));
#6715=CARTESIAN_POINT('',(-30.,1.23069413174404,26.6064640652953));
#6716=CARTESIAN_POINT('',(-2.,2.00994563769041,24.7645175159947));
#6717=CARTESIAN_POINT('',(-2.,2.00994563769041,24.7645175159947));
#6718=CARTESIAN_POINT('',(-2.,1.99090833050462,24.8095167261486));
#6719=CARTESIAN_POINT('',(-2.,1.23069413174404,26.6064640652953));
#6720=CARTESIAN_POINT('',(-4.,1.99090833050462,24.8095167261486));
#6721=CARTESIAN_POINT('',(-2.,1.99090833050462,24.8095167261486));
#6722=CARTESIAN_POINT('',(-4.,1.42550700823064,26.1459774279701));
#6723=CARTESIAN_POINT('',(-26.,1.24973143892985,26.5614648551413));
#6724=CARTESIAN_POINT('',(-28.,1.24973143892985,26.5614648551413));
#6725=CARTESIAN_POINT('',(-28.,1.24973143892985,26.5614648551413));
#6726=CARTESIAN_POINT('',(-26.,1.99090833050462,24.8095167261487));
#6727=CARTESIAN_POINT('',(-26.,1.42550700823064,26.1459774279701));
#6728=CARTESIAN_POINT('',(-28.,1.99090833050462,24.8095167261487));
#6729=CARTESIAN_POINT('',(-28.,1.99090833050462,24.8095167261487));
#6730=CARTESIAN_POINT('',(-28.,1.42550700823064,26.1459774279701));
#6731=CARTESIAN_POINT('Origin',(-132.130498520483,173.586421707141,99.5230534867482));
#6732=CARTESIAN_POINT('',(-132.,176.207619762388,98.460358443394));
#6733=CARTESIAN_POINT('',(-132.,175.428368256441,100.302304992695));
#6734=CARTESIAN_POINT('',(-132.130498520483,174.365673213087,97.6811069374476));
#6735=CARTESIAN_POINT('',(-132.,176.207619762388,98.460358443394));
#6736=CARTESIAN_POINT('',(-132.130498520483,173.586421707141,99.5230534867482));
#6737=CARTESIAN_POINT('Origin',(-150.127408865792,47.5775159994101,46.2138901059268));
#6738=CARTESIAN_POINT('',(-14.0458996796749,69.4754469549851,53.3063845538261));
#6739=CARTESIAN_POINT('Origin',(-150.127408865792,48.3567675053565,44.3719435566262));
#6740=CARTESIAN_POINT('',(-14.0458996796749,68.6961954490387,55.1483311031267));
#6741=CARTESIAN_POINT('Origin',(47.6584524502402,53.0512221926381,48.529589112394));
#6742=CARTESIAN_POINT('',(-8.24897189148265,25.1416031861784,34.550566403537));
#6743=CARTESIAN_POINT('Origin',(47.6584524502402,53.8304736985845,46.6876425630934));
#6744=CARTESIAN_POINT('',(-8.24897189148265,24.362351680232,36.3925129528376));
#6745=CARTESIAN_POINT('Origin',(-183.981703188167,-176.397162955597,-48.5405455946205));
#6746=CARTESIAN_POINT('',(-115.,74.306347697738,55.3501391243901));
#6747=CARTESIAN_POINT('Origin',(-183.981703188167,-175.617911449651,-50.3824921439211));
#6748=CARTESIAN_POINT('',(-115.,73.5270961917916,57.1920856736907));
#6749=CARTESIAN_POINT('Origin',(-115.285556986679,71.6933444059962,56.4163010337099));
#6750=CARTESIAN_POINT('',(-115.285556986679,72.4725959119425,54.5743544844094));
#6751=CARTESIAN_POINT('',(-115.,74.306347697738,55.3501391243901));
#6752=CARTESIAN_POINT('',(-115.285556986679,71.6933444059962,56.4163010337099));
#6753=CARTESIAN_POINT('Origin',(-183.981703188167,-176.397162955597,-48.5405455946205));
#6754=CARTESIAN_POINT('',(-5.65001447456536,20.7931270093352,32.7109057409278));
#6755=CARTESIAN_POINT('Origin',(-183.981703188167,-175.617911449651,-50.3824921439211));
#6756=CARTESIAN_POINT('',(-5.65001447456536,20.0138755033889,34.5528522902284));
#6757=CARTESIAN_POINT('Origin',(-28.0772829002209,3.91693715573905,27.742902537183));
#6758=CARTESIAN_POINT('',(-28.0772829002209,4.69618866168541,25.9009559878825));
#6759=CARTESIAN_POINT('',(-28.0772829002209,4.69618866168542,25.9009559878825));
#6760=CARTESIAN_POINT('',(-28.0772829002209,3.91693715573905,27.742902537183));
#6761=CARTESIAN_POINT('Origin',(-95.4850253638704,-59.0347778674974,1.11063204464804));
#6762=CARTESIAN_POINT('',(-92.,30.0996305145242,36.648102981677));
#6763=CARTESIAN_POINT('Origin',(-95.4850253638704,-58.2555263615511,-0.731314504652545));
#6764=CARTESIAN_POINT('',(-92.,29.3203790085778,38.4900495309776));
#6765=CARTESIAN_POINT('Origin',(-92.0365055127374,27.4784324592772,37.7107980250312));
#6766=CARTESIAN_POINT('',(-92.0365055127374,28.2576839652236,35.8688514757306));
#6767=CARTESIAN_POINT('',(-92.0365055127374,28.2576839652236,35.8688514757306));
#6768=CARTESIAN_POINT('',(-92.0365055127374,27.4784324592772,37.7107980250312));
#6769=CARTESIAN_POINT('Origin',(-95.4850253638704,-59.0347778674974,1.11063204464804));
#6770=CARTESIAN_POINT('',(-30.,3.85189218699098,25.5437690219411));
#6771=CARTESIAN_POINT('Origin',(-95.4850253638704,-58.2555263615511,-0.731314504652545));
#6772=CARTESIAN_POINT('',(-30.,3.07264068104461,27.3857155712417));
#6773=CARTESIAN_POINT('Origin',(-30.,1.23069413174404,26.6064640652953));
#6774=CARTESIAN_POINT('',(-30.,2.00994563769041,24.7645175159947));
#6775=CARTESIAN_POINT('Origin',(-4.,15.9662665261486,32.8404761128663));
#6776=CARTESIAN_POINT('',(-4.,16.0733345026484,32.5873954471899));
#6777=CARTESIAN_POINT('',(-2.,16.0733345026484,32.5873954471899));
#6778=CARTESIAN_POINT('',(-2.,16.0733345026484,32.5873954471899));
#6779=CARTESIAN_POINT('',(-4.,15.9662665261486,32.8404761128663));
#6780=CARTESIAN_POINT('',(-2.,15.9662665261486,32.8404761128663));
#6781=CARTESIAN_POINT('Origin',(-26.,3.07264068104462,27.3857155712417));
#6782=CARTESIAN_POINT('',(-4.,3.85189218699098,25.5437690219411));
#6783=CARTESIAN_POINT('',(-4.,3.07264068104461,27.3857155712417));
#6784=CARTESIAN_POINT('',(-26.,3.85189218699099,25.5437690219411));
#6785=CARTESIAN_POINT('',(-4.,3.85189218699098,25.5437690219411));
#6786=CARTESIAN_POINT('',(-26.,3.07264068104462,27.3857155712417));
#6787=CARTESIAN_POINT('Origin',(-4.,18.8629115658924,34.0659269872522));
#6788=CARTESIAN_POINT('',(-4.,19.6421630718388,32.2239804379517));
#6789=CARTESIAN_POINT('',(-4.,19.6421630718388,32.2239804379517));
#6790=CARTESIAN_POINT('',(-4.,19.057724442379,33.6054403499271));
#6791=CARTESIAN_POINT('Origin',(-150.127408865792,47.5775159994101,46.2138901059268));
#6792=CARTESIAN_POINT('Origin',(-150.127408865792,48.3567675053565,44.3719435566262));
#6793=CARTESIAN_POINT('Origin',(-67.0652492602417,89.1087827000391,61.6124379796943));
#6794=CARTESIAN_POINT('',(-4.,20.0572820873171,32.3996001474819));
#6795=CARTESIAN_POINT('',(-4.,53.7854461416244,46.6685932635447));
#6796=CARTESIAN_POINT('',(-4.,16.745518032095,30.9985295635658));
#6797=CARTESIAN_POINT('',(-2.,16.745518032095,30.9985295635658));
#6798=CARTESIAN_POINT('',(-2.,20.0572820873171,32.3996001474819));
#6799=CARTESIAN_POINT('Origin',(-26.,0.,25.0000003725));
#6800=CARTESIAN_POINT('Origin',(-26.,0.,25.0000003725));
#6801=CARTESIAN_POINT('',(-26.,1.,25.0000003725));
#6802=CARTESIAN_POINT('Origin',(-26.,0.,25.0000003725));
#6803=CARTESIAN_POINT('Origin',(-28.,0.,25.0000003725));
#6804=CARTESIAN_POINT('Origin',(-28.,0.,25.0000003725));
#6805=CARTESIAN_POINT('Origin',(-28.,0.,25.0000003725));
#6806=CARTESIAN_POINT('',(-28.,1.,25.0000003725));
#6807=CARTESIAN_POINT('',(-28.,1.,25.0000003725));
#6808=CARTESIAN_POINT('Origin',(-28.,0.,25.0000003725));
#6809=CARTESIAN_POINT('Origin',(-28.,0.,25.0000003725));
#6810=CARTESIAN_POINT('Origin',(-2.,18.0724838302366,32.6457218220453));
#6811=CARTESIAN_POINT('Origin',(-2.,18.0724838302366,32.6457218220453));
#6812=CARTESIAN_POINT('Origin',(-4.,18.0724838302366,32.6457218220453));
#6813=CARTESIAN_POINT('Origin',(-4.,18.0724838302366,32.6457218220453));
#6814=CARTESIAN_POINT('Origin',(-2.,18.0724838302366,32.6457218220453));
#6815=CARTESIAN_POINT('',(-4.,19.0724838302366,32.6457218220453));
#6816=CARTESIAN_POINT('Origin',(-4.,18.0724838302366,32.6457218220453));
#6817=CARTESIAN_POINT('',(-2.,19.0724838302366,32.6457218220453));
#6818=CARTESIAN_POINT('',(-2.,19.0724838302366,32.6457218220453));
#6819=CARTESIAN_POINT('Origin',(-2.,18.0724838302366,32.6457218220453));
#6820=CARTESIAN_POINT('Origin',(-4.,18.0724838302366,32.6457218220453));
#6821=CARTESIAN_POINT('Origin',(-4.,0.,25.0000003725));
#6822=CARTESIAN_POINT('Origin',(-4.,0.,25.0000003725));
#6823=CARTESIAN_POINT('',(-4.,1.,25.0000003725));
#6824=CARTESIAN_POINT('Origin',(-4.,0.,25.0000003725));
#6825=CARTESIAN_POINT('Origin',(-2.,0.,25.0000003725));
#6826=CARTESIAN_POINT('Origin',(-2.,0.,25.0000003725));
#6827=CARTESIAN_POINT('Origin',(-2.,0.,25.0000003725));
#6828=CARTESIAN_POINT('',(-2.,1.,25.0000003725));
#6829=CARTESIAN_POINT('',(-2.,1.,25.0000003725));
#6830=CARTESIAN_POINT('Origin',(-2.,0.,25.0000003725));
#6831=CARTESIAN_POINT('Origin',(-2.,0.,25.0000003725));
#6832=CARTESIAN_POINT('Origin',(-172.394508356417,118.009077035457,73.8389588261975));
#6833=CARTESIAN_POINT('',(-132.,176.207619762388,98.460358443394));
#6834=CARTESIAN_POINT('',(-115.14277849334,73.3894718048403,54.9622468043998));
#6835=CARTESIAN_POINT('Origin',(-172.394508356417,118.009077035457,73.8389588261975));
#6836=CARTESIAN_POINT('',(-132.,176.285544912982,98.276163788464));
#6837=CARTESIAN_POINT('',(-132.,176.207619762388,98.460358443394));
#6838=CARTESIAN_POINT('',(-115.14277849334,73.467396955435,54.7780521494697));
#6839=CARTESIAN_POINT('Origin',(-172.394508356417,118.087002186051,73.6547641712674));
#6840=CARTESIAN_POINT('',(-115.14277849334,73.3894718048403,54.9622468043998));
#6841=CARTESIAN_POINT('Origin',(-146.884357522482,32.0227788233251,37.4617075981413));
#6842=CARTESIAN_POINT('',(-92.0365055127374,28.2576839652236,35.8688514757306));
#6843=CARTESIAN_POINT('Origin',(-146.884357522482,32.0227788233251,37.4617075981413));
#6844=CARTESIAN_POINT('',(-92.0365055127374,28.3356091158183,35.6846568208006));
#6845=CARTESIAN_POINT('Origin',(-146.884357522482,32.1007039739197,37.2775129432112));
#6846=CARTESIAN_POINT('',(-92.0365055127374,28.2576839652236,35.8688514757306));
#6847=CARTESIAN_POINT('Origin',(-95.4850253638704,-58.2555263615511,-0.731314504652598));
#6848=CARTESIAN_POINT('',(-30.,3.85189218699098,25.5437690219411));
#6849=CARTESIAN_POINT('Origin',(-95.4850253638704,-58.2555263615511,-0.731314504652598));
#6850=CARTESIAN_POINT('',(-30.,3.9298173375856,25.359574367011));
#6851=CARTESIAN_POINT('Origin',(-95.4850253638704,-58.1776012109565,-0.915509159582637));
#6852=CARTESIAN_POINT('',(-30.,3.85189218699098,25.5437690219411));
#6853=CARTESIAN_POINT('Origin',(-4.,3.85189218699098,25.5437690219411));
#6854=CARTESIAN_POINT('',(-4.,3.85189218699098,25.5437690219411));
#6855=CARTESIAN_POINT('',(-26.,3.85189218699099,25.5437690219411));
#6856=CARTESIAN_POINT('',(-4.,3.9298173375856,25.359574367011));
#6857=CARTESIAN_POINT('',(-26.,3.92981733758563,25.359574367011));
#6858=CARTESIAN_POINT('',(-4.,3.85189218699098,25.5437690219411));
#6859=CARTESIAN_POINT('Origin',(-4.,20.0572820873171,32.3996001474819));
#6860=CARTESIAN_POINT('',(-4.,20.0572820873171,32.3996001474819));
#6861=CARTESIAN_POINT('',(-4.,16.745518032095,30.9985295635658));
#6862=CARTESIAN_POINT('',(-4.,20.1352072379118,32.2154054925519));
#6863=CARTESIAN_POINT('',(-4.,16.8234431826897,30.8143349086357));
#6864=CARTESIAN_POINT('',(-4.,20.0572820873171,32.3996001474819));
#6865=CARTESIAN_POINT('Origin',(-2.33378072304566,20.0572820873171,32.3996001474819));
#6866=CARTESIAN_POINT('',(-2.33378072304566,20.0572820873171,32.3996001474819));
#6867=CARTESIAN_POINT('',(-2.33378072304566,20.0572820873171,32.3996001474819));
#6868=CARTESIAN_POINT('',(-2.33378072304566,20.1352072379117,32.2154054925518));
#6869=CARTESIAN_POINT('',(-2.33378072304566,20.1352072379117,32.2154054925519));
#6870=CARTESIAN_POINT('',(-2.33378072304566,20.0572820873171,32.3996001474819));
#6871=CARTESIAN_POINT('Origin',(47.6584524502402,53.8304736985845,46.6876425630934));
#6872=CARTESIAN_POINT('',(-12.,69.3747199029544,53.263771098504));
#6873=CARTESIAN_POINT('Origin',(47.6584524502402,53.8304736985845,46.6876425630934));
#6874=CARTESIAN_POINT('',(-12.,69.452645053549,53.0795764435739));
#6875=CARTESIAN_POINT('Origin',(47.6584524502402,53.9083988491792,46.5034479081634));
#6876=CARTESIAN_POINT('',(-12.,69.3747199029544,53.263771098504));
#6877=CARTESIAN_POINT('Origin',(-150.127408865792,48.3567675053565,44.3719435566262));
#6878=CARTESIAN_POINT('Origin',(-150.127408865792,48.3567675053565,44.3719435566262));
#6879=CARTESIAN_POINT('Origin',(-150.127408865792,48.4346926559511,44.1877489016962));
#6880=CARTESIAN_POINT('Origin',(-67.1668903615228,90.107681125284,61.8178690777375));
#6881=CARTESIAN_POINT('Origin',(-67.1668903615228,90.0297559746894,62.0020637326676));
#6882=CARTESIAN_POINT('',(0.,0.,0.));
#6883=CARTESIAN_POINT('Origin',(-4.,15.9662665261486,-32.8404761128663));
#6884=CARTESIAN_POINT('',(-2.,16.6384500555953,-31.2516102292422));
#6885=CARTESIAN_POINT('',(-4.,16.6384500555953,-31.2516102292422));
#6886=CARTESIAN_POINT('',(-2.,16.6384500555953,-31.2516102292422));
#6887=CARTESIAN_POINT('',(-4.,16.745518032095,-30.9985295635658));
#6888=CARTESIAN_POINT('',(-4.,15.9662665261486,-32.8404761128663));
#6889=CARTESIAN_POINT('',(-2.,16.745518032095,-30.9985295635658));
#6890=CARTESIAN_POINT('',(-4.,16.745518032095,-30.9985295635658));
#6891=CARTESIAN_POINT('',(-2.,15.9662665261486,-32.8404761128663));
#6892=CARTESIAN_POINT('Origin',(-67.0652492602417,88.3295311940927,-63.4543845289949));
#6893=CARTESIAN_POINT('',(-4.,19.2780305813707,-34.2415466967825));
#6894=CARTESIAN_POINT('',(-4.,18.8629115658924,-34.0659269872522));
#6895=CARTESIAN_POINT('',(-4.,53.006194635678,-48.5105398128453));
#6896=CARTESIAN_POINT('',(-26.,3.07264068104462,-27.3857155712417));
#6897=CARTESIAN_POINT('',(-4.,18.8629115658924,-34.0659269872522));
#6898=CARTESIAN_POINT('',(-4.,3.07264068104461,-27.3857155712417));
#6899=CARTESIAN_POINT('',(-4.,3.07264068104461,-27.3857155712417));
#6900=CARTESIAN_POINT('',(-4.,15.9662665261486,-32.8404761128663));
#6901=CARTESIAN_POINT('',(-4.,15.9662665261486,-32.8404761128663));
#6902=CARTESIAN_POINT('',(-2.,15.9662665261486,-32.8404761128663));
#6903=CARTESIAN_POINT('',(-4.,15.9662665261486,-32.8404761128663));
#6904=CARTESIAN_POINT('',(-2.,1.23069413174404,-26.6064640652953));
#6905=CARTESIAN_POINT('',(-2.,15.9662665261486,-32.8404761128663));
#6906=CARTESIAN_POINT('',(-30.,1.23069413174404,-26.6064640652953));
#6907=CARTESIAN_POINT('',(-2.,1.23069413174404,-26.6064640652953));
#6908=CARTESIAN_POINT('',(-30.,3.07264068104461,-27.3857155712417));
#6909=CARTESIAN_POINT('',(-30.,1.23069413174404,-26.6064640652953));
#6910=CARTESIAN_POINT('',(-92.0365055127374,27.4784324592772,-37.7107980250312));
#6911=CARTESIAN_POINT('Origin',(-95.4850253638704,-59.0347778674974,-1.11063204464804));
#6912=CARTESIAN_POINT('',(-92.,29.3203790085778,-38.4900495309776));
#6913=CARTESIAN_POINT('',(-92.0365055127374,27.4784324592772,-37.7107980250312));
#6914=CARTESIAN_POINT('',(-28.0772829002209,3.91693715573905,-27.742902537183));
#6915=CARTESIAN_POINT('Origin',(-95.4850253638704,-59.0347778674974,-1.11063204464804));
#6916=CARTESIAN_POINT('',(-5.65001447456536,20.0138755033889,-34.5528522902284));
#6917=CARTESIAN_POINT('',(-28.0772829002209,3.91693715573905,-27.742902537183));
#6918=CARTESIAN_POINT('',(-115.285556986679,71.6933444059962,-56.4163010337099));
#6919=CARTESIAN_POINT('Origin',(-183.981703188167,-176.397162955597,48.5405455946205));
#6920=CARTESIAN_POINT('',(-115.,73.5270961917916,-57.1920856736907));
#6921=CARTESIAN_POINT('',(-115.,73.5270961917916,-57.1920856736907));
#6922=CARTESIAN_POINT('',(-8.24897189148265,24.362351680232,-36.3925129528376));
#6923=CARTESIAN_POINT('Origin',(-183.981703188167,-176.397162955597,48.5405455946205));
#6924=CARTESIAN_POINT('',(-14.0458996796749,68.6961954490387,-55.1483311031267));
#6925=CARTESIAN_POINT('Origin',(47.6584524502402,53.0512221926381,-48.529589112394));
#6926=CARTESIAN_POINT('',(-132.130498520483,173.586421707141,-99.5230534867482));
#6927=CARTESIAN_POINT('Origin',(-150.127408865792,47.5775159994101,-46.2138901059268));
#6928=CARTESIAN_POINT('',(-132.,175.428368256441,-100.302304992695));
#6929=CARTESIAN_POINT('',(-132.,175.428368256441,-100.302304992695));
#6930=CARTESIAN_POINT('',(-12.,68.595468397008,-55.1057176478045));
#6931=CARTESIAN_POINT('Origin',(-150.127408865792,47.5775159994101,-46.2138901059268));
#6932=CARTESIAN_POINT('',(-2.33378072304572,19.2780305813708,-34.2415466967825));
#6933=CARTESIAN_POINT('Origin',(47.6584524502402,53.0512221926381,-48.529589112394));
#6934=CARTESIAN_POINT('',(-2.,19.2780305813707,-34.2415466967825));
#6935=CARTESIAN_POINT('Origin',(47.6584524502402,53.0512221926381,-48.529589112394));
#6936=CARTESIAN_POINT('',(-2.33378072304566,20.0572820873171,-32.3996001474818));
#6937=CARTESIAN_POINT('Ctrl Pts',(-2.33378072304566,20.0572820873171,-32.3996001474818));
#6938=CARTESIAN_POINT('Ctrl Pts',(-2.36265597418801,20.0669705103295,-32.4777304671412));
#6939=CARTESIAN_POINT('Ctrl Pts',(-2.38890482984425,20.0721601921759,-32.5575559100447));
#6940=CARTESIAN_POINT('Ctrl Pts',(-2.48877589467472,20.0734951935867,-32.9054077905522));
#6941=CARTESIAN_POINT('Ctrl Pts',(-2.5292314540273,20.0176291870242,-33.1810383648993));
#6942=CARTESIAN_POINT('Ctrl Pts',(-2.5292314540273,19.9144303795371,-33.4249733279917));
#6943=CARTESIAN_POINT('Ctrl Pts',(-2.5292314540273,19.8177578946748,-33.6534817730133));
#6944=CARTESIAN_POINT('Ctrl Pts',(-2.4936389638498,19.6711208843404,-33.8738065182259));
#6945=CARTESIAN_POINT('Ctrl Pts',(-2.39898444679416,19.4252968336457,-34.1219453065535));
#6946=CARTESIAN_POINT('Ctrl Pts',(-2.36819989114526,19.3529101029163,-34.1849798608127));
#6947=CARTESIAN_POINT('Ctrl Pts',(-2.33378072304571,19.2780305813708,-34.2415466967824));
#6948=CARTESIAN_POINT('',(-12.,69.3747199029544,-53.2637710985039));
#6949=CARTESIAN_POINT('',(-12.,68.595468397008,-55.1057176478045));
#6950=CARTESIAN_POINT('Origin',(47.6584524502402,53.8304736985845,-46.6876425630934));
#6951=CARTESIAN_POINT('Origin',(-2.,1.23069413174404,-26.6064640652953));
#6952=CARTESIAN_POINT('',(-2.,1.24973143892984,-26.5614648551413));
#6953=CARTESIAN_POINT('',(-4.,1.24973143892984,-26.5614648551413));
#6954=CARTESIAN_POINT('',(-2.,1.24973143892984,-26.5614648551413));
#6955=CARTESIAN_POINT('',(-4.,1.99090833050462,-24.8095167261486));
#6956=CARTESIAN_POINT('',(-4.,1.42550700823064,-26.1459774279701));
#6957=CARTESIAN_POINT('',(-2.,1.99090833050462,-24.8095167261486));
#6958=CARTESIAN_POINT('',(-2.,1.99090833050462,-24.8095167261486));
#6959=CARTESIAN_POINT('',(-2.,2.00994563769041,-24.7645175159947));
#6960=CARTESIAN_POINT('',(-2.,1.23069413174404,-26.6064640652953));
#6961=CARTESIAN_POINT('',(-30.,2.00994563769041,-24.7645175159947));
#6962=CARTESIAN_POINT('',(-2.,2.00994563769041,-24.7645175159947));
#6963=CARTESIAN_POINT('',(-30.,1.23069413174404,-26.6064640652953));
#6964=CARTESIAN_POINT('',(-2.,1.23069413174404,-26.6064640652953));
#6965=CARTESIAN_POINT('',(-26.,1.24973143892985,-26.5614648551413));
#6966=CARTESIAN_POINT('',(-28.,1.24973143892985,-26.5614648551413));
#6967=CARTESIAN_POINT('',(-28.,1.24973143892985,-26.5614648551413));
#6968=CARTESIAN_POINT('',(-28.,1.99090833050462,-24.8095167261487));
#6969=CARTESIAN_POINT('',(-28.,1.42550700823064,-26.1459774279701));
#6970=CARTESIAN_POINT('',(-26.,1.99090833050462,-24.8095167261487));
#6971=CARTESIAN_POINT('',(-28.,1.99090833050462,-24.8095167261487));
#6972=CARTESIAN_POINT('',(-26.,1.42550700823064,-26.1459774279701));
#6973=CARTESIAN_POINT('Origin',(-132.130498520483,173.586421707141,-99.5230534867482));
#6974=CARTESIAN_POINT('',(-132.130498520483,174.365673213087,-97.6811069374476));
#6975=CARTESIAN_POINT('',(-132.130498520483,173.586421707141,-99.5230534867482));
#6976=CARTESIAN_POINT('',(-132.,176.207619762388,-98.460358443394));
#6977=CARTESIAN_POINT('',(-132.,176.207619762388,-98.460358443394));
#6978=CARTESIAN_POINT('',(-132.,175.428368256441,-100.302304992695));
#6979=CARTESIAN_POINT('Origin',(-150.127408865792,47.5775159994101,-46.2138901059268));
#6980=CARTESIAN_POINT('',(-14.0458996796749,69.4754469549851,-53.3063845538261));
#6981=CARTESIAN_POINT('',(-14.0458996796749,68.6961954490387,-55.1483311031267));
#6982=CARTESIAN_POINT('Origin',(-150.127408865792,48.3567675053565,-44.3719435566262));
#6983=CARTESIAN_POINT('Origin',(47.6584524502402,53.0512221926381,-48.529589112394));
#6984=CARTESIAN_POINT('',(-8.24897189148265,25.1416031861784,-34.550566403537));
#6985=CARTESIAN_POINT('',(-8.24897189148265,24.362351680232,-36.3925129528376));
#6986=CARTESIAN_POINT('Origin',(47.6584524502402,53.8304736985845,-46.6876425630934));
#6987=CARTESIAN_POINT('Origin',(-183.981703188167,-176.397162955597,48.5405455946205));
#6988=CARTESIAN_POINT('',(-115.,74.306347697738,-55.3501391243901));
#6989=CARTESIAN_POINT('',(-115.,73.5270961917916,-57.1920856736907));
#6990=CARTESIAN_POINT('Origin',(-183.981703188167,-175.617911449651,50.3824921439211));
#6991=CARTESIAN_POINT('Origin',(-115.285556986679,71.6933444059962,-56.4163010337099));
#6992=CARTESIAN_POINT('',(-115.285556986679,72.4725959119425,-54.5743544844094));
#6993=CARTESIAN_POINT('',(-115.285556986679,71.6933444059962,-56.4163010337099));
#6994=CARTESIAN_POINT('',(-115.,74.306347697738,-55.3501391243901));
#6995=CARTESIAN_POINT('Origin',(-183.981703188167,-176.397162955597,48.5405455946205));
#6996=CARTESIAN_POINT('',(-5.65001447456536,20.7931270093352,-32.7109057409278));
#6997=CARTESIAN_POINT('',(-5.65001447456536,20.0138755033889,-34.5528522902284));
#6998=CARTESIAN_POINT('Origin',(-183.981703188167,-175.617911449651,50.3824921439211));
#6999=CARTESIAN_POINT('Origin',(-28.0772829002209,3.91693715573905,-27.742902537183));
#7000=CARTESIAN_POINT('',(-28.0772829002209,4.69618866168541,-25.9009559878825));
#7001=CARTESIAN_POINT('',(-28.0772829002209,3.91693715573905,-27.742902537183));
#7002=CARTESIAN_POINT('',(-28.0772829002209,4.69618866168542,-25.9009559878825));
#7003=CARTESIAN_POINT('Origin',(-95.4850253638704,-59.0347778674974,-1.11063204464804));
#7004=CARTESIAN_POINT('',(-92.,30.0996305145242,-36.648102981677));
#7005=CARTESIAN_POINT('',(-92.,29.3203790085778,-38.4900495309776));
#7006=CARTESIAN_POINT('Origin',(-95.4850253638704,-58.2555263615511,0.731314504652545));
#7007=CARTESIAN_POINT('Origin',(-92.0365055127374,27.4784324592772,-37.7107980250312));
#7008=CARTESIAN_POINT('',(-92.0365055127374,28.2576839652236,-35.8688514757306));
#7009=CARTESIAN_POINT('',(-92.0365055127374,27.4784324592772,-37.7107980250312));
#7010=CARTESIAN_POINT('',(-92.0365055127374,28.2576839652236,-35.8688514757306));
#7011=CARTESIAN_POINT('Origin',(-95.4850253638704,-59.0347778674974,-1.11063204464804));
#7012=CARTESIAN_POINT('',(-30.,3.85189218699098,-25.5437690219411));
#7013=CARTESIAN_POINT('',(-30.,3.07264068104461,-27.3857155712417));
#7014=CARTESIAN_POINT('Origin',(-95.4850253638704,-58.2555263615511,0.731314504652545));
#7015=CARTESIAN_POINT('Origin',(-30.,1.23069413174404,-26.6064640652953));
#7016=CARTESIAN_POINT('',(-30.,2.00994563769041,-24.7645175159947));
#7017=CARTESIAN_POINT('Origin',(-4.,15.9662665261486,-32.8404761128663));
#7018=CARTESIAN_POINT('',(-4.,16.0733345026484,-32.5873954471899));
#7019=CARTESIAN_POINT('',(-2.,16.0733345026484,-32.5873954471899));
#7020=CARTESIAN_POINT('',(-2.,16.0733345026484,-32.5873954471899));
#7021=CARTESIAN_POINT('',(-2.,15.9662665261486,-32.8404761128663));
#7022=CARTESIAN_POINT('',(-4.,15.9662665261486,-32.8404761128663));
#7023=CARTESIAN_POINT('Origin',(-26.,3.07264068104462,-27.3857155712417));
#7024=CARTESIAN_POINT('',(-26.,3.85189218699099,-25.5437690219411));
#7025=CARTESIAN_POINT('',(-26.,3.07264068104462,-27.3857155712417));
#7026=CARTESIAN_POINT('',(-4.,3.85189218699098,-25.5437690219411));
#7027=CARTESIAN_POINT('',(-4.,3.85189218699098,-25.5437690219411));
#7028=CARTESIAN_POINT('',(-4.,3.07264068104461,-27.3857155712417));
#7029=CARTESIAN_POINT('Origin',(-4.,18.8629115658924,-34.0659269872522));
#7030=CARTESIAN_POINT('',(-4.,19.6421630718388,-32.2239804379517));
#7031=CARTESIAN_POINT('',(-4.,19.057724442379,-33.6054403499271));
#7032=CARTESIAN_POINT('',(-4.,19.6421630718388,-32.2239804379517));
#7033=CARTESIAN_POINT('Origin',(-150.127408865792,47.5775159994101,-46.2138901059268));
#7034=CARTESIAN_POINT('Origin',(-150.127408865792,48.3567675053565,-44.3719435566262));
#7035=CARTESIAN_POINT('Origin',(-67.0652492602417,89.1087827000391,-61.6124379796943));
#7036=CARTESIAN_POINT('',(-4.,20.0572820873171,-32.3996001474819));
#7037=CARTESIAN_POINT('',(-4.,53.7854461416244,-46.6685932635447));
#7038=CARTESIAN_POINT('',(-2.,20.0572820873171,-32.3996001474819));
#7039=CARTESIAN_POINT('',(-2.,16.745518032095,-30.9985295635658));
#7040=CARTESIAN_POINT('',(-4.,16.745518032095,-30.9985295635658));
#7041=CARTESIAN_POINT('Origin',(-26.,0.,-25.0000003725));
#7042=CARTESIAN_POINT('Origin',(-26.,0.,-25.0000003725));
#7043=CARTESIAN_POINT('',(-26.,1.,-25.0000003725));
#7044=CARTESIAN_POINT('Origin',(-26.,0.,-25.0000003725));
#7045=CARTESIAN_POINT('Origin',(-28.,0.,-25.0000003725));
#7046=CARTESIAN_POINT('Origin',(-28.,0.,-25.0000003725));
#7047=CARTESIAN_POINT('Origin',(-28.,0.,-25.0000003725));
#7048=CARTESIAN_POINT('',(-28.,1.,-25.0000003725));
#7049=CARTESIAN_POINT('',(-28.,1.,-25.0000003725));
#7050=CARTESIAN_POINT('Origin',(-28.,0.,-25.0000003725));
#7051=CARTESIAN_POINT('Origin',(-28.,0.,-25.0000003725));
#7052=CARTESIAN_POINT('Origin',(-2.,18.0724838302366,-32.6457218220453));
#7053=CARTESIAN_POINT('Origin',(-4.,18.0724838302366,-32.6457218220453));
#7054=CARTESIAN_POINT('Origin',(-4.,18.0724838302366,-32.6457218220453));
#7055=CARTESIAN_POINT('Origin',(-2.,18.0724838302366,-32.6457218220453));
#7056=CARTESIAN_POINT('Origin',(-2.,18.0724838302366,-32.6457218220453));
#7057=CARTESIAN_POINT('',(-4.,19.0724838302366,-32.6457218220453));
#7058=CARTESIAN_POINT('Origin',(-4.,18.0724838302366,-32.6457218220453));
#7059=CARTESIAN_POINT('',(-2.,19.0724838302366,-32.6457218220453));
#7060=CARTESIAN_POINT('',(-2.,19.0724838302366,-32.6457218220453));
#7061=CARTESIAN_POINT('Origin',(-2.,18.0724838302366,-32.6457218220453));
#7062=CARTESIAN_POINT('Origin',(-4.,18.0724838302366,-32.6457218220453));
#7063=CARTESIAN_POINT('Origin',(-4.,0.,-25.0000003725));
#7064=CARTESIAN_POINT('Origin',(-4.,0.,-25.0000003725));
#7065=CARTESIAN_POINT('',(-4.,1.,-25.0000003725));
#7066=CARTESIAN_POINT('Origin',(-4.,0.,-25.0000003725));
#7067=CARTESIAN_POINT('Origin',(-2.,0.,-25.0000003725));
#7068=CARTESIAN_POINT('Origin',(-2.,0.,-25.0000003725));
#7069=CARTESIAN_POINT('Origin',(-2.,0.,-25.0000003725));
#7070=CARTESIAN_POINT('',(-2.,1.,-25.0000003725));
#7071=CARTESIAN_POINT('',(-2.,1.,-25.0000003725));
#7072=CARTESIAN_POINT('Origin',(-2.,0.,-25.0000003725));
#7073=CARTESIAN_POINT('Origin',(-2.,0.,-25.0000003725));
#7074=CARTESIAN_POINT('Origin',(-172.394508356417,118.009077035457,-73.8389588261975));
#7075=CARTESIAN_POINT('',(-132.,176.207619762388,-98.460358443394));
#7076=CARTESIAN_POINT('',(-115.14277849334,73.3894718048403,-54.9622468043998));
#7077=CARTESIAN_POINT('Origin',(-172.394508356417,118.009077035457,-73.8389588261975));
#7078=CARTESIAN_POINT('',(-115.14277849334,73.467396955435,-54.7780521494697));
#7079=CARTESIAN_POINT('',(-115.14277849334,73.3894718048403,-54.9622468043998));
#7080=CARTESIAN_POINT('',(-132.,176.285544912982,-98.276163788464));
#7081=CARTESIAN_POINT('Origin',(-172.394508356417,118.087002186051,-73.6547641712674));
#7082=CARTESIAN_POINT('',(-132.,176.207619762388,-98.460358443394));
#7083=CARTESIAN_POINT('Origin',(-146.884357522482,32.0227788233251,-37.4617075981413));
#7084=CARTESIAN_POINT('',(-92.0365055127374,28.2576839652236,-35.8688514757306));
#7085=CARTESIAN_POINT('Origin',(-146.884357522482,32.0227788233251,-37.4617075981413));
#7086=CARTESIAN_POINT('',(-92.0365055127374,28.3356091158183,-35.6846568208006));
#7087=CARTESIAN_POINT('',(-92.0365055127374,28.2576839652236,-35.8688514757306));
#7088=CARTESIAN_POINT('Origin',(-146.884357522482,32.1007039739197,-37.2775129432112));
#7089=CARTESIAN_POINT('Origin',(-95.4850253638704,-58.2555263615511,0.731314504652598));
#7090=CARTESIAN_POINT('',(-30.,3.85189218699098,-25.5437690219411));
#7091=CARTESIAN_POINT('Origin',(-95.4850253638704,-58.2555263615511,0.731314504652598));
#7092=CARTESIAN_POINT('',(-30.,3.9298173375856,-25.359574367011));
#7093=CARTESIAN_POINT('',(-30.,3.85189218699098,-25.5437690219411));
#7094=CARTESIAN_POINT('Origin',(-95.4850253638704,-58.1776012109565,0.915509159582637));
#7095=CARTESIAN_POINT('Origin',(-4.,3.85189218699098,-25.5437690219411));
#7096=CARTESIAN_POINT('',(-4.,3.85189218699098,-25.5437690219411));
#7097=CARTESIAN_POINT('',(-26.,3.85189218699099,-25.5437690219411));
#7098=CARTESIAN_POINT('',(-4.,3.9298173375856,-25.359574367011));
#7099=CARTESIAN_POINT('',(-4.,3.85189218699098,-25.5437690219411));
#7100=CARTESIAN_POINT('',(-26.,3.92981733758563,-25.359574367011));
#7101=CARTESIAN_POINT('Origin',(-4.,20.0572820873171,-32.3996001474819));
#7102=CARTESIAN_POINT('',(-4.,20.0572820873171,-32.3996001474819));
#7103=CARTESIAN_POINT('',(-4.,16.745518032095,-30.9985295635658));
#7104=CARTESIAN_POINT('',(-4.,20.1352072379118,-32.2154054925519));
#7105=CARTESIAN_POINT('',(-4.,20.0572820873171,-32.3996001474819));
#7106=CARTESIAN_POINT('',(-4.,16.8234431826897,-30.8143349086357));
#7107=CARTESIAN_POINT('Origin',(-2.33378072304566,20.0572820873171,-32.3996001474819));
#7108=CARTESIAN_POINT('',(-2.33378072304566,20.0572820873171,-32.3996001474819));
#7109=CARTESIAN_POINT('',(-2.33378072304566,20.0572820873171,-32.3996001474819));
#7110=CARTESIAN_POINT('',(-2.33378072304566,20.1352072379117,-32.2154054925518));
#7111=CARTESIAN_POINT('',(-2.33378072304566,20.0572820873171,-32.3996001474819));
#7112=CARTESIAN_POINT('',(-2.33378072304566,20.1352072379117,-32.2154054925519));
#7113=CARTESIAN_POINT('Origin',(47.6584524502402,53.8304736985845,-46.6876425630934));
#7114=CARTESIAN_POINT('',(-12.,69.3747199029544,-53.263771098504));
#7115=CARTESIAN_POINT('Origin',(47.6584524502402,53.8304736985845,-46.6876425630934));
#7116=CARTESIAN_POINT('',(-12.,69.452645053549,-53.0795764435739));
#7117=CARTESIAN_POINT('',(-12.,69.3747199029544,-53.263771098504));
#7118=CARTESIAN_POINT('Origin',(47.6584524502402,53.9083988491792,-46.5034479081634));
#7119=CARTESIAN_POINT('Origin',(-150.127408865792,48.3567675053565,-44.3719435566262));
#7120=CARTESIAN_POINT('Origin',(-150.127408865792,48.3567675053565,-44.3719435566262));
#7121=CARTESIAN_POINT('Origin',(-150.127408865792,48.4346926559511,-44.1877489016962));
#7122=CARTESIAN_POINT('Origin',(-67.1668903615228,90.107681125284,-61.8178690777375));
#7123=CARTESIAN_POINT('Origin',(-67.1668903615228,90.0297559746894,-62.0020637326676));
#7124=CARTESIAN_POINT('',(0.,0.,0.));
#7125=CARTESIAN_POINT('',(0.,0.,0.));
#7126=CARTESIAN_POINT('',(0.,0.,0.));
#7127=CARTESIAN_POINT('',(0.,0.,0.));
#7128=CARTESIAN_POINT('',(0.,0.,0.));
#7129=CARTESIAN_POINT('',(0.,0.,0.));
#7130=CARTESIAN_POINT('',(0.,0.,0.));
#7131=CARTESIAN_POINT('',(0.,0.,0.));
#7132=CARTESIAN_POINT('',(0.,0.,0.));
#7133=CARTESIAN_POINT('',(0.,0.,0.));
#7134=CARTESIAN_POINT('',(0.,0.,0.));
#7135=CARTESIAN_POINT('',(-2.,0.,4.44089209850063E-15));
#7136=UNCERTAINTY_MEASURE_WITH_UNIT(LENGTH_MEASURE(0.01),#7164,
'DISTANCE_ACCURACY_VALUE',
'Maximum model space distance between geometric entities at asserted c
onnectivities');
#7137=UNCERTAINTY_MEASURE_WITH_UNIT(LENGTH_MEASURE(0.01),#7164,
'DISTANCE_ACCURACY_VALUE',
'Maximum model space distance between geometric entities at asserted c
onnectivities');
#7138=UNCERTAINTY_MEASURE_WITH_UNIT(LENGTH_MEASURE(0.01),#7164,
'DISTANCE_ACCURACY_VALUE',
'Maximum model space distance between geometric entities at asserted c
onnectivities');
#7139=UNCERTAINTY_MEASURE_WITH_UNIT(LENGTH_MEASURE(0.01),#7164,
'DISTANCE_ACCURACY_VALUE',
'Maximum model space distance between geometric entities at asserted c
onnectivities');
#7140=UNCERTAINTY_MEASURE_WITH_UNIT(LENGTH_MEASURE(0.01),#7164,
'DISTANCE_ACCURACY_VALUE',
'Maximum model space distance between geometric entities at asserted c
onnectivities');
#7141=UNCERTAINTY_MEASURE_WITH_UNIT(LENGTH_MEASURE(0.01),#7164,
'DISTANCE_ACCURACY_VALUE',
'Maximum model space distance between geometric entities at asserted c
onnectivities');
#7142=UNCERTAINTY_MEASURE_WITH_UNIT(LENGTH_MEASURE(0.01),#7164,
'DISTANCE_ACCURACY_VALUE',
'Maximum model space distance between geometric entities at asserted c
onnectivities');
#7143=UNCERTAINTY_MEASURE_WITH_UNIT(LENGTH_MEASURE(0.01),#7164,
'DISTANCE_ACCURACY_VALUE',
'Maximum model space distance between geometric entities at asserted c
onnectivities');
#7144=UNCERTAINTY_MEASURE_WITH_UNIT(LENGTH_MEASURE(0.01),#7164,
'DISTANCE_ACCURACY_VALUE',
'Maximum model space distance between geometric entities at asserted c
onnectivities');
#7145=UNCERTAINTY_MEASURE_WITH_UNIT(LENGTH_MEASURE(0.01),#7164,
'DISTANCE_ACCURACY_VALUE',
'Maximum model space distance between geometric entities at asserted c
onnectivities');
#7146=UNCERTAINTY_MEASURE_WITH_UNIT(LENGTH_MEASURE(0.01),#7164,
'DISTANCE_ACCURACY_VALUE',
'Maximum model space distance between geometric entities at asserted c
onnectivities');
#7147=UNCERTAINTY_MEASURE_WITH_UNIT(LENGTH_MEASURE(0.01),#7164,
'DISTANCE_ACCURACY_VALUE',
'Maximum model space distance between geometric entities at asserted c
onnectivities');
#7148=UNCERTAINTY_MEASURE_WITH_UNIT(LENGTH_MEASURE(0.01),#7164,
'DISTANCE_ACCURACY_VALUE',
'Maximum model space distance between geometric entities at asserted c
onnectivities');
#7149=UNCERTAINTY_MEASURE_WITH_UNIT(LENGTH_MEASURE(0.01),#7164,
'DISTANCE_ACCURACY_VALUE',
'Maximum model space distance between geometric entities at asserted c
onnectivities');
#7150=(
GEOMETRIC_REPRESENTATION_CONTEXT(3)
GLOBAL_UNCERTAINTY_ASSIGNED_CONTEXT((#7136))
GLOBAL_UNIT_ASSIGNED_CONTEXT((#7164,#7166,#7167))
REPRESENTATION_CONTEXT('','3D')
);
#7151=(
GEOMETRIC_REPRESENTATION_CONTEXT(3)
GLOBAL_UNCERTAINTY_ASSIGNED_CONTEXT((#7137))
GLOBAL_UNIT_ASSIGNED_CONTEXT((#7164,#7166,#7167))
REPRESENTATION_CONTEXT('','3D')
);
#7152=(
GEOMETRIC_REPRESENTATION_CONTEXT(3)
GLOBAL_UNCERTAINTY_ASSIGNED_CONTEXT((#7138))
GLOBAL_UNIT_ASSIGNED_CONTEXT((#7164,#7166,#7167))
REPRESENTATION_CONTEXT('','3D')
);
#7153=(
GEOMETRIC_REPRESENTATION_CONTEXT(3)
GLOBAL_UNCERTAINTY_ASSIGNED_CONTEXT((#7139))
GLOBAL_UNIT_ASSIGNED_CONTEXT((#7164,#7166,#7167))
REPRESENTATION_CONTEXT('','3D')
);
#7154=(
GEOMETRIC_REPRESENTATION_CONTEXT(3)
GLOBAL_UNCERTAINTY_ASSIGNED_CONTEXT((#7140))
GLOBAL_UNIT_ASSIGNED_CONTEXT((#7164,#7166,#7167))
REPRESENTATION_CONTEXT('','3D')
);
#7155=(
GEOMETRIC_REPRESENTATION_CONTEXT(3)
GLOBAL_UNCERTAINTY_ASSIGNED_CONTEXT((#7141))
GLOBAL_UNIT_ASSIGNED_CONTEXT((#7164,#7166,#7167))
REPRESENTATION_CONTEXT('','3D')
);
#7156=(
GEOMETRIC_REPRESENTATION_CONTEXT(3)
GLOBAL_UNCERTAINTY_ASSIGNED_CONTEXT((#7142))
GLOBAL_UNIT_ASSIGNED_CONTEXT((#7164,#7166,#7167))
REPRESENTATION_CONTEXT('','3D')
);
#7157=(
GEOMETRIC_REPRESENTATION_CONTEXT(3)
GLOBAL_UNCERTAINTY_ASSIGNED_CONTEXT((#7143))
GLOBAL_UNIT_ASSIGNED_CONTEXT((#7164,#7166,#7167))
REPRESENTATION_CONTEXT('','3D')
);
#7158=(
GEOMETRIC_REPRESENTATION_CONTEXT(3)
GLOBAL_UNCERTAINTY_ASSIGNED_CONTEXT((#7144))
GLOBAL_UNIT_ASSIGNED_CONTEXT((#7164,#7166,#7167))
REPRESENTATION_CONTEXT('','3D')
);
#7159=(
GEOMETRIC_REPRESENTATION_CONTEXT(3)
GLOBAL_UNCERTAINTY_ASSIGNED_CONTEXT((#7145))
GLOBAL_UNIT_ASSIGNED_CONTEXT((#7164,#7166,#7167))
REPRESENTATION_CONTEXT('','3D')
);
#7160=(
GEOMETRIC_REPRESENTATION_CONTEXT(3)
GLOBAL_UNCERTAINTY_ASSIGNED_CONTEXT((#7146))
GLOBAL_UNIT_ASSIGNED_CONTEXT((#7164,#7166,#7167))
REPRESENTATION_CONTEXT('','3D')
);
#7161=(
GEOMETRIC_REPRESENTATION_CONTEXT(3)
GLOBAL_UNCERTAINTY_ASSIGNED_CONTEXT((#7147))
GLOBAL_UNIT_ASSIGNED_CONTEXT((#7164,#7166,#7167))
REPRESENTATION_CONTEXT('','3D')
);
#7162=(
GEOMETRIC_REPRESENTATION_CONTEXT(3)
GLOBAL_UNCERTAINTY_ASSIGNED_CONTEXT((#7148))
GLOBAL_UNIT_ASSIGNED_CONTEXT((#7164,#7166,#7167))
REPRESENTATION_CONTEXT('','3D')
);
#7163=(
GEOMETRIC_REPRESENTATION_CONTEXT(3)
GLOBAL_UNCERTAINTY_ASSIGNED_CONTEXT((#7149))
GLOBAL_UNIT_ASSIGNED_CONTEXT((#7164,#7166,#7167))
REPRESENTATION_CONTEXT('','3D')
);
#7164=(
LENGTH_UNIT()
NAMED_UNIT(*)
SI_UNIT(.MILLI.,.METRE.)
);
#7165=(
LENGTH_UNIT()
NAMED_UNIT(*)
SI_UNIT($,.METRE.)
);
#7166=(
NAMED_UNIT(*)
PLANE_ANGLE_UNIT()
SI_UNIT($,.RADIAN.)
);
#7167=(
NAMED_UNIT(*)
SI_UNIT($,.STERADIAN.)
SOLID_ANGLE_UNIT()
);
#7168=SHAPE_DEFINITION_REPRESENTATION(#7181,#7206);
#7169=SHAPE_DEFINITION_REPRESENTATION(#7182,#7207);
#7170=SHAPE_DEFINITION_REPRESENTATION(#7183,#7208);
#7171=SHAPE_DEFINITION_REPRESENTATION(#7184,#7209);
#7172=SHAPE_DEFINITION_REPRESENTATION(#7185,#7210);
#7173=SHAPE_DEFINITION_REPRESENTATION(#7186,#7211);
#7174=SHAPE_DEFINITION_REPRESENTATION(#7187,#7212);
#7175=SHAPE_DEFINITION_REPRESENTATION(#7188,#7213);
#7176=SHAPE_DEFINITION_REPRESENTATION(#7189,#7214);
#7177=SHAPE_DEFINITION_REPRESENTATION(#7190,#7215);
#7178=SHAPE_DEFINITION_REPRESENTATION(#7191,#7216);
#7179=SHAPE_DEFINITION_REPRESENTATION(#7192,#7217);
#7180=SHAPE_DEFINITION_REPRESENTATION(#7193,#7218);
#7181=PRODUCT_DEFINITION_SHAPE('',$,#7220);
#7182=PRODUCT_DEFINITION_SHAPE('',$,#7221);
#7183=PRODUCT_DEFINITION_SHAPE('',$,#7222);
#7184=PRODUCT_DEFINITION_SHAPE('',$,#7223);
#7185=PRODUCT_DEFINITION_SHAPE('',$,#7224);
#7186=PRODUCT_DEFINITION_SHAPE('',$,#7225);
#7187=PRODUCT_DEFINITION_SHAPE('',$,#7226);
#7188=PRODUCT_DEFINITION_SHAPE('',$,#7227);
#7189=PRODUCT_DEFINITION_SHAPE('',$,#7228);
#7190=PRODUCT_DEFINITION_SHAPE('',$,#7229);
#7191=PRODUCT_DEFINITION_SHAPE('',$,#7230);
#7192=PRODUCT_DEFINITION_SHAPE('',$,#7231);
#7193=PRODUCT_DEFINITION_SHAPE('',$,#7232);
#7194=PRODUCT_DEFINITION_SHAPE($,$,#47);
#7195=PRODUCT_DEFINITION_SHAPE($,$,#48);
#7196=PRODUCT_DEFINITION_SHAPE($,$,#49);
#7197=PRODUCT_DEFINITION_SHAPE($,$,#50);
#7198=PRODUCT_DEFINITION_SHAPE($,$,#51);
#7199=PRODUCT_DEFINITION_SHAPE($,$,#52);
#7200=PRODUCT_DEFINITION_SHAPE($,$,#53);
#7201=PRODUCT_DEFINITION_SHAPE($,$,#54);
#7202=PRODUCT_DEFINITION_SHAPE($,$,#55);
#7203=PRODUCT_DEFINITION_SHAPE($,$,#56);
#7204=PRODUCT_DEFINITION_SHAPE($,$,#57);
#7205=PRODUCT_DEFINITION_SHAPE($,$,#58);
#7206=SHAPE_REPRESENTATION('',(#4221,#4640,#4641,#4642,#4643,#4644,#4645,
#4646,#4647,#4648,#4649,#4650,#4651),#7150);
#7207=SHAPE_REPRESENTATION('',(#4222),#7151);
#7208=SHAPE_REPRESENTATION('',(#4265),#7152);
#7209=SHAPE_REPRESENTATION('',(#4287),#7153);
#7210=SHAPE_REPRESENTATION('',(#4304),#7154);
#7211=SHAPE_REPRESENTATION('',(#4321),#7155);
#7212=SHAPE_REPRESENTATION('',(#4345),#7156);
#7213=SHAPE_REPRESENTATION('',(#4369),#7157);
#7214=SHAPE_REPRESENTATION('',(#4387),#7158);
#7215=SHAPE_REPRESENTATION('',(#4419),#7159);
#7216=SHAPE_REPRESENTATION('',(#4429),#7160);
#7217=SHAPE_REPRESENTATION('',(#4478),#7161);
#7218=SHAPE_REPRESENTATION('',(#4559),#7162);
#7219=PRODUCT_DEFINITION_CONTEXT('part definition',#7260,'design');
#7220=PRODUCT_DEFINITION('2026-08-16-11-01-31-721','ornithopter_1',#7233,
#7219);
#7221=PRODUCT_DEFINITION('2026-08-16-11-05-47-291','Component1',#7234,#7219);
#7222=PRODUCT_DEFINITION('2026-08-16-11-43-19-196','Component2',#7235,#7219);
#7223=PRODUCT_DEFINITION('2026-08-16-12-21-10-135','Component3',#7236,#7219);
#7224=PRODUCT_DEFINITION('2026-08-16-12-28-26-156','Component4',#7237,#7219);
#7225=PRODUCT_DEFINITION('2026-08-16-12-41-38-931','Component5',#7238,#7219);
#7226=PRODUCT_DEFINITION('2026-08-16-12-41-38-931_1',
'Component5(Mirror)',#7239,#7219);
#7227=PRODUCT_DEFINITION('2026-08-16-13-02-27-347','Component7',#7240,#7219);
#7228=PRODUCT_DEFINITION('2026-08-16-13-11-32-163','Component8',#7241,#7219);
#7229=PRODUCT_DEFINITION('2026-08-16-14-20-12-090','Component9',#7242,#7219);
#7230=PRODUCT_DEFINITION('2026-08-17-01-03-12-230','Component10',#7243,
#7219);
#7231=PRODUCT_DEFINITION('2026-08-17-01-38-10-104','Component11',#7244,
#7219);
#7232=PRODUCT_DEFINITION('2026-08-17-01-38-10-104_1',
'Component11(Mirror)',#7245,#7219);
#7233=PRODUCT_DEFINITION_FORMATION('',$,#7262);
#7234=PRODUCT_DEFINITION_FORMATION('',$,#7263);
#7235=PRODUCT_DEFINITION_FORMATION('',$,#7264);
#7236=PRODUCT_DEFINITION_FORMATION('',$,#7265);
#7237=PRODUCT_DEFINITION_FORMATION('',$,#7266);
#7238=PRODUCT_DEFINITION_FORMATION('',$,#7267);
#7239=PRODUCT_DEFINITION_FORMATION('',$,#7268);
#7240=PRODUCT_DEFINITION_FORMATION('',$,#7269);
#7241=PRODUCT_DEFINITION_FORMATION('',$,#7270);
#7242=PRODUCT_DEFINITION_FORMATION('',$,#7271);
#7243=PRODUCT_DEFINITION_FORMATION('',$,#7272);
#7244=PRODUCT_DEFINITION_FORMATION('',$,#7273);
#7245=PRODUCT_DEFINITION_FORMATION('',$,#7274);
#7246=PRODUCT_RELATED_PRODUCT_CATEGORY('ornithopter_1','ornithopter_1',
(#7262));
#7247=PRODUCT_RELATED_PRODUCT_CATEGORY('Component1','Component1',(#7263));
#7248=PRODUCT_RELATED_PRODUCT_CATEGORY('Component2','Component2',(#7264));
#7249=PRODUCT_RELATED_PRODUCT_CATEGORY('Component3','Component3',(#7265));
#7250=PRODUCT_RELATED_PRODUCT_CATEGORY('Component4','Component4',(#7266));
#7251=PRODUCT_RELATED_PRODUCT_CATEGORY('Component5','Component5',(#7267));
#7252=PRODUCT_RELATED_PRODUCT_CATEGORY('Component5(Mirror)',
'Component5(Mirror)',(#7268));
#7253=PRODUCT_RELATED_PRODUCT_CATEGORY('Component7','Component7',(#7269));
#7254=PRODUCT_RELATED_PRODUCT_CATEGORY('Component8','Component8',(#7270));
#7255=PRODUCT_RELATED_PRODUCT_CATEGORY('Component9','Component9',(#7271));
#7256=PRODUCT_RELATED_PRODUCT_CATEGORY('Component10','Component10',(#7272));
#7257=PRODUCT_RELATED_PRODUCT_CATEGORY('Component11','Component11',(#7273));
#7258=PRODUCT_RELATED_PRODUCT_CATEGORY('Component11(Mirror)',
'Component11(Mirror)',(#7274));
#7259=APPLICATION_PROTOCOL_DEFINITION('international standard',
'automotive_design',2009,#7260);
#7260=APPLICATION_CONTEXT(
'Core Data for Automotive Mechanical Design Process');
#7261=PRODUCT_CONTEXT('part definition',#7260,'mechanical');
#7262=PRODUCT('2026-08-16-11-01-31-721','ornithopter_1',$,(#7261));
#7263=PRODUCT('2026-08-16-11-05-47-291','Component1',$,(#7261));
#7264=PRODUCT('2026-08-16-11-43-19-196','Component2',$,(#7261));
#7265=PRODUCT('2026-08-16-12-21-10-135','Component3',$,(#7261));
#7266=PRODUCT('2026-08-16-12-28-26-156','Component4',$,(#7261));
#7267=PRODUCT('2026-08-16-12-41-38-931','Component5',$,(#7261));
#7268=PRODUCT('2026-08-16-12-41-38-931_1','Component5(Mirror)',$,(#7261));
#7269=PRODUCT('2026-08-16-13-02-27-347','Component7',$,(#7261));
#7270=PRODUCT('2026-08-16-13-11-32-163','Component8',$,(#7261));
#7271=PRODUCT('2026-08-16-14-20-12-090','Component9',$,(#7261));
#7272=PRODUCT('2026-08-17-01-03-12-230','Component10',$,(#7261));
#7273=PRODUCT('2026-08-17-01-38-10-104','Component11',$,(#7261));
#7274=PRODUCT('2026-08-17-01-38-10-104_1','Component11(Mirror)',$,(#7261));
#7275=PRESENTATION_STYLE_ASSIGNMENT((#7280));
#7276=PRESENTATION_STYLE_ASSIGNMENT((#7281));
#7277=PRESENTATION_STYLE_ASSIGNMENT((#7282));
#7278=PRESENTATION_STYLE_ASSIGNMENT((#7283));
#7279=PRESENTATION_STYLE_ASSIGNMENT((#7284));
#7280=SURFACE_STYLE_USAGE(.BOTH.,#7285);
#7281=SURFACE_STYLE_USAGE(.BOTH.,#7286);
#7282=SURFACE_STYLE_USAGE(.BOTH.,#7287);
#7283=SURFACE_STYLE_USAGE(.BOTH.,#7288);
#7284=SURFACE_STYLE_USAGE(.BOTH.,#7289);
#7285=SURFACE_SIDE_STYLE('',(#7290));
#7286=SURFACE_SIDE_STYLE('',(#7291));
#7287=SURFACE_SIDE_STYLE('',(#7292));
#7288=SURFACE_SIDE_STYLE('',(#7293));
#7289=SURFACE_SIDE_STYLE('',(#7294));
#7290=SURFACE_STYLE_FILL_AREA(#7295);
#7291=SURFACE_STYLE_FILL_AREA(#7296);
#7292=SURFACE_STYLE_FILL_AREA(#7297);
#7293=SURFACE_STYLE_FILL_AREA(#7298);
#7294=SURFACE_STYLE_FILL_AREA(#7299);
#7295=FILL_AREA_STYLE('Steel - Satin',(#7300));
#7296=FILL_AREA_STYLE('Aluminum - Anodized Glossy (Blue)',(#7301));
#7297=FILL_AREA_STYLE('Aluminum - Anodized Glossy (Red)',(#7302));
#7298=FILL_AREA_STYLE('Paint - Metallic (Black)',(#7303));
#7299=FILL_AREA_STYLE('Silicone (White)',(#7304));
#7300=FILL_AREA_STYLE_COLOUR('Steel - Satin',#7305);
#7301=FILL_AREA_STYLE_COLOUR('Aluminum - Anodized Glossy (Blue)',#7306);
#7302=FILL_AREA_STYLE_COLOUR('Aluminum - Anodized Glossy (Red)',#7307);
#7303=FILL_AREA_STYLE_COLOUR('Paint - Metallic (Black)',#7308);
#7304=FILL_AREA_STYLE_COLOUR('Silicone (White)',#7309);
#7305=COLOUR_RGB('Steel - Satin',0.627450980392157,0.627450980392157,0.627450980392157);
#7306=COLOUR_RGB('Aluminum - Anodized Glossy (Blue)',0.349019607843137,
0.584313725490196,0.854901960784314);
#7307=COLOUR_RGB('Aluminum - Anodized Glossy (Red)',0.854901960784314,0.349019607843137,
0.349019607843137);
#7308=COLOUR_RGB('Paint - Metallic (Black)',0.0980392156862745,0.0980392156862745,
0.0980392156862745);
#7309=COLOUR_RGB('Silicone (White)',0.964705882352941,0.964705882352941,
0.952941176470588);
ENDSEC;
END-ISO-10303-21;
